INSERT INTO `AUDIT_LOG` VALUES ('8a4d928133981f290133b8b8df4b5c11','2011-11-18 22:08:03','8a4d92813288eec4013288f9e5a60001',NULL,NULL,NULL,NULL,NULL,NULL,NULL),('8a4d92b23512a4020135533e5edb6e37','2012-02-06 15:18:10','8a4d92813288eec4013288f9e5a60001',NULL,NULL,NULL,NULL,NULL,NULL,NULL);
INSERT INTO `USER` VALUES ('8a4d928133981f290133b8b8df4b5c10','William','K','Thompson','wkt@northwestern.edu','312-503-6400','Senior Research Associate',NULL,'2011-11-18','2012-02-23 21:56:32',NULL,NULL,'1','8a4d928133981f290133b8b8df4b5c11','3','Northwestern University','2.16.840.1.113883.3.1427','2.16.840.1.113883.3.1427'),('8a4d92b23512a4020135533e5edb6e36','Luke','','Rasmussen','luke.rasmussen@northwestern.edu','312-503-2823','Systems Analyst/Programmer Senio',NULL,'2012-02-06','2012-02-22 20:00:55',NULL,NULL,'1','8a4d92b23512a4020135533e5edb6e37','3','Northwestern University','2.16.840.1.113883.3.1427','2.16.840.1.113883');
INSERT INTO `USER_PASSWORD` VALUES ('8a4d92b23512a4020135533e5edb6e38','8a4d92b23512a4020135533e5edb6e36',1,0,'7fb17ef6a694155841e3ff803b63aa8d','bc5e2c6c-38b4-48e9-9ecf-7c92e9a89ad5',0,'2012-02-07','2012-02-21 20:41:54',0),('8a4d928133981f290133b8b8df4b5c12','8a4d928133981f290133b8b8df4b5c10',1,0,'d411616257d0de5be7ceead89c0e2028','6b58ed78-1122-4c85-9dec-5ee1a62a72ed',0,'2011-11-18','2012-02-20 22:18:09',0);
INSERT INTO `USER_SECURITY_QUESTIONS` VALUES ('8a4d928133981f290133b8b8df4b5c10',0,'What is your father\'s middle name?','Benjamin'),('8a4d928133981f290133b8b8df4b5c10',1,'In what city were you born?','Peoria'),('8a4d928133981f290133b8b8df4b5c10',2,'What is the name of the company of your first job?','Motorola'),('8a4d92b23512a4020135533e5edb6e36',0,'What is your father\'s middle name?','Paul'),('8a4d92b23512a4020135533e5edb6e36',1,'In what city were you born?','Rhinelander'),('8a4d92b23512a4020135533e5edb6e36',2,'What is the name of the company of your first job?','Hardee\'s');

INSERT INTO MEASURE VALUES ('8a4d928133981f290133b8dbc0b05c13','8a4d928133981f290133b8b8df4b5c10','tm','test measure',NULL,NULL,NULL,NULL,'Proportion','9a0301be-3d9b-11e1-8634-00237d5bf174',NULL,1,0.000,NULL),('8a4d92813429435b013442ba799b0626','8a4d928133981f290133b8b8df4b5c10','PADwABI','Peripheral Arterial Disease with ABI',NULL,NULL,NULL,NULL,'Proportion','9a031f1e-3d9b-11e1-8634-00237d5bf174',NULL,1,0.000,NULL),('8a4d92813448700d0134488d3c20008b','8a4d928133981f290133b8b8df4b5c10','Asthma','Asthma Drug Therapy',NULL,NULL,NULL,NULL,'Continuous Variable','9a0320ae-3d9b-11e1-8634-00237d5bf174',NULL,1,0.000,NULL),('8a4d92b23512a40201355394d05870dc','8a4d92b23512a4020135533e5edb6e36','TestNU-LVR20120206','Test NU Measure','InProgress','2012-02-08 15:34:08',NULL,NULL,'Ratio','33b94e27-cf45-4092-9ddc-1d9259d8486c',NULL,1,0.000,'2012-02-09 05:59:59'),('8a4d92b23512a4020135592a69860960','8a4d92b23512a4020135533e5edb6e36','eMERGE C. diff - Cases','Clostridium Difficile (C. diff) Phenotype Algorithm - Cases','InProgress','2012-02-09 03:46:18',NULL,NULL,'Continuous Variable','d331e926-fd70-43eb-95fd-ae1949c20af7',NULL,1,0.000,'2012-02-08 05:59:59'),('8a4d92b2356da09e01359c679bf60113','8a4d92b23512a4020135533e5edb6e36','eMERGE C. diff (v2)','eMERGE Clostridium Difficile (C. diff) Phenotype Algorithm (v2)','InProgress','2012-02-20 20:49:26',NULL,NULL,'Continuous Variable','9bf6cb01-123d-4ed1-836f-f5f1b6e652d8',NULL,1,0.000,'2012-02-21 05:59:59'),('8a4d92b2356da09e0135a6c2d1802b84','8a4d92b23512a4020135533e5edb6e36','Test','Test Measure',NULL,NULL,NULL,NULL,'Continuous Variable','25389332-be90-4a86-9d3e-84d310fb5a29',NULL,1,0.000,NULL);
INSERT INTO MEASURE_EXPORT VALUES ('8a4d92b23512a402013553a0109173a3','8a4d92b23512a40201355394d05870dc','<?xml version=\"1.0\" encoding=\"ISO-8859-1\"?>\n<measure>\n     <headers>\n          <uuid>\n      8a4d92b2-3512-a402-0135-5394d05870dc\n    </uuid>\n          <title>\n      Test NU Measure\n    </title>\n          <period uuid=\"dc46f6f6-cb17-46be-b35b-04aeef33eeb6\">\n               <startdate uuid=\"244d156f-774a-489f-9f1d-c1c75030abe9\">\n        20120101\n      </startdate>\n               <stopdate uuid=\"0ca91e20-9e83-4706-a2a0-8f3139b647cc\">\n        20121231\n      </stopdate>\n          </period>\n          <description>\n      Test measure - please disregard.\n    </description>\n          <copyright>\n      n/a\n    </copyright>\n          <setid>\n      33b94e27-cf45-4092-9ddc-1d9259d8486c\n    </setid>\n          <status>\n      InProgress\n    </status>\n          <authors>\n               <author id=\"c592772b-9932-46c1-b94e-42615ebd92ba\">\n        Test\n      </author>\n          </authors>\n          <custodian id=\"8b44d1d0-76f4-4668-9a74-61464ad55a8f\">\n      Northwestern University\n    </custodian>\n          <verifiers>\n               <verifier>\n        None\n      </verifier>\n          </verifiers>\n          <scores>\n               <score id=\"RATIO\">\n        Ratio\n      </score>\n          </scores>\n          <types>\n               <type id=\"OUTCOME\">\n        Outcome\n      </type>\n          </types>\n          <stratification>\n      n/a\n    </stratification>\n          <guidance>\n      n/a\n    </guidance>\n          <transmissionFormat>\n      n/a\n    </transmissionFormat>\n          <rationales>\n               <rationale>\n        n/a\n      </rationale>\n          </rationales>\n          <recommendations>\n               <recommendation>\n        n/a\n      </recommendation>\n          </recommendations>\n          <references>\n               <reference>\n        n/a\n      </reference>\n          </references>\n          <improvementNotation>\n      n/a\n    </improvementNotation>\n          <definitions>\n               <definition>\n        n/a\n      </definition>\n          </definitions>\n          <qualityMeasureSet uuid=\"e85944bf-9f06-401e-9009-b84d391109a7\">\n      n/a\n    </qualityMeasureSet>\n          <supplementalData>\n      n/a\n    </supplementalData>\n          <disclaimer>\n      DO NOT USE THIS MEASURE - this was created solely for testing purposes\n    </disclaimer>\n          <riskAdjustment>\n      n/a\n    </riskAdjustment>\n          <aggregation>\n      n/a\n    </aggregation>\n          <initialPatientPopDescription>\n      n/a\n    </initialPatientPopDescription>\n          <denominatorExclusionsDescription>\n      n/a\n    </denominatorExclusionsDescription>\n          <numeratorDescription>\n      n/a\n    </numeratorDescription>\n          <numeratorExclusionsDescription>\n      n/a\n    </numeratorExclusionsDescription>\n          <denominatorExceptionsDescription>\n      n/a\n    </denominatorExceptionsDescription>\n          <measurePopulationDescription>\n      n/a\n    </measurePopulationDescription>\n          <measureObservationsDescription>\n      n/a\n    </measureObservationsDescription>\n          <denominatorDescription>\n      n/a\n    </denominatorDescription>\n          <nqfid root=\"2.16.840.1.113883.3.560.1\" extension=\"NU-LVR-20120206\"/>\n     \r\n<version>0</version>\r\n</headers>\n     <elementlookup>\n          <qdsel id=\"1677\" codesystemname=\"HL7\" codesystem=\"2.16.840.1.113883.3.1427\" oid=\"2.16.840.1.113883.1.11.1\" name=\"Gender\" uuid=\"c5c0de36-dc0a-44c5-bd50-2756c4a5d95b\" datatype=\"Patient Characteristic\" taxonomy=\"HL7 (2.16.840.1.113883.5.1)\"/>\n          <qdsel id=\"1678\" codesystemname=\"CDC NCHS\" codesystem=\"2.16.840.1.113883.3.1427\" oid=\"2.16.840.1.114222.4.11.836\" name=\"Race\" uuid=\"6b053e7e-e426-4294-b925-266cb93396d9\" datatype=\"Patient Characteristic\" taxonomy=\"CDC\"/>\n          <qdsel id=\"1679\" codesystemname=\"CDC NCHS\" codesystem=\"2.16.840.1.113883.3.1427\" oid=\"2.16.840.1.114222.4.11.837\" name=\"Ethnicity\" uuid=\"fff2f089-d5b0-4798-ae4b-7c18ab5b866d\" datatype=\"Patient Characteristic\" taxonomy=\"CDC\"/>\n          <qdsel id=\"1680\" codesystemname=\"PHDSC\" codesystem=\"2.16.840.1.113883.3.1427\" oid=\"2.16.840.1.113883.221.5\" name=\"Payer\" uuid=\"950afb8f-1000-4def-b4fc-6f0268e97336\" datatype=\"Patient Characteristic\" taxonomy=\"Source of Payment Typology\"/>\n          <qdsel id=\"1681\" codesystemname=\"National Quality Forum\" codesystem=\"2.16.840.1.113883.3.1427\" oid=\"2.16.840.1.113883.3.560.100.2\" name=\"Administrative Gender Female\" uuid=\"eff280a2-e96f-47ec-9191-9ddb27eb8a1e\" datatype=\"Patient Characteristic\" taxonomy=\"HL7 (2.16.840.1.113883.5.1)\"/>\n          <qdsel id=\"1682\" codesystemname=\"National Quality Forum\" codesystem=\"2.16.840.1.113883.3.1427\" oid=\"2.16.840.1.113883.3.560.100.1\" name=\"Administrative Gender Male\" uuid=\"209e4bc5-f0cc-4d0b-ab99-acb81093325f\" datatype=\"Patient Characteristic\" taxonomy=\"HL7 (2.16.840.1.113883.5.1)\"/>\n          <qdsel id=\"1731\" codesystemname=\"Northwestern University\" codesystem=\"2.16.840.1.113883.3.1427\" oid=\"2.16.840.1.113883.299\" name=\"Clostridium difficile\" uuid=\"40714121-a96f-4d49-9b43-0494dc7bf971\" datatype=\"Diagnosis, Active\" taxonomy=\"ICD-9\"/>\n     </elementlookup>\n     <numerator uuid=\"11C5A7CE-74C3-4D97-A059-6885A77E171C\">\n          <and>\n               <qdsel id=\"1682\"/>\n          </and>\n          <attachments>\n               <attachment uuid=\"A7B2B6FE-1E6F-4C11-BD92-FA1217CE94A6\" title=\"Denominator 1\" clause=\"TestNU-LVR20120206_Denominator1\"/>\n          </attachments>\n     </numerator>\n     <denominator uuid=\"A7B2B6FE-1E6F-4C11-BD92-FA1217CE94A6\">\n          <and>\n               <qdsel id=\"1681\"/>\n               <qdsel id=\"1682\"/>\n          </and>\n          <attachments>\n               <attachment uuid=\"BECE48C7-FC9E-4D48-A521-2015430EBE61\" title=\"Initial Patient Population\" clause=\"TestNU-LVR20120206_Population2\"/>\n          </attachments>\n     </denominator>\n     <population uuid=\"BECE48C7-FC9E-4D48-A521-2015430EBE61\">\n          <and>\n               <qdsel id=\"1731\"/>\n          </and>\n     </population>\n     <stratification uuid=\"EF86ACDC-91F0-4B62-9BBE-72129914D916\">\n          <and/>\n     </stratification>\n     <supplementalDataElements>\n          <qdsel id=\"1677\" codesystemname=\"HL7\" codesystem=\"2.16.840.1.113883.3.1427\" oid=\"2.16.840.1.113883.1.11.1\" name=\"Gender\" uuid=\"b7f753e0-2122-4301-9bc7-4b01fc8f41cd\" datatype=\"Patient Characteristic\" taxonomy=\"HL7 (2.16.840.1.113883.5.1)\"/>\n          <qdsel id=\"1678\" codesystemname=\"CDC NCHS\" codesystem=\"2.16.840.1.113883.3.1427\" oid=\"2.16.840.1.114222.4.11.836\" name=\"Race\" uuid=\"e682185d-24e5-4df1-9717-ddf4c10af6bb\" datatype=\"Patient Characteristic\" taxonomy=\"CDC\"/>\n          <qdsel id=\"1679\" codesystemname=\"CDC NCHS\" codesystem=\"2.16.840.1.113883.3.1427\" oid=\"2.16.840.1.114222.4.11.837\" name=\"Ethnicity\" uuid=\"e214d85b-f1ef-4db5-8a95-ec8be1b65ad8\" datatype=\"Patient Characteristic\" taxonomy=\"CDC\"/>\n          <qdsel id=\"1680\" codesystemname=\"PHDSC\" codesystem=\"2.16.840.1.113883.3.1427\" oid=\"2.16.840.1.113883.221.5\" name=\"Payer\" uuid=\"53a4726a-dd16-4243-8463-63f6c1df94e8\" datatype=\"Patient Characteristic\" taxonomy=\"Source of Payment Typology\"/>\n     </supplementalDataElements>\n</measure>','ĞÏà¡±\Zá\0\0\0\0\0\0\0\0\0\0\0\0\0\0\0\0;\0\0şÿ	\0\0\0\0\0\0\0\0\0\0\0\0\0\0\0D\0\0\0\0\0\0\0\0\0\0F\0\0\0\0\0\0şÿÿÿ\0\0\0\0G\0\0\0ÿÿÿÿÿÿÿÿÿÿÿÿÿÿÿÿÿÿÿÿÿÿÿÿÿÿÿÿÿÿÿÿÿÿÿÿÿÿÿÿÿÿÿÿÿÿÿÿÿÿÿÿÿÿÿÿÿÿÿÿÿÿÿÿÿÿÿÿÿÿÿÿÿÿÿÿÿÿÿÿÿÿÿÿÿÿÿÿÿÿÿÿÿÿÿÿÿÿÿÿÿÿÿÿÿÿÿÿÿÿÿÿÿÿÿÿÿÿÿÿÿÿÿÿÿÿÿÿÿÿÿÿÿÿÿÿÿÿÿÿÿÿÿÿÿÿÿÿÿÿÿÿÿÿÿÿÿÿÿÿÿÿÿÿÿÿÿÿÿÿÿÿÿÿÿÿÿÿÿÿÿÿÿÿÿÿÿÿÿÿÿÿÿÿÿÿÿÿÿÿÿÿÿÿÿÿÿÿÿÿÿÿÿÿÿÿÿÿÿÿÿÿÿÿÿÿÿÿÿÿÿÿÿÿÿÿÿÿÿÿÿÿÿÿÿÿÿÿÿÿÿÿÿÿÿÿÿÿÿÿÿÿÿÿÿÿÿÿÿÿÿÿÿÿÿÿÿÿÿÿÿÿÿÿÿÿÿÿÿÿÿÿÿÿÿÿÿÿÿÿÿÿÿÿÿÿÿÿÿÿÿÿÿÿÿÿÿÿÿÿÿÿÿÿÿÿÿÿÿÿÿÿÿÿÿÿÿÿÿÿÿÿÿÿÿÿÿÿÿÿÿÿÿÿÿÿÿÿÿÿÿÿÿÿÿÿÿÿÿÿÿÿÿÿÿÿÿÿÿÿÿÿÿÿÿÿÿÿÿÿÿÿÿÿÿÿÿÿÿÿÿÿÿÿÿÿÿÿÿÿÿÿÿÿÿÿÿÿÿÿÿÿÿÿÿÿÿÿÿÿÿÿ	\0\0\0ÓÌA\0\0\0\0\0\0á\0\0°Á\0\0\0\0â\0\0\0\\\0p\0	\0\0glassfish                                                                                                    B\0\0°a\0\0\0=\0\0\0\0\0?\0\0\0\0\0\0\0\0\0\0\0\0\0\0\0¯\0\0\0¼\0\0\0=\0\0h\\:¾#8\0\0\0\0\0\0X@\0\0\0\0\0\0\0\0\"\0\0\0\0\0\0\0·\0\0\0Ú\0\0\0\01\0\0È\0\0\0ÿ\0\0\0\0\0\0\0Arial1\0\0È\0\0\0ÿ\0\0\0\0\0\0\0Arial1\0\0È\0\0\0ÿ\0\0\0\0\0\0\0Arial1\0\0È\0\0\0ÿ\0\0\0\0\0\0\0Arial1\0\0È\0\0\0\0¼\0\0\0\0\0\0\0Arial1\0\0È\0\0\0\0¼\0\0\0\0\0\0\0Arial\Z\0\0\0\0\"$\"#,##0_);(\"$\"#,##0)\0\0\Z\0\0\"$\"#,##0_);[Red](\"$\"#,##0) \0\0\0\0\"$\"#,##0.00_);(\"$\"#,##0.00)%\0\0 \0\0\"$\"#,##0.00_);[Red](\"$\"#,##0.00),\0*\0\'\0\0_(* #,##0_);_(* (#,##0);_(* \"-\"_);_(@_)5\0)\00\0\0_(\"$\"* #,##0_);_(\"$\"* (#,##0);_(\"$\"* \"-\"_);_(@_)4\0,\0/\0\0_(* #,##0.00_);_(* (#,##0.00);_(* \"-\"??_);_(@_)=\0+\08\0\0_(\"$\"* #,##0.00_);_(\"$\"* (#,##0.00);_(\"$\"* \"-\"??_);_(@_)à\0\0\0\0\0\0õÿ \0\0\0\0\0\0\0\0\0\0\0À à\0\0\0\0\0õÿ \0\0ô\0\0\0\0\0\0\0\0À à\0\0\0\0\0õÿ \0\0ô\0\0\0\0\0\0\0\0À à\0\0\0\0\0õÿ \0\0ô\0\0\0\0\0\0\0\0À à\0\0\0\0\0õÿ \0\0ô\0\0\0\0\0\0\0\0À à\0\0\0\0\0\0õÿ \0\0ô\0\0\0\0\0\0\0\0À à\0\0\0\0\0\0õÿ \0\0ô\0\0\0\0\0\0\0\0À à\0\0\0\0\0\0õÿ \0\0ô\0\0\0\0\0\0\0\0À à\0\0\0\0\0\0õÿ \0\0ô\0\0\0\0\0\0\0\0À à\0\0\0\0\0\0õÿ \0\0ô\0\0\0\0\0\0\0\0À à\0\0\0\0\0\0õÿ \0\0ô\0\0\0\0\0\0\0\0À à\0\0\0\0\0\0õÿ \0\0ô\0\0\0\0\0\0\0\0À à\0\0\0\0\0\0õÿ \0\0ô\0\0\0\0\0\0\0\0À à\0\0\0\0\0\0õÿ \0\0ô\0\0\0\0\0\0\0\0À à\0\0\0\0\0\0õÿ \0\0ô\0\0\0\0\0\0\0\0À à\0\0\0\0\0\0\0 \0\0\0\0\0\0\0\0\0\0\0À à\0\0\0+\0õÿ \0\0ø\0\0\0\0\0\0\0\0À à\0\0\0)\0õÿ \0\0ø\0\0\0\0\0\0\0\0À à\0\0\0,\0õÿ \0\0ø\0\0\0\0\0\0\0\0À à\0\0\0*\0õÿ \0\0ø\0\0\0\0\0\0\0\0À à\0\0\0	\0õÿ \0\0ø\0\0\0\0\0\0\0\0À à\0\0\0\0\0\0\0(\0\0\0\0\0\0À à\0\0\0\0\0\0 \0\0(\0\0 à\0\0\0\0\0\0 \0\0(\0\0 ?\0?ÿ?\0?ÿ?\0?ÿ?\0?ÿ?\0\0?\0ÿ?\0?ÿ`\0\0\0?\0\0?$\0\0\0\0\n\0Disclaimer?\0\Z\0È%\0\0\0\0\0TestNU-LVR20120206?\0\0±)\0\0\0\0\0Supplemental Value Sets?\0\0\0\0®\0\0\0\0\0\0\0\0\0\0\0\0\0\0\0\0\0\0\0\00\0\0\0\0\Z\0\0\0\0\0\0\0\0\0\0MeasureOrCodeListDeveloper:\0\0\0\0\0\0!\0\0\0\0\0\0\0\0\0\0\0\0\0\0StandardOID:\0\0\0\0\0\"\0\0\0\0\0\0\0\0\0\0\0\0\0\0LastModified:\0\0\0\0\0%\0\0\0\0\0\0\0\0\0\0\0\0\0\0StandardConcept:\0\0\0\0\0&\0\0\0\0\0\0\0\0\0\0\0\0\0\0StandardCategory:\0\0\0\0\0&\0\0\0\0\0\0\0\0\0\0\0\0\0\0StandardTaxonomy:\0\0\0\0\0-\0\0\0\0\0\0\0\0\0\0\0\0\0\0StandardTaxonomyVersion:\0\0\0\0\0\Z\0\0\0\0\0\0\0\0\0\0\0\0\0\0Code:\0\0\0\0\0 \0\0\0\0\n\0\0\0\0\0\0\0\0\0\0Descriptor:\0\0\0\0ü\0?ª\0\0b\0\0?\0The codes that you are exporting directly reflect the codes you entered into the Measure Authoring Tool.  These codes may be owned by a third party and subject to copyright or other intellectual property restrictions.  Use of these codes may require permission from the code owner or agreement to a license.  It is your responsibility to ensure that your use of any third party code is permissible and that you have fulfilled any notice or license requirements imposed by the code owner.  Use of the Measure Authoring Tool does not confer any rights on you with respect to these codes other than those codes that may be available from the code owner.\0\0Value Set Developer\r\0\0Value Set OID\r\0\0Last Modified\0\0Value Set Name\0\0QDM Category\0\0Code System\0\0Code System Version\0\0Code\n\0\0Descriptor\0\0National Quality Forum\0\02.16.840.1.113883.3.560.100.1\0\007/27/2011 10:47 AM\Z\0\0Administrative Gender Male\0\0Individual Characteristic\0\0HL7 (2.16.840.1.113883.5.1)\0\0v3\0\0M\0\0Male\0\02.16.840.1.113883.3.560.100.2\0\0Administrative Gender Female\0\0F\0\0Female\0\0Northwestern University\0\02.16.840.1.113883.299\0\002/07/2012 08:01 AM\0\0Clostridium difficile\0\0Condition/Diagnosis/Problem\0\0ICD-9\0\02012\0\0008.451\0\0Intestinal infection due to Clostridium difficile\0\0HL7\0\02.16.840.1.113883.1.11.1\0\0Gender\r\0\01062-20101110\0\0UN\0\0Undifferentiated\0\0PHDSC\0\02.16.840.1.113883.221.5\0\010/01/2011 12:00 AM\0\0Payer\Z\0\0Source of Payment Typology\0\04.0\0\01\0\0MEDICARE\0\02\0\0MEDICAID\0\03L\0\0OTHER GOVERNMENT (Federal/State/Local) (excluding Department of Corrections)\0\04\Z\0\0DEPARTMENTS OF CORRECTIONS\0\05\0\0PRIVATE HEALTH INSURANCE\0\06\0\0BLUE CROSS/BLUE SHIELD\0\07X\0\0MANAGED CARE, UNSPECIFIED(to be used only if one can\'t distinguish public  from private)\0\08C\0\0NO PAYMENT from an Organization/Agency/Program/Private Payer Listed\0\09\0\0MISCELLANEOUS/OTHER\0\011\0\0Medicare (Managed Care)\0\012\0\0Medicare (Non-managed Care)\0\019\0\0Medicare Other\0\021\0\0Medicaid (Managed Care)\0\022 \0\0Medicaid (Non-managed Care Plan)\0\023\0\0Medicaid/SCHIP\0\024\0\0Medicaid Applicant\0\025\0\0Medicaid - Out of State\0\029\0\0Medicaid Other\0\031\0\0Department of Defense\0\032\0\0Department of Veterans Affairs\0\033\0\0Indian Health Service or Tribe\0\034\0\0HRSA Program\0\035\n\0\0Black Lung\0\036\0\0State Government\0\037\0\0Local Government\0\0386\0\0Other Government (Federal, State, Local not specified)\0\039\r\0\0Other Federal\0\041\0\0Corrections Federal\0\042\0\0Corrections State\0\043\0\0Corrections Local\0\044\0\0Corrections Unknown Level\0\051\0\0Managed Care (Private)\0\052$\0\0Private Health Insurance - Indemnity\0\053W\0\0Managed Care (private) or private health insurance (indemnity), not otherwise specified\0\054\0\0Organized Delivery System\0\055\0\0Small Employer Purchasing Group\0\059\0\0Other Private Insurance\0\061\0\0BC Managed Care\0\062\0\0BC Indemnity\0\063-\0\0BC (Indemnity or Managed Care) - Out of State\0\064,\0\0BC (Indemnity or Managed Care) - Unspecified\0\069&\0\0BC (Indemnity or Managed Care) - Other\0\071\0\0HMO\0\072\0\0PPO\0\073\0\0POS\0\0790\0\0Other Managed Care, Unknown if public or private\0\081\0\0Self-pay\0\082	\0\0No Charge\0\083\0\0Refusal to Pay/Bad Debt\0\084\0\0Hill Burton Free Care\0\085\0\0Research/Donor\0\089\0\0No Payment, Other\0\091\0\0Foreign National\0\092\0\0Other (Non-government)\0\093\0\0Disability Insurance\0\094\0\0Long-term Care Insurance\0\095\0\0Worker\'s Compensation\0\096\0\0Auto Insurance (no fault)\0\0985\0\0Other specified (includes Hospice - Unspecified plan)\0\099-\0\0No Typology Code available for payment source\0\0111\0\0Medicare HMO\0\0112\0\0Medicare PPO\0\0113\0\0Medicare POS\0\0119\0\0Medicare Managed Care Other\0\0121\0\0Medicare FFS\0\0122\0\0Drug Benefit\0\0123&\0\0Medicare Medical Savings Account (MSA)\0\0129\0\0Medicare Non-managed Care Other\0\0211\0\0Medicaid HMO\0\0212\0\0Medicaid PPO\0\0213,\0\0Medicaid PCCM (Primary Care Case Management)\0\0219\0\0Medicaid Managed Care Other\0\0311\0\0TRICARE (CHAMPUS)\0\0312\0\0Military Treatment Facility\0\0313\0\0Dental --Stand Alone\0\0321\'\0\0Veteran care--Care provided to Veterans\0\0322\0\0Non-veteran care\0\0331\0\0Indian Health Service - Regular\0\0332 \0\0Indian Health Service - Contract\0\0333$\0\0Indian Health Service - Managed Care\0\0334!\0\0Indian Tribe - Sponsored Coverage\0\0341\0\0Title V (MCH Block Grant)\0\0342\0\0Migrant Health Program\0\0343\0\0Ryan White Act\0\0349\0\0Other\0\03611\0\0State SCHIP program (codes for individual states)\0\0362*\0\0Specific state programs (list/ local code)\0\0369,\0\0State, not otherwise specified (other state)\0\0371\0\0Local - Managed care\0\0372\r\0\0FFS/Indemnity\0\03794\0\0Local, not otherwise specified (other local, county)\0\03810\0\0Federal, State, Local not specified managed care\0\0382)\0\0Federal, State, Local not specified - FFS\0\0389+\0\0Federal, State, Local not specified - Other\0\0511\0\0Commercial Managed Care - HMO\0\0512\0\0Commercial Managed Care - PPO\0\0513\0\0Commercial Managed Care - POS\0\0514 \0\0Exclusive  Provider Organization\0\0515\0\0Gatekeeper PPO (GPPO)\0\0519\0\0Managed Care, Other (non HMO)\0\0521\0\0Commercial Indemnity\0\0522<\0\0Self-insured (ERISA) Administrative Services Only (ASO) plan\0\0523.\0\0Medicare supplemental policy (as second payer)\0\05293\0P\0r\0i\0v\0a\0t\0e\0 \0h\0e\0a\0l\0t\0h\0 \0i\0n\0s\0u\0r\0a\0n\0c\0e\0 o\0t\0h\0e\0r\0 \0c\0o\0m\0m\0e\0r\0c\0i\0a\0l\0 \0I\0n\0d\0e\0m\0n\0i\0t\0y\0\0\0611\0\0BC Managed Care - HMO\0\0612\0\0BC Managed Care - PPO\0\0613\0\0BC Managed Care - POS\0\0619\0\0BC Managed Care - Other\0\0821\0\0Charity\0\0822\0\0Professional Courtesy\0\0823\0\0Hispanic or Latino\0\0951\0\0Worker\'s Comp HMO\0\0953\0\0Worker\'s Comp Fee-for-Service\0\0954 \0\0Worker\'s Comp Other Managed Care\0\0959 \0\0Worker\'s Comp, Other unspecified\0\03111\0\0TRICARE  Prime--HMO\0\03112\0\0TRICARE  Extra--PPO\0\03113\"\0\0TRICARE Standard - Fee For Service\0\03114%\0\0TRICARE For Life--Medicare Supplement\0\03115\0\0TRICARE Reserve Select\0\031164\0\0Uniformed Services Family Health Plan (USFHP) -- HMO\0\03119 \0\0Department of Defense -  (other)\0\03121\0\0Enrolled Prime--HMO\0\03122\0\0Non-enrolled Space Available\0\03123\0\0TRICARE For Life (TFL)\0\03211+\0\0Direct Care--Care provided in VA facilities\0\032122\0\0Indirect Care--Care provided outside VA facilities\0\032218\0\0Civilian Health and Medical Program for the VA (CHAMPVA)\0\03222%\0\0Spina Bifida Health Care Program (SB)\0\03223)\0\0Children of Women Vietnam Veterans (CWVV)\0\03229\0\0Other non-veteran care\0\03711\0\03712\0\03713\0\03811)\0\0Federal, State, Local not specified - HMO\0\03812)\0\0Federal, State, Local not specified - PPO\0\03813)\0\0Federal, State, Local not specified - POS\0\03819@\0\0Federal, State, Local not specified - not specified managed care\0\09999\0\0Unavailable / Unknown\0\032121	\0\0Fee Basis\0\032122(\0\0Foreign Fee/Foreign Medical Program(FMP)\0\032123,\0\0Contract Nursing Home/Community Nursing Home\0\032124\0\0State Veterans Home\0\032125\0\0Sharing Agreements\0\032126\0\0Other Federal Agency\0\0CDC NCHS\Z\0\02.16.840.1.114222.4.11.836\0\003/30/2007 12:00 AM\0\0Race\0\0CDC\0\01.0\0\01002-5 \0\0American Indian or Alaska Native\0\02028-9\0\0Asian\0\02054-5\0\0Black or African American\0\02076-8)\0\0Native Hawaiian or Other Pacific Islander\0\02106-3\0\0White\0\02131-1\n\0\0Other Race\Z\0\02.16.840.1.114222.4.11.837	\0\0Ethnicity\0\02135-2\0\02186-5\0\0Not Hispanic or Latinoÿ\0j\0?\0\0\0\0\0?\n\0\0\0\0C\0\0Í\0\0¹\0\0C\0\0i\0\0ó\0\0İ\0\0g\0\0<\r\0\0Æ\0\0ì\r\0\0v\0\0Î\0\0X\0\0N\0\0Ø\0\0³\0\0=\0\00\0\0º\0\0°\0\0:	\0\0\0\0?	\0\0Ü\0\0f\n\0\0Z\0\0ä\n\0\0\0\0\0\0^\0\0è\0\0»\0\0E\0\0 \0\0ª\0\0?\0\0$\r\0\06\0\0À\r\0\0?\0\0#\0\0\Z\0\0¤\0\0±\0\0;\0\0?\0\0É\0\0á\0\0k\0\0_\0\0é\0\0ú\0\0?\0\0Ö\0\0`\0\0q\Z\0\0û\0\0\0\0¡\0\0ù\0\0?\0\0e\0\0ï\0\0é\0\0s\0\0x\0\0\0\0/\0\0¹\0\0Ç\0\0Q\0\0§\0\01\0\0 \0\0 \0\0æ \0\0p\0\0?!\0\0\Z\0\0\"\0\0?\Z\0\0r\"\0\0ü\Z\0\0÷\"\0\0\0\0\n\0\0\0	\0\0\0»\rÌÁ\0\0\0\0\0\0\0\0\0\0\0\0\0\0\0\0\0\0\0\0\0\0?%\0\0\r\0\0\0\0\0d\0\0\0\0\0\0\0\0\0\0ü©ñÒMbP?_\0\0\0*\0\0\0\0+\0\0\0\0?\0\0\0?\0\0\0\0\0\0\0\0\0\0%\0\0\0ÿ\0\0\0Á\0\0\0\0\0\0?\0\0\0\0?\0\0\0\0¡\0\"\0\0d\0\0\0\0\0,,\0\0\0\0\0\0à?\0\0\0\0\0\0à?\0U\0\0\0}\0\0\0\0\0\0\0K\0\0\0\0\0\0\0\0\0\0\0\0\0\0\0\0\0\0\0\0\0\0\0ÿ\0\0\0\0\0\0\0ı\0\n\0\0\0\0\0\0\0\0\0\0×\0\0\"\0\0\0\0\0>\0¶\0\0\0\0@\0\0\0\0\0\0\0\0\0\0\0\0\0\0\0\0\0\0\0\0\0\0\0\0\0\0\n\0\0\0	\0\0\0»\rÌÁ\0\0\0\0\0\0\0\0\0\0\0\0\0\0\0\0\0\0\0\0\0\0t)\0\0\r\0\0\0\0\0d\0\0\0\0\0\0\0\0\0\0ü©ñÒMbP?_\0\0\0*\0\0\0\0+\0\0\0\0?\0\0\0?\0\0\0\0\0\0\0\0\0\0%\0\0\0ÿ\0\0\0Á\0\0\0\0\0\0?\0\0\0\0?\0\0\0\0¡\0\"\0\0d\0\0\0\0\0,,\0\0\0\0\0\0à?\0\0\0\0\0\0à?\0U\0\0\0}\0\0\0\0\0\0\0\0\0}\0\0\0\0U\0\0\0}\0\0\0\0ã\0\0\0}\0\0\0\0j\Z\0\0\0}\0\0\0\0ê\0\0\0}\0\0\0\0ñ\0\0\0}\0\0\0\0í\0\0\0}\0\0\0\0¬\0\0\0}\0\0\0\0È&\0\0\0\0\0\0\0\0\0\0\0\0\0\0	\0\0\0\0\0\0\0\0	\0ÿ\0\0\0\0\0\0\0\0\0\0\0	\0ÿ\0\0\0\0\0\0\0\0\0\0\0	\0ÿ\0\0\0\0\0\0\0\0\0\0\0	\0ÿ\0\0\0\0\0\0\0ı\0\n\0\0\0\0\0\0\0\0\0ı\0\n\0\0\0\0\0\0\0\0ı\0\n\0\0\0\0\0\0\0\0ı\0\n\0\0\0\0\0\0\0\0ı\0\n\0\0\0\0\0\0\0\0ı\0\n\0\0\0\0\0\0\0\0ı\0\n\0\0\0\0\0\0\0\0ı\0\n\0\0\0\0\0\0\0\0ı\0\n\0\0\0\0\0	\0\0\0ı\0\n\0\0\0\0\0\n\0\0\0ı\0\n\0\0\0\0\0\0\0ı\0\n\0\0\0\0\0\0\0ı\0\n\0\0\0\0\r\0\0\0ı\0\n\0\0\0\0\0\0\0ı\0\n\0\0\0\0\0\0\0ı\0\n\0\0\0\0\0\0\0ı\0\n\0\0\0\0\0\0\0ı\0\n\0\0\0\0\0\0\0ı\0\n\0\0\0\0\0\n\0\0\0ı\0\n\0\0\0\0\0\0\0ı\0\n\0\0\0\0\0\0\0ı\0\n\0\0\0\0\0\0\0ı\0\n\0\0\0\0\0\0\0ı\0\n\0\0\0\0\0\0\0ı\0\n\0\0\0\0\0\0\0ı\0\n\0\0\0\0\0\0\0ı\0\n\0\0\0\0\0\0\0ı\0\n\0\0\0\0\0\0\0\0ı\0\n\0\0\0\0\0\0\0ı\0\n\0\0\0\0\0\0\0ı\0\n\0\0\0\0\Z\0\0\0ı\0\n\0\0\0\0\0\0\0ı\0\n\0\0\0\0\0\0\0ı\0\n\0\0\0\0\0\0\0ı\0\n\0\0\0\0\0\0\0ı\0\n\0\0\0\0\0\0\0×\0\0H\0\0<\0~\0~\0~\0>\0¶\0\0\0\0\0@\0\0\0\0\0\0\0\0\0\0\0\0\0\0\0\0\0\0\0\0\0\0\0\0\0\0\n\0\0\0	\0\0\0»\rÌÁ\0\0\0\0\0\0$\0\0\0\0\0\0\0\0\0\0\0\0\0\0\0\0e=\0\0íO\0\0ub\0\0ıt\0\0Ï?\0\0\r\0\0\0\0\0d\0\0\0\0\0\0\0\0\0\0ü©ñÒMbP?_\0\0\0*\0\0\0\0+\0\0\0\0?\0\0\0?\0\0\0\0\0\0\0\0\0\0%\0\0\0ÿ\0\0\0Á\0\0\0\0\0\0?\0\0\0\0?\0\0\0\0¡\0\"\0\0d\0\0\0\0\0,,\0\0\0\0\0\0à?\0\0\0\0\0\0à?\0U\0\0\0}\0\0\0\0\0\0A\0\0\0}\0\0\0\0¯\0\0\0}\0\0\0\0ã\0\0\0}\0\0\0\0\0\0\0}\0\0\0\0\0\0\0}\0\0\0\0ñ\0\0\0}\0\0\0\0í\0\0\0}\0\0\0\0»\0\0\0}\0\0\0\0M\0\0\0\0\0\0\0\0\0\0\0\0\0\0	\0\0\0\0\0\0\0\0	\0ÿ\0\0\0\0\0\0\0\0\0\0\0	\0ÿ\0\0\0\0\0\0\0\0\0\0\0	\0ÿ\0\0\0\0\0\0\0\0\0\0\0	\0ÿ\0\0\0\0\0\0\0\0\0\0\0	\0ÿ\0\0\0\0\0\0\0\0\0\0\0	\0ÿ\0\0\0\0\0\0\0\0\0\0\0	\0ÿ\0\0\0\0\0\0\0\0\0\0\0	\0ÿ\0\0\0\0\0\0\0\0\0\0\0	\0ÿ\0\0\0\0\0\0\0\0	\0\0\0	\0ÿ\0\0\0\0\0\0\0\0\n\0\0\0	\0ÿ\0\0\0\0\0\0\0\0\0\0\0	\0ÿ\0\0\0\0\0\0\0\0\0\0\0	\0ÿ\0\0\0\0\0\0\0\0\r\0\0\0	\0ÿ\0\0\0\0\0\0\0\0\0\0\0	\0ÿ\0\0\0\0\0\0\0\0\0\0\0	\0ÿ\0\0\0\0\0\0\0\0\0\0\0	\0ÿ\0\0\0\0\0\0\0\0\0\0\0	\0ÿ\0\0\0\0\0\0\0\0\0\0\0	\0ÿ\0\0\0\0\0\0\0\0\0\0\0	\0ÿ\0\0\0\0\0\0\0\0\0\0\0	\0ÿ\0\0\0\0\0\0\0\0\0\0\0	\0ÿ\0\0\0\0\0\0\0\0\0\0\0	\0ÿ\0\0\0\0\0\0\0\0\0\0\0	\0ÿ\0\0\0\0\0\0\0\0\0\0\0	\0ÿ\0\0\0\0\0\0\0\0\0\0\0	\0ÿ\0\0\0\0\0\0\0\0\Z\0\0\0	\0ÿ\0\0\0\0\0\0\0\0\0\0\0	\0ÿ\0\0\0\0\0\0\0\0\0\0\0	\0ÿ\0\0\0\0\0\0\0\0\0\0\0	\0ÿ\0\0\0\0\0\0\0\0\0\0\0	\0ÿ\0\0\0\0\0\0\0\0\0\0\0	\0ÿ\0\0\0\0\0\0\0ı\0\n\0\0\0\0\0\0\0\0\0ı\0\n\0\0\0\0\0\0\0\0ı\0\n\0\0\0\0\0\0\0\0ı\0\n\0\0\0\0\0\0\0\0ı\0\n\0\0\0\0\0\0\0\0ı\0\n\0\0\0\0\0\0\0\0ı\0\n\0\0\0\0\0\0\0\0ı\0\n\0\0\0\0\0\0\0\0ı\0\n\0\0\0\0\0	\0\0\0ı\0\n\0\0\0\0\0 \0\0\0ı\0\n\0\0\0\0!\0\0\0ı\0\n\0\0\0\0\0\0\0ı\0\n\0\0\0\0\"\0\0\0ı\0\n\0\0\0\0\0\0\0ı\0\n\0\0\0\0\0\0\0ı\0\n\0\0\0\0#\0\0\0ı\0\n\0\0\0\0\0\0\0ı\0\n\0\0\0\0\0\0\0ı\0\n\0\0\0\0\0 \0\0\0ı\0\n\0\0\0\0!\0\0\0ı\0\n\0\0\0\0\0\0\0ı\0\n\0\0\0\0\"\0\0\0ı\0\n\0\0\0\0\0\0\0ı\0\n\0\0\0\0\0\0\0ı\0\n\0\0\0\0#\0\0\0ı\0\n\0\0\0\0\0\0\0ı\0\n\0\0\0\0\0\0\0ı\0\n\0\0\0\0\0 \0\0\0ı\0\n\0\0\0\0!\0\0\0ı\0\n\0\0\0\0\0\0\0ı\0\n\0\0\0\0\"\0\0\0ı\0\n\0\0\0\0\0\0\0ı\0\n\0\0\0\0\0\0\0ı\0\n\0\0\0\0#\0\0\0ı\0\n\0\0\0\0$\0\0\0ı\0\n\0\0\0\0%\0\0\0ı\0\n\0\0\0\0\0&\0\0\0ı\0\n\0\0\0\0\'\0\0\0ı\0\n\0\0\0\0(\0\0\0ı\0\n\0\0\0\0)\0\0\0ı\0\n\0\0\0\0\0\0\0ı\0\n\0\0\0\0*\0\0\0ı\0\n\0\0\0\0+\0\0\0ı\0\n\0\0\0\0,\0\0\0ı\0\n\0\0\0\0-\0\0\0ı\0\n\0\0\0\0\0&\0\0\0ı\0\n\0\0\0\0\'\0\0\0ı\0\n\0\0\0\0(\0\0\0ı\0\n\0\0\0\0)\0\0\0ı\0\n\0\0\0\0\0\0\0ı\0\n\0\0\0\0*\0\0\0ı\0\n\0\0\0\0+\0\0\0ı\0\n\0\0\0\0.\0\0\0ı\0\n\0\0\0\0/\0\0\0ı\0\n\0\0\0\0\0&\0\0\0ı\0\n\0\0\0\0\'\0\0\0ı\0\n\0\0\0\0(\0\0\0ı\0\n\0\0\0\0)\0\0\0ı\0\n\0\0\0\0\0\0\0ı\0\n\0\0\0\0*\0\0\0ı\0\n\0\0\0\0+\0\0\0ı\0\n\0\0\0\00\0\0\0ı\0\n\0\0\0\01\0\0\0ı\0\n\0\0\0\0\0&\0\0\0ı\0\n\0\0\0\0\'\0\0\0ı\0\n\0\0\0\0(\0\0\0ı\0\n\0\0\0\0)\0\0\0ı\0\n\0\0\0\0\0\0\0ı\0\n\0\0\0\0*\0\0\0ı\0\n\0\0\0\0+\0\0\0ı\0\n\0\0\0\02\0\0\0ı\0\n\0\0\0\03\0\0\0ı\0\n\0\0\0\0\0&\0\0\0ı\0\n\0\0\0\0\'\0\0\0ı\0\n\0\0\0\0(\0\0\0ı\0\n\0\0\0\0)\0\0\0ı\0\n\0\0\0\0\0\0\0ı\0\n\0\0\0\0*\0\0\0ı\0\n\0\0\0\0+\0\0\0ı\0\n\0\0\0\04\0\0\0ı\0\n\0\0\0\05\0\0\0ı\0\n\0	\0\0\0\0&\0\0\0ı\0\n\0	\0\0\0\'\0\0\0ı\0\n\0	\0\0\0(\0\0\0ı\0\n\0	\0\0\0)\0\0\0ı\0\n\0	\0\0\0\0\0\0ı\0\n\0	\0\0\0*\0\0\0ı\0\n\0	\0\0\0+\0\0\0ı\0\n\0	\0\0\06\0\0\0ı\0\n\0	\0\0\07\0\0\0ı\0\n\0\n\0\0\0\0&\0\0\0ı\0\n\0\n\0\0\0\'\0\0\0ı\0\n\0\n\0\0\0(\0\0\0ı\0\n\0\n\0\0\0)\0\0\0ı\0\n\0\n\0\0\0\0\0\0ı\0\n\0\n\0\0\0*\0\0\0ı\0\n\0\n\0\0\0+\0\0\0ı\0\n\0\n\0\0\08\0\0\0ı\0\n\0\n\0\0\09\0\0\0ı\0\n\0\0\0\0\0&\0\0\0ı\0\n\0\0\0\0\'\0\0\0ı\0\n\0\0\0\0(\0\0\0ı\0\n\0\0\0\0)\0\0\0ı\0\n\0\0\0\0\0\0\0ı\0\n\0\0\0\0*\0\0\0ı\0\n\0\0\0\0+\0\0\0ı\0\n\0\0\0\0:\0\0\0ı\0\n\0\0\0\0;\0\0\0ı\0\n\0\0\0\0\0&\0\0\0ı\0\n\0\0\0\0\'\0\0\0ı\0\n\0\0\0\0(\0\0\0ı\0\n\0\0\0\0)\0\0\0ı\0\n\0\0\0\0\0\0\0ı\0\n\0\0\0\0*\0\0\0ı\0\n\0\0\0\0+\0\0\0ı\0\n\0\0\0\0<\0\0\0ı\0\n\0\0\0\0=\0\0\0ı\0\n\0\r\0\0\0\0&\0\0\0ı\0\n\0\r\0\0\0\'\0\0\0ı\0\n\0\r\0\0\0(\0\0\0ı\0\n\0\r\0\0\0)\0\0\0ı\0\n\0\r\0\0\0\0\0\0ı\0\n\0\r\0\0\0*\0\0\0ı\0\n\0\r\0\0\0+\0\0\0ı\0\n\0\r\0\0\0>\0\0\0ı\0\n\0\r\0\0\0?\0\0\0ı\0\n\0\0\0\0\0&\0\0\0ı\0\n\0\0\0\0\'\0\0\0ı\0\n\0\0\0\0(\0\0\0ı\0\n\0\0\0\0)\0\0\0ı\0\n\0\0\0\0\0\0\0ı\0\n\0\0\0\0*\0\0\0ı\0\n\0\0\0\0+\0\0\0ı\0\n\0\0\0\0@\0\0\0ı\0\n\0\0\0\0A\0\0\0ı\0\n\0\0\0\0\0&\0\0\0ı\0\n\0\0\0\0\'\0\0\0ı\0\n\0\0\0\0(\0\0\0ı\0\n\0\0\0\0)\0\0\0ı\0\n\0\0\0\0\0\0\0ı\0\n\0\0\0\0*\0\0\0ı\0\n\0\0\0\0+\0\0\0ı\0\n\0\0\0\0B\0\0\0ı\0\n\0\0\0\0C\0\0\0ı\0\n\0\0\0\0\0&\0\0\0ı\0\n\0\0\0\0\'\0\0\0ı\0\n\0\0\0\0(\0\0\0ı\0\n\0\0\0\0)\0\0\0ı\0\n\0\0\0\0\0\0\0ı\0\n\0\0\0\0*\0\0\0ı\0\n\0\0\0\0+\0\0\0ı\0\n\0\0\0\0D\0\0\0ı\0\n\0\0\0\0E\0\0\0ı\0\n\0\0\0\0\0&\0\0\0ı\0\n\0\0\0\0\'\0\0\0ı\0\n\0\0\0\0(\0\0\0ı\0\n\0\0\0\0)\0\0\0ı\0\n\0\0\0\0\0\0\0ı\0\n\0\0\0\0*\0\0\0ı\0\n\0\0\0\0+\0\0\0ı\0\n\0\0\0\0F\0\0\0ı\0\n\0\0\0\0G\0\0\0ı\0\n\0\0\0\0\0&\0\0\0ı\0\n\0\0\0\0\'\0\0\0ı\0\n\0\0\0\0(\0\0\0ı\0\n\0\0\0\0)\0\0\0ı\0\n\0\0\0\0\0\0\0ı\0\n\0\0\0\0*\0\0\0ı\0\n\0\0\0\0+\0\0\0ı\0\n\0\0\0\0H\0\0\0ı\0\n\0\0\0\0I\0\0\0ı\0\n\0\0\0\0\0&\0\0\0ı\0\n\0\0\0\0\'\0\0\0ı\0\n\0\0\0\0(\0\0\0ı\0\n\0\0\0\0)\0\0\0ı\0\n\0\0\0\0\0\0\0ı\0\n\0\0\0\0*\0\0\0ı\0\n\0\0\0\0+\0\0\0ı\0\n\0\0\0\0J\0\0\0ı\0\n\0\0\0\0K\0\0\0ı\0\n\0\0\0\0\0&\0\0\0ı\0\n\0\0\0\0\'\0\0\0ı\0\n\0\0\0\0(\0\0\0ı\0\n\0\0\0\0)\0\0\0ı\0\n\0\0\0\0\0\0\0ı\0\n\0\0\0\0*\0\0\0ı\0\n\0\0\0\0+\0\0\0ı\0\n\0\0\0\0L\0\0\0ı\0\n\0\0\0\0M\0\0\0ı\0\n\0\0\0\0\0&\0\0\0ı\0\n\0\0\0\0\'\0\0\0ı\0\n\0\0\0\0(\0\0\0ı\0\n\0\0\0\0)\0\0\0ı\0\n\0\0\0\0\0\0\0ı\0\n\0\0\0\0*\0\0\0ı\0\n\0\0\0\0+\0\0\0ı\0\n\0\0\0\0N\0\0\0ı\0\n\0\0\0\0O\0\0\0ı\0\n\0\0\0\0\0&\0\0\0ı\0\n\0\0\0\0\'\0\0\0ı\0\n\0\0\0\0(\0\0\0ı\0\n\0\0\0\0)\0\0\0ı\0\n\0\0\0\0\0\0\0ı\0\n\0\0\0\0*\0\0\0ı\0\n\0\0\0\0+\0\0\0ı\0\n\0\0\0\0P\0\0\0ı\0\n\0\0\0\0Q\0\0\0ı\0\n\0\0\0\0\0&\0\0\0ı\0\n\0\0\0\0\'\0\0\0ı\0\n\0\0\0\0(\0\0\0ı\0\n\0\0\0\0)\0\0\0ı\0\n\0\0\0\0\0\0\0ı\0\n\0\0\0\0*\0\0\0ı\0\n\0\0\0\0+\0\0\0ı\0\n\0\0\0\0R\0\0\0ı\0\n\0\0\0\0S\0\0\0ı\0\n\0\0\0\0\0&\0\0\0ı\0\n\0\0\0\0\'\0\0\0ı\0\n\0\0\0\0(\0\0\0ı\0\n\0\0\0\0)\0\0\0ı\0\n\0\0\0\0\0\0\0ı\0\n\0\0\0\0*\0\0\0ı\0\n\0\0\0\0+\0\0\0ı\0\n\0\0\0\0T\0\0\0ı\0\n\0\0\0\0U\0\0\0ı\0\n\0\0\0\0\0&\0\0\0ı\0\n\0\0\0\0\'\0\0\0ı\0\n\0\0\0\0(\0\0\0ı\0\n\0\0\0\0)\0\0\0ı\0\n\0\0\0\0\0\0\0ı\0\n\0\0\0\0*\0\0\0ı\0\n\0\0\0\0+\0\0\0ı\0\n\0\0\0\0V\0\0\0ı\0\n\0\0\0\0W\0\0\0ı\0\n\0\Z\0\0\0\0&\0\0\0ı\0\n\0\Z\0\0\0\'\0\0\0ı\0\n\0\Z\0\0\0(\0\0\0ı\0\n\0\Z\0\0\0)\0\0\0ı\0\n\0\Z\0\0\0\0\0\0ı\0\n\0\Z\0\0\0*\0\0\0ı\0\n\0\Z\0\0\0+\0\0\0ı\0\n\0\Z\0\0\0X\0\0\0ı\0\n\0\Z\0\0\0Y\0\0\0ı\0\n\0\0\0\0\0&\0\0\0ı\0\n\0\0\0\0\'\0\0\0ı\0\n\0\0\0\0(\0\0\0ı\0\n\0\0\0\0)\0\0\0ı\0\n\0\0\0\0\0\0\0ı\0\n\0\0\0\0*\0\0\0ı\0\n\0\0\0\0+\0\0\0ı\0\n\0\0\0\0Z\0\0\0ı\0\n\0\0\0\0[\0\0\0ı\0\n\0\0\0\0\0&\0\0\0ı\0\n\0\0\0\0\'\0\0\0ı\0\n\0\0\0\0(\0\0\0ı\0\n\0\0\0\0)\0\0\0ı\0\n\0\0\0\0\0\0\0ı\0\n\0\0\0\0*\0\0\0ı\0\n\0\0\0\0+\0\0\0ı\0\n\0\0\0\0\\\0\0\0ı\0\n\0\0\0\0]\0\0\0ı\0\n\0\0\0\0\0&\0\0\0ı\0\n\0\0\0\0\'\0\0\0ı\0\n\0\0\0\0(\0\0\0ı\0\n\0\0\0\0)\0\0\0ı\0\n\0\0\0\0\0\0\0ı\0\n\0\0\0\0*\0\0\0ı\0\n\0\0\0\0+\0\0\0ı\0\n\0\0\0\0^\0\0\0ı\0\n\0\0\0\0_\0\0\0ı\0\n\0\0\0\0\0&\0\0\0ı\0\n\0\0\0\0\'\0\0\0ı\0\n\0\0\0\0(\0\0\0ı\0\n\0\0\0\0)\0\0\0ı\0\n\0\0\0\0\0\0\0ı\0\n\0\0\0\0*\0\0\0ı\0\n\0\0\0\0+\0\0\0ı\0\n\0\0\0\0`\0\0\0ı\0\n\0\0\0\0a\0\0\0ı\0\n\0\0\0\0\0&\0\0\0ı\0\n\0\0\0\0\'\0\0\0ı\0\n\0\0\0\0(\0\0\0ı\0\n\0\0\0\0)\0\0\0ı\0\n\0\0\0\0\0\0\0ı\0\n\0\0\0\0*\0\0\0ı\0\n\0\0\0\0+\0\0\0ı\0\n\0\0\0\0b\0\0\0ı\0\n\0\0\0\0c\0\0\0×\0D\0@\0\0l~\0~\0~\0~\0~\0~\0~\0~\0~\0~\0~\0~\0~\0~\0~\0~\0~\0~\0~\0~\0~\0~\0~\0~\0~\0~\0~\0~\0~\0~\0~\0\0 \0\0\0	\0ÿ\0\0\0\0\0\0\0\0!\0\0\0	\0ÿ\0\0\0\0\0\0\0\0\"\0\0\0	\0ÿ\0\0\0\0\0\0\0\0#\0\0\0	\0ÿ\0\0\0\0\0\0\0\0$\0\0\0	\0ÿ\0\0\0\0\0\0\0\0%\0\0\0	\0ÿ\0\0\0\0\0\0\0\0&\0\0\0	\0ÿ\0\0\0\0\0\0\0\0\'\0\0\0	\0ÿ\0\0\0\0\0\0\0\0(\0\0\0	\0ÿ\0\0\0\0\0\0\0\0)\0\0\0	\0ÿ\0\0\0\0\0\0\0\0*\0\0\0	\0ÿ\0\0\0\0\0\0\0\0+\0\0\0	\0ÿ\0\0\0\0\0\0\0\0,\0\0\0	\0ÿ\0\0\0\0\0\0\0\0-\0\0\0	\0ÿ\0\0\0\0\0\0\0\0.\0\0\0	\0ÿ\0\0\0\0\0\0\0\0/\0\0\0	\0ÿ\0\0\0\0\0\0\0\00\0\0\0	\0ÿ\0\0\0\0\0\0\0\01\0\0\0	\0ÿ\0\0\0\0\0\0\0\02\0\0\0	\0ÿ\0\0\0\0\0\0\0\03\0\0\0	\0ÿ\0\0\0\0\0\0\0\04\0\0\0	\0ÿ\0\0\0\0\0\0\0\05\0\0\0	\0ÿ\0\0\0\0\0\0\0\06\0\0\0	\0ÿ\0\0\0\0\0\0\0\07\0\0\0	\0ÿ\0\0\0\0\0\0\0\08\0\0\0	\0ÿ\0\0\0\0\0\0\0\09\0\0\0	\0ÿ\0\0\0\0\0\0\0\0:\0\0\0	\0ÿ\0\0\0\0\0\0\0\0;\0\0\0	\0ÿ\0\0\0\0\0\0\0\0<\0\0\0	\0ÿ\0\0\0\0\0\0\0\0=\0\0\0	\0ÿ\0\0\0\0\0\0\0\0>\0\0\0	\0ÿ\0\0\0\0\0\0\0\0?\0\0\0	\0ÿ\0\0\0\0\0\0\0ı\0\n\0 \0\0\0\0&\0\0\0ı\0\n\0 \0\0\0\'\0\0\0ı\0\n\0 \0\0\0(\0\0\0ı\0\n\0 \0\0\0)\0\0\0ı\0\n\0 \0\0\0\0\0\0ı\0\n\0 \0\0\0*\0\0\0ı\0\n\0 \0\0\0+\0\0\0ı\0\n\0 \0\0\0d\0\0\0ı\0\n\0 \0\0\0e\0\0\0ı\0\n\0!\0\0\0\0&\0\0\0ı\0\n\0!\0\0\0\'\0\0\0ı\0\n\0!\0\0\0(\0\0\0ı\0\n\0!\0\0\0)\0\0\0ı\0\n\0!\0\0\0\0\0\0ı\0\n\0!\0\0\0*\0\0\0ı\0\n\0!\0\0\0+\0\0\0ı\0\n\0!\0\0\0f\0\0\0ı\0\n\0!\0\0\0g\0\0\0ı\0\n\0\"\0\0\0\0&\0\0\0ı\0\n\0\"\0\0\0\'\0\0\0ı\0\n\0\"\0\0\0(\0\0\0ı\0\n\0\"\0\0\0)\0\0\0ı\0\n\0\"\0\0\0\0\0\0ı\0\n\0\"\0\0\0*\0\0\0ı\0\n\0\"\0\0\0+\0\0\0ı\0\n\0\"\0\0\0h\0\0\0ı\0\n\0\"\0\0\0i\0\0\0ı\0\n\0#\0\0\0\0&\0\0\0ı\0\n\0#\0\0\0\'\0\0\0ı\0\n\0#\0\0\0(\0\0\0ı\0\n\0#\0\0\0)\0\0\0ı\0\n\0#\0\0\0\0\0\0ı\0\n\0#\0\0\0*\0\0\0ı\0\n\0#\0\0\0+\0\0\0ı\0\n\0#\0\0\0j\0\0\0ı\0\n\0#\0\0\0k\0\0\0ı\0\n\0$\0\0\0\0&\0\0\0ı\0\n\0$\0\0\0\'\0\0\0ı\0\n\0$\0\0\0(\0\0\0ı\0\n\0$\0\0\0)\0\0\0ı\0\n\0$\0\0\0\0\0\0ı\0\n\0$\0\0\0*\0\0\0ı\0\n\0$\0\0\0+\0\0\0ı\0\n\0$\0\0\0l\0\0\0ı\0\n\0$\0\0\0m\0\0\0ı\0\n\0%\0\0\0\0&\0\0\0ı\0\n\0%\0\0\0\'\0\0\0ı\0\n\0%\0\0\0(\0\0\0ı\0\n\0%\0\0\0)\0\0\0ı\0\n\0%\0\0\0\0\0\0ı\0\n\0%\0\0\0*\0\0\0ı\0\n\0%\0\0\0+\0\0\0ı\0\n\0%\0\0\0n\0\0\0ı\0\n\0%\0\0\0o\0\0\0ı\0\n\0&\0\0\0\0&\0\0\0ı\0\n\0&\0\0\0\'\0\0\0ı\0\n\0&\0\0\0(\0\0\0ı\0\n\0&\0\0\0)\0\0\0ı\0\n\0&\0\0\0\0\0\0ı\0\n\0&\0\0\0*\0\0\0ı\0\n\0&\0\0\0+\0\0\0ı\0\n\0&\0\0\0p\0\0\0ı\0\n\0&\0\0\0q\0\0\0ı\0\n\0\'\0\0\0\0&\0\0\0ı\0\n\0\'\0\0\0\'\0\0\0ı\0\n\0\'\0\0\0(\0\0\0ı\0\n\0\'\0\0\0)\0\0\0ı\0\n\0\'\0\0\0\0\0\0ı\0\n\0\'\0\0\0*\0\0\0ı\0\n\0\'\0\0\0+\0\0\0ı\0\n\0\'\0\0\0r\0\0\0ı\0\n\0\'\0\0\0s\0\0\0ı\0\n\0(\0\0\0\0&\0\0\0ı\0\n\0(\0\0\0\'\0\0\0ı\0\n\0(\0\0\0(\0\0\0ı\0\n\0(\0\0\0)\0\0\0ı\0\n\0(\0\0\0\0\0\0ı\0\n\0(\0\0\0*\0\0\0ı\0\n\0(\0\0\0+\0\0\0ı\0\n\0(\0\0\0t\0\0\0ı\0\n\0(\0\0\0u\0\0\0ı\0\n\0)\0\0\0\0&\0\0\0ı\0\n\0)\0\0\0\'\0\0\0ı\0\n\0)\0\0\0(\0\0\0ı\0\n\0)\0\0\0)\0\0\0ı\0\n\0)\0\0\0\0\0\0ı\0\n\0)\0\0\0*\0\0\0ı\0\n\0)\0\0\0+\0\0\0ı\0\n\0)\0\0\0v\0\0\0ı\0\n\0)\0\0\0w\0\0\0ı\0\n\0*\0\0\0\0&\0\0\0ı\0\n\0*\0\0\0\'\0\0\0ı\0\n\0*\0\0\0(\0\0\0ı\0\n\0*\0\0\0)\0\0\0ı\0\n\0*\0\0\0\0\0\0ı\0\n\0*\0\0\0*\0\0\0ı\0\n\0*\0\0\0+\0\0\0ı\0\n\0*\0\0\0x\0\0\0ı\0\n\0*\0\0\0y\0\0\0ı\0\n\0+\0\0\0\0&\0\0\0ı\0\n\0+\0\0\0\'\0\0\0ı\0\n\0+\0\0\0(\0\0\0ı\0\n\0+\0\0\0)\0\0\0ı\0\n\0+\0\0\0\0\0\0ı\0\n\0+\0\0\0*\0\0\0ı\0\n\0+\0\0\0+\0\0\0ı\0\n\0+\0\0\0z\0\0\0ı\0\n\0+\0\0\0{\0\0\0ı\0\n\0,\0\0\0\0&\0\0\0ı\0\n\0,\0\0\0\'\0\0\0ı\0\n\0,\0\0\0(\0\0\0ı\0\n\0,\0\0\0)\0\0\0ı\0\n\0,\0\0\0\0\0\0ı\0\n\0,\0\0\0*\0\0\0ı\0\n\0,\0\0\0+\0\0\0ı\0\n\0,\0\0\0|\0\0\0ı\0\n\0,\0\0\0}\0\0\0ı\0\n\0-\0\0\0\0&\0\0\0ı\0\n\0-\0\0\0\'\0\0\0ı\0\n\0-\0\0\0(\0\0\0ı\0\n\0-\0\0\0)\0\0\0ı\0\n\0-\0\0\0\0\0\0ı\0\n\0-\0\0\0*\0\0\0ı\0\n\0-\0\0\0+\0\0\0ı\0\n\0-\0\0\0~\0\0\0ı\0\n\0-\0\0\0\0\0\0ı\0\n\0.\0\0\0\0&\0\0\0ı\0\n\0.\0\0\0\'\0\0\0ı\0\n\0.\0\0\0(\0\0\0ı\0\n\0.\0\0\0)\0\0\0ı\0\n\0.\0\0\0\0\0\0ı\0\n\0.\0\0\0*\0\0\0ı\0\n\0.\0\0\0+\0\0\0ı\0\n\0.\0\0\0?\0\0\0ı\0\n\0.\0\0\0\0\0\0ı\0\n\0/\0\0\0\0&\0\0\0ı\0\n\0/\0\0\0\'\0\0\0ı\0\n\0/\0\0\0(\0\0\0ı\0\n\0/\0\0\0)\0\0\0ı\0\n\0/\0\0\0\0\0\0ı\0\n\0/\0\0\0*\0\0\0ı\0\n\0/\0\0\0+\0\0\0ı\0\n\0/\0\0\0?\0\0\0ı\0\n\0/\0\0\0?\0\0\0ı\0\n\00\0\0\0\0&\0\0\0ı\0\n\00\0\0\0\'\0\0\0ı\0\n\00\0\0\0(\0\0\0ı\0\n\00\0\0\0)\0\0\0ı\0\n\00\0\0\0\0\0\0ı\0\n\00\0\0\0*\0\0\0ı\0\n\00\0\0\0+\0\0\0ı\0\n\00\0\0\0?\0\0\0ı\0\n\00\0\0\0?\0\0\0ı\0\n\01\0\0\0\0&\0\0\0ı\0\n\01\0\0\0\'\0\0\0ı\0\n\01\0\0\0(\0\0\0ı\0\n\01\0\0\0)\0\0\0ı\0\n\01\0\0\0\0\0\0ı\0\n\01\0\0\0*\0\0\0ı\0\n\01\0\0\0+\0\0\0ı\0\n\01\0\0\0?\0\0\0ı\0\n\01\0\0\0?\0\0\0ı\0\n\02\0\0\0\0&\0\0\0ı\0\n\02\0\0\0\'\0\0\0ı\0\n\02\0\0\0(\0\0\0ı\0\n\02\0\0\0)\0\0\0ı\0\n\02\0\0\0\0\0\0ı\0\n\02\0\0\0*\0\0\0ı\0\n\02\0\0\0+\0\0\0ı\0\n\02\0\0\0?\0\0\0ı\0\n\02\0\0\0?\0\0\0ı\0\n\03\0\0\0\0&\0\0\0ı\0\n\03\0\0\0\'\0\0\0ı\0\n\03\0\0\0(\0\0\0ı\0\n\03\0\0\0)\0\0\0ı\0\n\03\0\0\0\0\0\0ı\0\n\03\0\0\0*\0\0\0ı\0\n\03\0\0\0+\0\0\0ı\0\n\03\0\0\0?\0\0\0ı\0\n\03\0\0\0?\0\0\0ı\0\n\04\0\0\0\0&\0\0\0ı\0\n\04\0\0\0\'\0\0\0ı\0\n\04\0\0\0(\0\0\0ı\0\n\04\0\0\0)\0\0\0ı\0\n\04\0\0\0\0\0\0ı\0\n\04\0\0\0*\0\0\0ı\0\n\04\0\0\0+\0\0\0ı\0\n\04\0\0\0?\0\0\0ı\0\n\04\0\0\0\0\0\0ı\0\n\05\0\0\0\0&\0\0\0ı\0\n\05\0\0\0\'\0\0\0ı\0\n\05\0\0\0(\0\0\0ı\0\n\05\0\0\0)\0\0\0ı\0\n\05\0\0\0\0\0\0ı\0\n\05\0\0\0*\0\0\0ı\0\n\05\0\0\0+\0\0\0ı\0\n\05\0\0\0?\0\0\0ı\0\n\05\0\0\0\0\0\0ı\0\n\06\0\0\0\0&\0\0\0ı\0\n\06\0\0\0\'\0\0\0ı\0\n\06\0\0\0(\0\0\0ı\0\n\06\0\0\0)\0\0\0ı\0\n\06\0\0\0\0\0\0ı\0\n\06\0\0\0*\0\0\0ı\0\n\06\0\0\0+\0\0\0ı\0\n\06\0\0\0\0\0\0ı\0\n\06\0\0\0?\0\0\0ı\0\n\07\0\0\0\0&\0\0\0ı\0\n\07\0\0\0\'\0\0\0ı\0\n\07\0\0\0(\0\0\0ı\0\n\07\0\0\0)\0\0\0ı\0\n\07\0\0\0\0\0\0ı\0\n\07\0\0\0*\0\0\0ı\0\n\07\0\0\0+\0\0\0ı\0\n\07\0\0\0?\0\0\0ı\0\n\07\0\0\0?\0\0\0ı\0\n\08\0\0\0\0&\0\0\0ı\0\n\08\0\0\0\'\0\0\0ı\0\n\08\0\0\0(\0\0\0ı\0\n\08\0\0\0)\0\0\0ı\0\n\08\0\0\0\0\0\0ı\0\n\08\0\0\0*\0\0\0ı\0\n\08\0\0\0+\0\0\0ı\0\n\08\0\0\0?\0\0\0ı\0\n\08\0\0\0?\0\0\0ı\0\n\09\0\0\0\0&\0\0\0ı\0\n\09\0\0\0\'\0\0\0ı\0\n\09\0\0\0(\0\0\0ı\0\n\09\0\0\0)\0\0\0ı\0\n\09\0\0\0\0\0\0ı\0\n\09\0\0\0*\0\0\0ı\0\n\09\0\0\0+\0\0\0ı\0\n\09\0\0\0?\0\0\0ı\0\n\09\0\0\0?\0\0\0ı\0\n\0:\0\0\0\0&\0\0\0ı\0\n\0:\0\0\0\'\0\0\0ı\0\n\0:\0\0\0(\0\0\0ı\0\n\0:\0\0\0)\0\0\0ı\0\n\0:\0\0\0\0\0\0ı\0\n\0:\0\0\0*\0\0\0ı\0\n\0:\0\0\0+\0\0\0ı\0\n\0:\0\0\0?\0\0\0ı\0\n\0:\0\0\0?\0\0\0ı\0\n\0;\0\0\0\0&\0\0\0ı\0\n\0;\0\0\0\'\0\0\0ı\0\n\0;\0\0\0(\0\0\0ı\0\n\0;\0\0\0)\0\0\0ı\0\n\0;\0\0\0\0\0\0ı\0\n\0;\0\0\0*\0\0\0ı\0\n\0;\0\0\0+\0\0\0ı\0\n\0;\0\0\0?\0\0\0ı\0\n\0;\0\0\0?\0\0\0ı\0\n\0<\0\0\0\0&\0\0\0ı\0\n\0<\0\0\0\'\0\0\0ı\0\n\0<\0\0\0(\0\0\0ı\0\n\0<\0\0\0)\0\0\0ı\0\n\0<\0\0\0\0\0\0ı\0\n\0<\0\0\0*\0\0\0ı\0\n\0<\0\0\0+\0\0\0ı\0\n\0<\0\0\0?\0\0\0ı\0\n\0<\0\0\0\0\0\0ı\0\n\0=\0\0\0\0&\0\0\0ı\0\n\0=\0\0\0\'\0\0\0ı\0\n\0=\0\0\0(\0\0\0ı\0\n\0=\0\0\0)\0\0\0ı\0\n\0=\0\0\0\0\0\0ı\0\n\0=\0\0\0*\0\0\0ı\0\n\0=\0\0\0+\0\0\0ı\0\n\0=\0\0\0?\0\0\0ı\0\n\0=\0\0\0?\0\0\0ı\0\n\0>\0\0\0\0&\0\0\0ı\0\n\0>\0\0\0\'\0\0\0ı\0\n\0>\0\0\0(\0\0\0ı\0\n\0>\0\0\0)\0\0\0ı\0\n\0>\0\0\0\0\0\0ı\0\n\0>\0\0\0*\0\0\0ı\0\n\0>\0\0\0+\0\0\0ı\0\n\0>\0\0\0 \0\0\0ı\0\n\0>\0\0\0¡\0\0\0ı\0\n\0?\0\0\0\0&\0\0\0ı\0\n\0?\0\0\0\'\0\0\0ı\0\n\0?\0\0\0(\0\0\0ı\0\n\0?\0\0\0)\0\0\0ı\0\n\0?\0\0\0\0\0\0ı\0\n\0?\0\0\0*\0\0\0ı\0\n\0?\0\0\0+\0\0\0ı\0\n\0?\0\0\0¢\0\0\0ı\0\n\0?\0\0\0£\0\0\0×\0D\0@\0\0l~\0~\0~\0~\0~\0~\0~\0~\0~\0~\0~\0~\0~\0~\0~\0~\0~\0~\0~\0~\0~\0~\0~\0~\0~\0~\0~\0~\0~\0~\0~\0\0@\0\0\0	\0ÿ\0\0\0\0\0\0\0\0A\0\0\0	\0ÿ\0\0\0\0\0\0\0\0B\0\0\0	\0ÿ\0\0\0\0\0\0\0\0C\0\0\0	\0ÿ\0\0\0\0\0\0\0\0D\0\0\0	\0ÿ\0\0\0\0\0\0\0\0E\0\0\0	\0ÿ\0\0\0\0\0\0\0\0F\0\0\0	\0ÿ\0\0\0\0\0\0\0\0G\0\0\0	\0ÿ\0\0\0\0\0\0\0\0H\0\0\0	\0ÿ\0\0\0\0\0\0\0\0I\0\0\0	\0ÿ\0\0\0\0\0\0\0\0J\0\0\0	\0ÿ\0\0\0\0\0\0\0\0K\0\0\0	\0ÿ\0\0\0\0\0\0\0\0L\0\0\0	\0ÿ\0\0\0\0\0\0\0\0M\0\0\0	\0ÿ\0\0\0\0\0\0\0\0N\0\0\0	\0ÿ\0\0\0\0\0\0\0\0O\0\0\0	\0ÿ\0\0\0\0\0\0\0\0P\0\0\0	\0ÿ\0\0\0\0\0\0\0\0Q\0\0\0	\0ÿ\0\0\0\0\0\0\0\0R\0\0\0	\0ÿ\0\0\0\0\0\0\0\0S\0\0\0	\0ÿ\0\0\0\0\0\0\0\0T\0\0\0	\0ÿ\0\0\0\0\0\0\0\0U\0\0\0	\0ÿ\0\0\0\0\0\0\0\0V\0\0\0	\0ÿ\0\0\0\0\0\0\0\0W\0\0\0	\0ÿ\0\0\0\0\0\0\0\0X\0\0\0	\0ÿ\0\0\0\0\0\0\0\0Y\0\0\0	\0ÿ\0\0\0\0\0\0\0\0Z\0\0\0	\0ÿ\0\0\0\0\0\0\0\0[\0\0\0	\0ÿ\0\0\0\0\0\0\0\0\\\0\0\0	\0ÿ\0\0\0\0\0\0\0\0]\0\0\0	\0ÿ\0\0\0\0\0\0\0\0^\0\0\0	\0ÿ\0\0\0\0\0\0\0\0_\0\0\0	\0ÿ\0\0\0\0\0\0\0ı\0\n\0@\0\0\0\0&\0\0\0ı\0\n\0@\0\0\0\'\0\0\0ı\0\n\0@\0\0\0(\0\0\0ı\0\n\0@\0\0\0)\0\0\0ı\0\n\0@\0\0\0\0\0\0ı\0\n\0@\0\0\0*\0\0\0ı\0\n\0@\0\0\0+\0\0\0ı\0\n\0@\0\0\0¤\0\0\0ı\0\n\0@\0\0\0¥\0\0\0ı\0\n\0A\0\0\0\0&\0\0\0ı\0\n\0A\0\0\0\'\0\0\0ı\0\n\0A\0\0\0(\0\0\0ı\0\n\0A\0\0\0)\0\0\0ı\0\n\0A\0\0\0\0\0\0ı\0\n\0A\0\0\0*\0\0\0ı\0\n\0A\0\0\0+\0\0\0ı\0\n\0A\0\0\0¦\0\0\0ı\0\n\0A\0\0\0§\0\0\0ı\0\n\0B\0\0\0\0&\0\0\0ı\0\n\0B\0\0\0\'\0\0\0ı\0\n\0B\0\0\0(\0\0\0ı\0\n\0B\0\0\0)\0\0\0ı\0\n\0B\0\0\0\0\0\0ı\0\n\0B\0\0\0*\0\0\0ı\0\n\0B\0\0\0+\0\0\0ı\0\n\0B\0\0\0¨\0\0\0ı\0\n\0B\0\0\0©\0\0\0ı\0\n\0C\0\0\0\0&\0\0\0ı\0\n\0C\0\0\0\'\0\0\0ı\0\n\0C\0\0\0(\0\0\0ı\0\n\0C\0\0\0)\0\0\0ı\0\n\0C\0\0\0\0\0\0ı\0\n\0C\0\0\0*\0\0\0ı\0\n\0C\0\0\0+\0\0\0ı\0\n\0C\0\0\0ª\0\0\0ı\0\n\0C\0\0\0«\0\0\0ı\0\n\0D\0\0\0\0&\0\0\0ı\0\n\0D\0\0\0\'\0\0\0ı\0\n\0D\0\0\0(\0\0\0ı\0\n\0D\0\0\0)\0\0\0ı\0\n\0D\0\0\0\0\0\0ı\0\n\0D\0\0\0*\0\0\0ı\0\n\0D\0\0\0+\0\0\0ı\0\n\0D\0\0\0¬\0\0\0ı\0\n\0D\0\0\0­\0\0\0ı\0\n\0E\0\0\0\0&\0\0\0ı\0\n\0E\0\0\0\'\0\0\0ı\0\n\0E\0\0\0(\0\0\0ı\0\n\0E\0\0\0)\0\0\0ı\0\n\0E\0\0\0\0\0\0ı\0\n\0E\0\0\0*\0\0\0ı\0\n\0E\0\0\0+\0\0\0ı\0\n\0E\0\0\0®\0\0\0ı\0\n\0E\0\0\0¯\0\0\0ı\0\n\0F\0\0\0\0&\0\0\0ı\0\n\0F\0\0\0\'\0\0\0ı\0\n\0F\0\0\0(\0\0\0ı\0\n\0F\0\0\0)\0\0\0ı\0\n\0F\0\0\0\0\0\0ı\0\n\0F\0\0\0*\0\0\0ı\0\n\0F\0\0\0+\0\0\0ı\0\n\0F\0\0\0°\0\0\0ı\0\n\0F\0\0\0±\0\0\0ı\0\n\0G\0\0\0\0&\0\0\0ı\0\n\0G\0\0\0\'\0\0\0ı\0\n\0G\0\0\0(\0\0\0ı\0\n\0G\0\0\0)\0\0\0ı\0\n\0G\0\0\0\0\0\0ı\0\n\0G\0\0\0*\0\0\0ı\0\n\0G\0\0\0+\0\0\0ı\0\n\0G\0\0\0²\0\0\0ı\0\n\0G\0\0\0³\0\0\0ı\0\n\0H\0\0\0\0&\0\0\0ı\0\n\0H\0\0\0\'\0\0\0ı\0\n\0H\0\0\0(\0\0\0ı\0\n\0H\0\0\0)\0\0\0ı\0\n\0H\0\0\0\0\0\0ı\0\n\0H\0\0\0*\0\0\0ı\0\n\0H\0\0\0+\0\0\0ı\0\n\0H\0\0\0´\0\0\0ı\0\n\0H\0\0\0µ\0\0\0ı\0\n\0I\0\0\0\0&\0\0\0ı\0\n\0I\0\0\0\'\0\0\0ı\0\n\0I\0\0\0(\0\0\0ı\0\n\0I\0\0\0)\0\0\0ı\0\n\0I\0\0\0\0\0\0ı\0\n\0I\0\0\0*\0\0\0ı\0\n\0I\0\0\0+\0\0\0ı\0\n\0I\0\0\0¶\0\0\0ı\0\n\0I\0\0\0·\0\0\0ı\0\n\0J\0\0\0\0&\0\0\0ı\0\n\0J\0\0\0\'\0\0\0ı\0\n\0J\0\0\0(\0\0\0ı\0\n\0J\0\0\0)\0\0\0ı\0\n\0J\0\0\0\0\0\0ı\0\n\0J\0\0\0*\0\0\0ı\0\n\0J\0\0\0+\0\0\0ı\0\n\0J\0\0\0¸\0\0\0ı\0\n\0J\0\0\0¹\0\0\0ı\0\n\0K\0\0\0\0&\0\0\0ı\0\n\0K\0\0\0\'\0\0\0ı\0\n\0K\0\0\0(\0\0\0ı\0\n\0K\0\0\0)\0\0\0ı\0\n\0K\0\0\0\0\0\0ı\0\n\0K\0\0\0*\0\0\0ı\0\n\0K\0\0\0+\0\0\0ı\0\n\0K\0\0\0º\0\0\0ı\0\n\0K\0\0\0»\0\0\0ı\0\n\0L\0\0\0\0&\0\0\0ı\0\n\0L\0\0\0\'\0\0\0ı\0\n\0L\0\0\0(\0\0\0ı\0\n\0L\0\0\0)\0\0\0ı\0\n\0L\0\0\0\0\0\0ı\0\n\0L\0\0\0*\0\0\0ı\0\n\0L\0\0\0+\0\0\0ı\0\n\0L\0\0\0¼\0\0\0ı\0\n\0L\0\0\0½\0\0\0ı\0\n\0M\0\0\0\0&\0\0\0ı\0\n\0M\0\0\0\'\0\0\0ı\0\n\0M\0\0\0(\0\0\0ı\0\n\0M\0\0\0)\0\0\0ı\0\n\0M\0\0\0\0\0\0ı\0\n\0M\0\0\0*\0\0\0ı\0\n\0M\0\0\0+\0\0\0ı\0\n\0M\0\0\0¾\0\0\0ı\0\n\0M\0\0\0¿\0\0\0ı\0\n\0N\0\0\0\0&\0\0\0ı\0\n\0N\0\0\0\'\0\0\0ı\0\n\0N\0\0\0(\0\0\0ı\0\n\0N\0\0\0)\0\0\0ı\0\n\0N\0\0\0\0\0\0ı\0\n\0N\0\0\0*\0\0\0ı\0\n\0N\0\0\0+\0\0\0ı\0\n\0N\0\0\0À\0\0\0ı\0\n\0N\0\0\0Á\0\0\0ı\0\n\0O\0\0\0\0&\0\0\0ı\0\n\0O\0\0\0\'\0\0\0ı\0\n\0O\0\0\0(\0\0\0ı\0\n\0O\0\0\0)\0\0\0ı\0\n\0O\0\0\0\0\0\0ı\0\n\0O\0\0\0*\0\0\0ı\0\n\0O\0\0\0+\0\0\0ı\0\n\0O\0\0\0Â\0\0\0ı\0\n\0O\0\0\0Ã\0\0\0ı\0\n\0P\0\0\0\0&\0\0\0ı\0\n\0P\0\0\0\'\0\0\0ı\0\n\0P\0\0\0(\0\0\0ı\0\n\0P\0\0\0)\0\0\0ı\0\n\0P\0\0\0\0\0\0ı\0\n\0P\0\0\0*\0\0\0ı\0\n\0P\0\0\0+\0\0\0ı\0\n\0P\0\0\0Ä\0\0\0ı\0\n\0P\0\0\0Å\0\0\0ı\0\n\0Q\0\0\0\0&\0\0\0ı\0\n\0Q\0\0\0\'\0\0\0ı\0\n\0Q\0\0\0(\0\0\0ı\0\n\0Q\0\0\0)\0\0\0ı\0\n\0Q\0\0\0\0\0\0ı\0\n\0Q\0\0\0*\0\0\0ı\0\n\0Q\0\0\0+\0\0\0ı\0\n\0Q\0\0\0Æ\0\0\0ı\0\n\0Q\0\0\0Ç\0\0\0ı\0\n\0R\0\0\0\0&\0\0\0ı\0\n\0R\0\0\0\'\0\0\0ı\0\n\0R\0\0\0(\0\0\0ı\0\n\0R\0\0\0)\0\0\0ı\0\n\0R\0\0\0\0\0\0ı\0\n\0R\0\0\0*\0\0\0ı\0\n\0R\0\0\0+\0\0\0ı\0\n\0R\0\0\0È\0\0\0ı\0\n\0R\0\0\0É\0\0\0ı\0\n\0S\0\0\0\0&\0\0\0ı\0\n\0S\0\0\0\'\0\0\0ı\0\n\0S\0\0\0(\0\0\0ı\0\n\0S\0\0\0)\0\0\0ı\0\n\0S\0\0\0\0\0\0ı\0\n\0S\0\0\0*\0\0\0ı\0\n\0S\0\0\0+\0\0\0ı\0\n\0S\0\0\0Ê\0\0\0ı\0\n\0S\0\0\0Ë\0\0\0ı\0\n\0T\0\0\0\0&\0\0\0ı\0\n\0T\0\0\0\'\0\0\0ı\0\n\0T\0\0\0(\0\0\0ı\0\n\0T\0\0\0)\0\0\0ı\0\n\0T\0\0\0\0\0\0ı\0\n\0T\0\0\0*\0\0\0ı\0\n\0T\0\0\0+\0\0\0ı\0\n\0T\0\0\0Ì\0\0\0ı\0\n\0T\0\0\0Í\0\0\0ı\0\n\0U\0\0\0\0&\0\0\0ı\0\n\0U\0\0\0\'\0\0\0ı\0\n\0U\0\0\0(\0\0\0ı\0\n\0U\0\0\0)\0\0\0ı\0\n\0U\0\0\0\0\0\0ı\0\n\0U\0\0\0*\0\0\0ı\0\n\0U\0\0\0+\0\0\0ı\0\n\0U\0\0\0Î\0\0\0ı\0\n\0U\0\0\0Ï\0\0\0ı\0\n\0V\0\0\0\0&\0\0\0ı\0\n\0V\0\0\0\'\0\0\0ı\0\n\0V\0\0\0(\0\0\0ı\0\n\0V\0\0\0)\0\0\0ı\0\n\0V\0\0\0\0\0\0ı\0\n\0V\0\0\0*\0\0\0ı\0\n\0V\0\0\0+\0\0\0ı\0\n\0V\0\0\0Ğ\0\0\0ı\0\n\0V\0\0\0Ñ\0\0\0ı\0\n\0W\0\0\0\0&\0\0\0ı\0\n\0W\0\0\0\'\0\0\0ı\0\n\0W\0\0\0(\0\0\0ı\0\n\0W\0\0\0)\0\0\0ı\0\n\0W\0\0\0\0\0\0ı\0\n\0W\0\0\0*\0\0\0ı\0\n\0W\0\0\0+\0\0\0ı\0\n\0W\0\0\0Ò\0\0\0ı\0\n\0W\0\0\0Ó\0\0\0ı\0\n\0X\0\0\0\0&\0\0\0ı\0\n\0X\0\0\0\'\0\0\0ı\0\n\0X\0\0\0(\0\0\0ı\0\n\0X\0\0\0)\0\0\0ı\0\n\0X\0\0\0\0\0\0ı\0\n\0X\0\0\0*\0\0\0ı\0\n\0X\0\0\0+\0\0\0ı\0\n\0X\0\0\0Ô\0\0\0ı\0\n\0X\0\0\0Õ\0\0\0ı\0\n\0Y\0\0\0\0&\0\0\0ı\0\n\0Y\0\0\0\'\0\0\0ı\0\n\0Y\0\0\0(\0\0\0ı\0\n\0Y\0\0\0)\0\0\0ı\0\n\0Y\0\0\0\0\0\0ı\0\n\0Y\0\0\0*\0\0\0ı\0\n\0Y\0\0\0+\0\0\0ı\0\n\0Y\0\0\0Ö\0\0\0ı\0\n\0Y\0\0\0×\0\0\0ı\0\n\0Z\0\0\0\0&\0\0\0ı\0\n\0Z\0\0\0\'\0\0\0ı\0\n\0Z\0\0\0(\0\0\0ı\0\n\0Z\0\0\0)\0\0\0ı\0\n\0Z\0\0\0\0\0\0ı\0\n\0Z\0\0\0*\0\0\0ı\0\n\0Z\0\0\0+\0\0\0ı\0\n\0Z\0\0\0Ø\0\0\0ı\0\n\0Z\0\0\0Ù\0\0\0ı\0\n\0[\0\0\0\0&\0\0\0ı\0\n\0[\0\0\0\'\0\0\0ı\0\n\0[\0\0\0(\0\0\0ı\0\n\0[\0\0\0)\0\0\0ı\0\n\0[\0\0\0\0\0\0ı\0\n\0[\0\0\0*\0\0\0ı\0\n\0[\0\0\0+\0\0\0ı\0\n\0[\0\0\0Ú\0\0\0ı\0\n\0[\0\0\0Û\0\0\0ı\0\n\0\\\0\0\0\0&\0\0\0ı\0\n\0\\\0\0\0\'\0\0\0ı\0\n\0\\\0\0\0(\0\0\0ı\0\n\0\\\0\0\0)\0\0\0ı\0\n\0\\\0\0\0\0\0\0ı\0\n\0\\\0\0\0*\0\0\0ı\0\n\0\\\0\0\0+\0\0\0ı\0\n\0\\\0\0\0Ü\0\0\0ı\0\n\0\\\0\0\0İ\0\0\0ı\0\n\0]\0\0\0\0&\0\0\0ı\0\n\0]\0\0\0\'\0\0\0ı\0\n\0]\0\0\0(\0\0\0ı\0\n\0]\0\0\0)\0\0\0ı\0\n\0]\0\0\0\0\0\0ı\0\n\0]\0\0\0*\0\0\0ı\0\n\0]\0\0\0+\0\0\0ı\0\n\0]\0\0\0Ş\0\0\0ı\0\n\0]\0\0\0ß\0\0\0ı\0\n\0^\0\0\0\0&\0\0\0ı\0\n\0^\0\0\0\'\0\0\0ı\0\n\0^\0\0\0(\0\0\0ı\0\n\0^\0\0\0)\0\0\0ı\0\n\0^\0\0\0\0\0\0ı\0\n\0^\0\0\0*\0\0\0ı\0\n\0^\0\0\0+\0\0\0ı\0\n\0^\0\0\0à\0\0\0ı\0\n\0^\0\0\0á\0\0\0ı\0\n\0_\0\0\0\0&\0\0\0ı\0\n\0_\0\0\0\'\0\0\0ı\0\n\0_\0\0\0(\0\0\0ı\0\n\0_\0\0\0)\0\0\0ı\0\n\0_\0\0\0\0\0\0ı\0\n\0_\0\0\0*\0\0\0ı\0\n\0_\0\0\0+\0\0\0ı\0\n\0_\0\0\0â\0\0\0ı\0\n\0_\0\0\0ã\0\0\0×\0D\0@\0\0l~\0~\0~\0~\0~\0~\0~\0~\0~\0~\0~\0~\0~\0~\0~\0~\0~\0~\0~\0~\0~\0~\0~\0~\0~\0~\0~\0~\0~\0~\0~\0\0`\0\0\0	\0ÿ\0\0\0\0\0\0\0\0a\0\0\0	\0ÿ\0\0\0\0\0\0\0\0b\0\0\0	\0ÿ\0\0\0\0\0\0\0\0c\0\0\0	\0ÿ\0\0\0\0\0\0\0\0d\0\0\0	\0ÿ\0\0\0\0\0\0\0\0e\0\0\0	\0ÿ\0\0\0\0\0\0\0\0f\0\0\0	\0ÿ\0\0\0\0\0\0\0\0g\0\0\0	\0ÿ\0\0\0\0\0\0\0\0h\0\0\0	\0ÿ\0\0\0\0\0\0\0\0i\0\0\0	\0ÿ\0\0\0\0\0\0\0\0j\0\0\0	\0ÿ\0\0\0\0\0\0\0\0k\0\0\0	\0ÿ\0\0\0\0\0\0\0\0l\0\0\0	\0ÿ\0\0\0\0\0\0\0\0m\0\0\0	\0ÿ\0\0\0\0\0\0\0\0n\0\0\0	\0ÿ\0\0\0\0\0\0\0\0o\0\0\0	\0ÿ\0\0\0\0\0\0\0\0p\0\0\0	\0ÿ\0\0\0\0\0\0\0\0q\0\0\0	\0ÿ\0\0\0\0\0\0\0\0r\0\0\0	\0ÿ\0\0\0\0\0\0\0\0s\0\0\0	\0ÿ\0\0\0\0\0\0\0\0t\0\0\0	\0ÿ\0\0\0\0\0\0\0\0u\0\0\0	\0ÿ\0\0\0\0\0\0\0\0v\0\0\0	\0ÿ\0\0\0\0\0\0\0\0w\0\0\0	\0ÿ\0\0\0\0\0\0\0\0x\0\0\0	\0ÿ\0\0\0\0\0\0\0\0y\0\0\0	\0ÿ\0\0\0\0\0\0\0\0z\0\0\0	\0ÿ\0\0\0\0\0\0\0\0{\0\0\0	\0ÿ\0\0\0\0\0\0\0\0|\0\0\0	\0ÿ\0\0\0\0\0\0\0\0}\0\0\0	\0ÿ\0\0\0\0\0\0\0\0~\0\0\0	\0ÿ\0\0\0\0\0\0\0\0\0\0\0	\0ÿ\0\0\0\0\0\0\0ı\0\n\0`\0\0\0\0&\0\0\0ı\0\n\0`\0\0\0\'\0\0\0ı\0\n\0`\0\0\0(\0\0\0ı\0\n\0`\0\0\0)\0\0\0ı\0\n\0`\0\0\0\0\0\0ı\0\n\0`\0\0\0*\0\0\0ı\0\n\0`\0\0\0+\0\0\0ı\0\n\0`\0\0\0ä\0\0\0ı\0\n\0`\0\0\0å\0\0\0ı\0\n\0a\0\0\0\0&\0\0\0ı\0\n\0a\0\0\0\'\0\0\0ı\0\n\0a\0\0\0(\0\0\0ı\0\n\0a\0\0\0)\0\0\0ı\0\n\0a\0\0\0\0\0\0ı\0\n\0a\0\0\0*\0\0\0ı\0\n\0a\0\0\0+\0\0\0ı\0\n\0a\0\0\0æ\0\0\0ı\0\n\0a\0\0\0ç\0\0\0ı\0\n\0b\0\0\0\0&\0\0\0ı\0\n\0b\0\0\0\'\0\0\0ı\0\n\0b\0\0\0(\0\0\0ı\0\n\0b\0\0\0)\0\0\0ı\0\n\0b\0\0\0\0\0\0ı\0\n\0b\0\0\0*\0\0\0ı\0\n\0b\0\0\0+\0\0\0ı\0\n\0b\0\0\0è\0\0\0ı\0\n\0b\0\0\0é\0\0\0ı\0\n\0c\0\0\0\0&\0\0\0ı\0\n\0c\0\0\0\'\0\0\0ı\0\n\0c\0\0\0(\0\0\0ı\0\n\0c\0\0\0)\0\0\0ı\0\n\0c\0\0\0\0\0\0ı\0\n\0c\0\0\0*\0\0\0ı\0\n\0c\0\0\0+\0\0\0ı\0\n\0c\0\0\0ê\0\0\0ı\0\n\0c\0\0\0ë\0\0\0ı\0\n\0d\0\0\0\0&\0\0\0ı\0\n\0d\0\0\0\'\0\0\0ı\0\n\0d\0\0\0(\0\0\0ı\0\n\0d\0\0\0)\0\0\0ı\0\n\0d\0\0\0\0\0\0ı\0\n\0d\0\0\0*\0\0\0ı\0\n\0d\0\0\0+\0\0\0ı\0\n\0d\0\0\0ì\0\0\0ı\0\n\0d\0\0\0í\0\0\0ı\0\n\0e\0\0\0\0&\0\0\0ı\0\n\0e\0\0\0\'\0\0\0ı\0\n\0e\0\0\0(\0\0\0ı\0\n\0e\0\0\0)\0\0\0ı\0\n\0e\0\0\0\0\0\0ı\0\n\0e\0\0\0*\0\0\0ı\0\n\0e\0\0\0+\0\0\0ı\0\n\0e\0\0\0î\0\0\0ı\0\n\0e\0\0\0ï\0\0\0ı\0\n\0f\0\0\0\0&\0\0\0ı\0\n\0f\0\0\0\'\0\0\0ı\0\n\0f\0\0\0(\0\0\0ı\0\n\0f\0\0\0)\0\0\0ı\0\n\0f\0\0\0\0\0\0ı\0\n\0f\0\0\0*\0\0\0ı\0\n\0f\0\0\0+\0\0\0ı\0\n\0f\0\0\0ğ\0\0\0ı\0\n\0f\0\0\0ñ\0\0\0ı\0\n\0g\0\0\0\0&\0\0\0ı\0\n\0g\0\0\0\'\0\0\0ı\0\n\0g\0\0\0(\0\0\0ı\0\n\0g\0\0\0)\0\0\0ı\0\n\0g\0\0\0\0\0\0ı\0\n\0g\0\0\0*\0\0\0ı\0\n\0g\0\0\0+\0\0\0ı\0\n\0g\0\0\0ò\0\0\0ı\0\n\0g\0\0\0ó\0\0\0ı\0\n\0h\0\0\0\0&\0\0\0ı\0\n\0h\0\0\0\'\0\0\0ı\0\n\0h\0\0\0(\0\0\0ı\0\n\0h\0\0\0)\0\0\0ı\0\n\0h\0\0\0\0\0\0ı\0\n\0h\0\0\0*\0\0\0ı\0\n\0h\0\0\0+\0\0\0ı\0\n\0h\0\0\0ô\0\0\0ı\0\n\0h\0\0\0õ\0\0\0ı\0\n\0i\0\0\0\0&\0\0\0ı\0\n\0i\0\0\0\'\0\0\0ı\0\n\0i\0\0\0(\0\0\0ı\0\n\0i\0\0\0)\0\0\0ı\0\n\0i\0\0\0\0\0\0ı\0\n\0i\0\0\0*\0\0\0ı\0\n\0i\0\0\0+\0\0\0ı\0\n\0i\0\0\0ö\0\0\0ı\0\n\0i\0\0\0÷\0\0\0ı\0\n\0j\0\0\0\0&\0\0\0ı\0\n\0j\0\0\0\'\0\0\0ı\0\n\0j\0\0\0(\0\0\0ı\0\n\0j\0\0\0)\0\0\0ı\0\n\0j\0\0\0\0\0\0ı\0\n\0j\0\0\0*\0\0\0ı\0\n\0j\0\0\0+\0\0\0ı\0\n\0j\0\0\0ø\0\0\0ı\0\n\0j\0\0\0ù\0\0\0ı\0\n\0k\0\0\0\0&\0\0\0ı\0\n\0k\0\0\0\'\0\0\0ı\0\n\0k\0\0\0(\0\0\0ı\0\n\0k\0\0\0)\0\0\0ı\0\n\0k\0\0\0\0\0\0ı\0\n\0k\0\0\0*\0\0\0ı\0\n\0k\0\0\0+\0\0\0ı\0\n\0k\0\0\0ú\0\0\0ı\0\n\0k\0\0\0û\0\0\0ı\0\n\0l\0\0\0\0&\0\0\0ı\0\n\0l\0\0\0\'\0\0\0ı\0\n\0l\0\0\0(\0\0\0ı\0\n\0l\0\0\0)\0\0\0ı\0\n\0l\0\0\0\0\0\0ı\0\n\0l\0\0\0*\0\0\0ı\0\n\0l\0\0\0+\0\0\0ı\0\n\0l\0\0\0ü\0\0\0ı\0\n\0l\0\0\0ı\0\0\0ı\0\n\0m\0\0\0\0&\0\0\0ı\0\n\0m\0\0\0\'\0\0\0ı\0\n\0m\0\0\0(\0\0\0ı\0\n\0m\0\0\0)\0\0\0ı\0\n\0m\0\0\0\0\0\0ı\0\n\0m\0\0\0*\0\0\0ı\0\n\0m\0\0\0+\0\0\0ı\0\n\0m\0\0\0ş\0\0\0ı\0\n\0m\0\0\0ÿ\0\0\0ı\0\n\0n\0\0\0\0&\0\0\0ı\0\n\0n\0\0\0\'\0\0\0ı\0\n\0n\0\0\0(\0\0\0ı\0\n\0n\0\0\0)\0\0\0ı\0\n\0n\0\0\0\0\0\0ı\0\n\0n\0\0\0*\0\0\0ı\0\n\0n\0\0\0+\0\0\0ı\0\n\0n\0\0\0\0\0\0ı\0\n\0n\0\0\0\0\0ı\0\n\0o\0\0\0\0&\0\0\0ı\0\n\0o\0\0\0\'\0\0\0ı\0\n\0o\0\0\0(\0\0\0ı\0\n\0o\0\0\0)\0\0\0ı\0\n\0o\0\0\0\0\0\0ı\0\n\0o\0\0\0*\0\0\0ı\0\n\0o\0\0\0+\0\0\0ı\0\n\0o\0\0\0\0\0ı\0\n\0o\0\0\0\0\0ı\0\n\0p\0\0\0\0&\0\0\0ı\0\n\0p\0\0\0\'\0\0\0ı\0\n\0p\0\0\0(\0\0\0ı\0\n\0p\0\0\0)\0\0\0ı\0\n\0p\0\0\0\0\0\0ı\0\n\0p\0\0\0*\0\0\0ı\0\n\0p\0\0\0+\0\0\0ı\0\n\0p\0\0\0\0\0ı\0\n\0p\0\0\0\0\0ı\0\n\0q\0\0\0\0&\0\0\0ı\0\n\0q\0\0\0\'\0\0\0ı\0\n\0q\0\0\0(\0\0\0ı\0\n\0q\0\0\0)\0\0\0ı\0\n\0q\0\0\0\0\0\0ı\0\n\0q\0\0\0*\0\0\0ı\0\n\0q\0\0\0+\0\0\0ı\0\n\0q\0\0\0\0\0ı\0\n\0q\0\0\0\0\0ı\0\n\0r\0\0\0\0&\0\0\0ı\0\n\0r\0\0\0\'\0\0\0ı\0\n\0r\0\0\0(\0\0\0ı\0\n\0r\0\0\0)\0\0\0ı\0\n\0r\0\0\0\0\0\0ı\0\n\0r\0\0\0*\0\0\0ı\0\n\0r\0\0\0+\0\0\0ı\0\n\0r\0\0\0\0\0ı\0\n\0r\0\0\0	\0\0ı\0\n\0s\0\0\0\0&\0\0\0ı\0\n\0s\0\0\0\'\0\0\0ı\0\n\0s\0\0\0(\0\0\0ı\0\n\0s\0\0\0)\0\0\0ı\0\n\0s\0\0\0\0\0\0ı\0\n\0s\0\0\0*\0\0\0ı\0\n\0s\0\0\0+\0\0\0ı\0\n\0s\0\0\0\n\0\0ı\0\n\0s\0\0\0\0\0ı\0\n\0t\0\0\0\0&\0\0\0ı\0\n\0t\0\0\0\'\0\0\0ı\0\n\0t\0\0\0(\0\0\0ı\0\n\0t\0\0\0)\0\0\0ı\0\n\0t\0\0\0\0\0\0ı\0\n\0t\0\0\0*\0\0\0ı\0\n\0t\0\0\0+\0\0\0ı\0\n\0t\0\0\0\0\0ı\0\n\0t\0\0\0\r\0\0ı\0\n\0u\0\0\0\0&\0\0\0ı\0\n\0u\0\0\0\'\0\0\0ı\0\n\0u\0\0\0(\0\0\0ı\0\n\0u\0\0\0)\0\0\0ı\0\n\0u\0\0\0\0\0\0ı\0\n\0u\0\0\0*\0\0\0ı\0\n\0u\0\0\0+\0\0\0ı\0\n\0u\0\0\0\0\0ı\0\n\0u\0\0\0\0\0ı\0\n\0v\0\0\0\0&\0\0\0ı\0\n\0v\0\0\0\'\0\0\0ı\0\n\0v\0\0\0(\0\0\0ı\0\n\0v\0\0\0)\0\0\0ı\0\n\0v\0\0\0\0\0\0ı\0\n\0v\0\0\0*\0\0\0ı\0\n\0v\0\0\0+\0\0\0ı\0\n\0v\0\0\0\0\0ı\0\n\0v\0\0\0\0\0ı\0\n\0w\0\0\0\0&\0\0\0ı\0\n\0w\0\0\0\'\0\0\0ı\0\n\0w\0\0\0(\0\0\0ı\0\n\0w\0\0\0)\0\0\0ı\0\n\0w\0\0\0\0\0\0ı\0\n\0w\0\0\0*\0\0\0ı\0\n\0w\0\0\0+\0\0\0ı\0\n\0w\0\0\0\0\0ı\0\n\0w\0\0\0\0\0ı\0\n\0x\0\0\0\0&\0\0\0ı\0\n\0x\0\0\0\'\0\0\0ı\0\n\0x\0\0\0(\0\0\0ı\0\n\0x\0\0\0)\0\0\0ı\0\n\0x\0\0\0\0\0\0ı\0\n\0x\0\0\0*\0\0\0ı\0\n\0x\0\0\0+\0\0\0ı\0\n\0x\0\0\0\0\0ı\0\n\0x\0\0\0\0\0ı\0\n\0y\0\0\0\0&\0\0\0ı\0\n\0y\0\0\0\'\0\0\0ı\0\n\0y\0\0\0(\0\0\0ı\0\n\0y\0\0\0)\0\0\0ı\0\n\0y\0\0\0\0\0\0ı\0\n\0y\0\0\0*\0\0\0ı\0\n\0y\0\0\0+\0\0\0ı\0\n\0y\0\0\0\0\0ı\0\n\0y\0\0\0\0\0ı\0\n\0z\0\0\0\0&\0\0\0ı\0\n\0z\0\0\0\'\0\0\0ı\0\n\0z\0\0\0(\0\0\0ı\0\n\0z\0\0\0)\0\0\0ı\0\n\0z\0\0\0\0\0\0ı\0\n\0z\0\0\0*\0\0\0ı\0\n\0z\0\0\0+\0\0\0ı\0\n\0z\0\0\0\0\0ı\0\n\0z\0\0\0\0\0ı\0\n\0{\0\0\0\0&\0\0\0ı\0\n\0{\0\0\0\'\0\0\0ı\0\n\0{\0\0\0(\0\0\0ı\0\n\0{\0\0\0)\0\0\0ı\0\n\0{\0\0\0\0\0\0ı\0\n\0{\0\0\0*\0\0\0ı\0\n\0{\0\0\0+\0\0\0ı\0\n\0{\0\0\0\Z\0\0ı\0\n\0{\0\0\0\0\0ı\0\n\0|\0\0\0\0&\0\0\0ı\0\n\0|\0\0\0\'\0\0\0ı\0\n\0|\0\0\0(\0\0\0ı\0\n\0|\0\0\0)\0\0\0ı\0\n\0|\0\0\0\0\0\0ı\0\n\0|\0\0\0*\0\0\0ı\0\n\0|\0\0\0+\0\0\0ı\0\n\0|\0\0\0\0\0ı\0\n\0|\0\0\0\0\0ı\0\n\0}\0\0\0\0&\0\0\0ı\0\n\0}\0\0\0\'\0\0\0ı\0\n\0}\0\0\0(\0\0\0ı\0\n\0}\0\0\0)\0\0\0ı\0\n\0}\0\0\0\0\0\0ı\0\n\0}\0\0\0*\0\0\0ı\0\n\0}\0\0\0+\0\0\0ı\0\n\0}\0\0\0\0\0ı\0\n\0}\0\0\0\0\0ı\0\n\0~\0\0\0\0&\0\0\0ı\0\n\0~\0\0\0\'\0\0\0ı\0\n\0~\0\0\0(\0\0\0ı\0\n\0~\0\0\0)\0\0\0ı\0\n\0~\0\0\0\0\0\0ı\0\n\0~\0\0\0*\0\0\0ı\0\n\0~\0\0\0+\0\0\0ı\0\n\0~\0\0\0 \0\0ı\0\n\0~\0\0\0!\0\0ı\0\n\0\0\0\0\0&\0\0\0ı\0\n\0\0\0\0\'\0\0\0ı\0\n\0\0\0\0(\0\0\0ı\0\n\0\0\0\0)\0\0\0ı\0\n\0\0\0\0\0\0\0ı\0\n\0\0\0\0*\0\0\0ı\0\n\0\0\0\0+\0\0\0ı\0\n\0\0\0\0\"\0\0ı\0\n\0\0\0\0#\0\0×\0D\0@\0\0l~\0~\0~\0~\0~\0~\0~\0~\0~\0~\0~\0~\0~\0~\0~\0~\0~\0~\0~\0~\0~\0~\0~\0~\0~\0~\0~\0~\0~\0~\0~\0\0?\0\0\0	\0ÿ\0\0\0\0\0\0\0\0\0\0\0	\0ÿ\0\0\0\0\0\0\0\0?\0\0\0	\0ÿ\0\0\0\0\0\0\0\0?\0\0\0	\0ÿ\0\0\0\0\0\0\0\0?\0\0\0	\0ÿ\0\0\0\0\0\0\0\0?\0\0\0	\0ÿ\0\0\0\0\0\0\0\0?\0\0\0	\0ÿ\0\0\0\0\0\0\0\0?\0\0\0	\0ÿ\0\0\0\0\0\0\0\0?\0\0\0	\0ÿ\0\0\0\0\0\0\0\0?\0\0\0	\0ÿ\0\0\0\0\0\0\0\0?\0\0\0	\0ÿ\0\0\0\0\0\0\0\0?\0\0\0	\0ÿ\0\0\0\0\0\0\0\0?\0\0\0	\0ÿ\0\0\0\0\0\0\0\0\0\0\0	\0ÿ\0\0\0\0\0\0\0\0?\0\0\0	\0ÿ\0\0\0\0\0\0\0\0\0\0\0	\0ÿ\0\0\0\0\0\0\0\0\0\0\0	\0ÿ\0\0\0\0\0\0\0\0?\0\0\0	\0ÿ\0\0\0\0\0\0\0\0?\0\0\0	\0ÿ\0\0\0\0\0\0\0\0?\0\0\0	\0ÿ\0\0\0\0\0\0\0\0?\0\0\0	\0ÿ\0\0\0\0\0\0\0\0?\0\0\0	\0ÿ\0\0\0\0\0\0\0\0?\0\0\0	\0ÿ\0\0\0\0\0\0\0\0?\0\0\0	\0ÿ\0\0\0\0\0\0\0\0?\0\0\0	\0ÿ\0\0\0\0\0\0\0\0?\0\0\0	\0ÿ\0\0\0\0\0\0\0\0?\0\0\0	\0ÿ\0\0\0\0\0\0\0\0?\0\0\0	\0ÿ\0\0\0\0\0\0\0\0?\0\0\0	\0ÿ\0\0\0\0\0\0\0ı\0\n\0?\0\0\0\0&\0\0\0ı\0\n\0?\0\0\0\'\0\0\0ı\0\n\0?\0\0\0(\0\0\0ı\0\n\0?\0\0\0)\0\0\0ı\0\n\0?\0\0\0\0\0\0ı\0\n\0?\0\0\0*\0\0\0ı\0\n\0?\0\0\0+\0\0\0ı\0\n\0?\0\0\0$\0\0ı\0\n\0?\0\0\0%\0\0ı\0\n\0\0\0\0\0&\0\0\0ı\0\n\0\0\0\0\'\0\0\0ı\0\n\0\0\0\0(\0\0\0ı\0\n\0\0\0\0)\0\0\0ı\0\n\0\0\0\0\0\0\0ı\0\n\0\0\0\0*\0\0\0ı\0\n\0\0\0\0+\0\0\0ı\0\n\0\0\0\0&\0\0ı\0\n\0\0\0\0\'\0\0ı\0\n\0?\0\0\0\0&\0\0\0ı\0\n\0?\0\0\0\'\0\0\0ı\0\n\0?\0\0\0(\0\0\0ı\0\n\0?\0\0\0)\0\0\0ı\0\n\0?\0\0\0\0\0\0ı\0\n\0?\0\0\0*\0\0\0ı\0\n\0?\0\0\0+\0\0\0ı\0\n\0?\0\0\0(\0\0ı\0\n\0?\0\0\0)\0\0ı\0\n\0?\0\0\0\0&\0\0\0ı\0\n\0?\0\0\0\'\0\0\0ı\0\n\0?\0\0\0(\0\0\0ı\0\n\0?\0\0\0)\0\0\0ı\0\n\0?\0\0\0\0\0\0ı\0\n\0?\0\0\0*\0\0\0ı\0\n\0?\0\0\0+\0\0\0ı\0\n\0?\0\0\0*\0\0ı\0\n\0?\0\0\0+\0\0ı\0\n\0?\0\0\0\0&\0\0\0ı\0\n\0?\0\0\0\'\0\0\0ı\0\n\0?\0\0\0(\0\0\0ı\0\n\0?\0\0\0)\0\0\0ı\0\n\0?\0\0\0\0\0\0ı\0\n\0?\0\0\0*\0\0\0ı\0\n\0?\0\0\0+\0\0\0ı\0\n\0?\0\0\0,\0\0ı\0\n\0?\0\0\0-\0\0ı\0\n\0?\0\0\0\0&\0\0\0ı\0\n\0?\0\0\0\'\0\0\0ı\0\n\0?\0\0\0(\0\0\0ı\0\n\0?\0\0\0)\0\0\0ı\0\n\0?\0\0\0\0\0\0ı\0\n\0?\0\0\0*\0\0\0ı\0\n\0?\0\0\0+\0\0\0ı\0\n\0?\0\0\0.\0\0ı\0\n\0?\0\0\0/\0\0ı\0\n\0?\0\0\0\0&\0\0\0ı\0\n\0?\0\0\0\'\0\0\0ı\0\n\0?\0\0\0(\0\0\0ı\0\n\0?\0\0\0)\0\0\0ı\0\n\0?\0\0\0\0\0\0ı\0\n\0?\0\0\0*\0\0\0ı\0\n\0?\0\0\0+\0\0\0ı\0\n\0?\0\0\00\0\0ı\0\n\0?\0\0\01\0\0ı\0\n\0?\0\0\0\0&\0\0\0ı\0\n\0?\0\0\0\'\0\0\0ı\0\n\0?\0\0\0(\0\0\0ı\0\n\0?\0\0\0)\0\0\0ı\0\n\0?\0\0\0\0\0\0ı\0\n\0?\0\0\0*\0\0\0ı\0\n\0?\0\0\0+\0\0\0ı\0\n\0?\0\0\02\0\0ı\0\n\0?\0\0\0\0\0\0ı\0\n\0?\0\0\0\0&\0\0\0ı\0\n\0?\0\0\0\'\0\0\0ı\0\n\0?\0\0\0(\0\0\0ı\0\n\0?\0\0\0)\0\0\0ı\0\n\0?\0\0\0\0\0\0ı\0\n\0?\0\0\0*\0\0\0ı\0\n\0?\0\0\0+\0\0\0ı\0\n\0?\0\0\03\0\0ı\0\n\0?\0\0\0?\0\0\0ı\0\n\0?\0\0\0\0&\0\0\0ı\0\n\0?\0\0\0\'\0\0\0ı\0\n\0?\0\0\0(\0\0\0ı\0\n\0?\0\0\0)\0\0\0ı\0\n\0?\0\0\0\0\0\0ı\0\n\0?\0\0\0*\0\0\0ı\0\n\0?\0\0\0+\0\0\0ı\0\n\0?\0\0\04\0\0ı\0\n\0?\0\0\0?\0\0\0ı\0\n\0?\0\0\0\0&\0\0\0ı\0\n\0?\0\0\0\'\0\0\0ı\0\n\0?\0\0\0(\0\0\0ı\0\n\0?\0\0\0)\0\0\0ı\0\n\0?\0\0\0\0\0\0ı\0\n\0?\0\0\0*\0\0\0ı\0\n\0?\0\0\0+\0\0\0ı\0\n\0?\0\0\05\0\0ı\0\n\0?\0\0\06\0\0ı\0\n\0?\0\0\0\0&\0\0\0ı\0\n\0?\0\0\0\'\0\0\0ı\0\n\0?\0\0\0(\0\0\0ı\0\n\0?\0\0\0)\0\0\0ı\0\n\0?\0\0\0\0\0\0ı\0\n\0?\0\0\0*\0\0\0ı\0\n\0?\0\0\0+\0\0\0ı\0\n\0?\0\0\07\0\0ı\0\n\0?\0\0\08\0\0ı\0\n\0?\0\0\0\0&\0\0\0ı\0\n\0?\0\0\0\'\0\0\0ı\0\n\0?\0\0\0(\0\0\0ı\0\n\0?\0\0\0)\0\0\0ı\0\n\0?\0\0\0\0\0\0ı\0\n\0?\0\0\0*\0\0\0ı\0\n\0?\0\0\0+\0\0\0ı\0\n\0?\0\0\09\0\0ı\0\n\0?\0\0\0:\0\0ı\0\n\0\0\0\0\0&\0\0\0ı\0\n\0\0\0\0\'\0\0\0ı\0\n\0\0\0\0(\0\0\0ı\0\n\0\0\0\0)\0\0\0ı\0\n\0\0\0\0\0\0\0ı\0\n\0\0\0\0*\0\0\0ı\0\n\0\0\0\0+\0\0\0ı\0\n\0\0\0\0;\0\0ı\0\n\0\0\0\0<\0\0ı\0\n\0?\0\0\0\0&\0\0\0ı\0\n\0?\0\0\0\'\0\0\0ı\0\n\0?\0\0\0(\0\0\0ı\0\n\0?\0\0\0)\0\0\0ı\0\n\0?\0\0\0\0\0\0ı\0\n\0?\0\0\0*\0\0\0ı\0\n\0?\0\0\0+\0\0\0ı\0\n\0?\0\0\0=\0\0ı\0\n\0?\0\0\0>\0\0ı\0\n\0\0\0\0\0&\0\0\0ı\0\n\0\0\0\0\'\0\0\0ı\0\n\0\0\0\0(\0\0\0ı\0\n\0\0\0\0)\0\0\0ı\0\n\0\0\0\0\0\0\0ı\0\n\0\0\0\0*\0\0\0ı\0\n\0\0\0\0+\0\0\0ı\0\n\0\0\0\0?\0\0ı\0\n\0\0\0\0@\0\0ı\0\n\0\0\0\0\0&\0\0\0ı\0\n\0\0\0\0\'\0\0\0ı\0\n\0\0\0\0(\0\0\0ı\0\n\0\0\0\0)\0\0\0ı\0\n\0\0\0\0\0\0\0ı\0\n\0\0\0\0*\0\0\0ı\0\n\0\0\0\0+\0\0\0ı\0\n\0\0\0\0A\0\0ı\0\n\0\0\0\0B\0\0ı\0\n\0?\0\0\0\0&\0\0\0ı\0\n\0?\0\0\0\'\0\0\0ı\0\n\0?\0\0\0(\0\0\0ı\0\n\0?\0\0\0)\0\0\0ı\0\n\0?\0\0\0\0\0\0ı\0\n\0?\0\0\0*\0\0\0ı\0\n\0?\0\0\0+\0\0\0ı\0\n\0?\0\0\0C\0\0ı\0\n\0?\0\0\0D\0\0ı\0\n\0?\0\0\0\0&\0\0\0ı\0\n\0?\0\0\0\'\0\0\0ı\0\n\0?\0\0\0(\0\0\0ı\0\n\0?\0\0\0)\0\0\0ı\0\n\0?\0\0\0\0\0\0ı\0\n\0?\0\0\0*\0\0\0ı\0\n\0?\0\0\0+\0\0\0ı\0\n\0?\0\0\0E\0\0ı\0\n\0?\0\0\0F\0\0ı\0\n\0?\0\0\0\0&\0\0\0ı\0\n\0?\0\0\0\'\0\0\0ı\0\n\0?\0\0\0(\0\0\0ı\0\n\0?\0\0\0)\0\0\0ı\0\n\0?\0\0\0\0\0\0ı\0\n\0?\0\0\0*\0\0\0ı\0\n\0?\0\0\0+\0\0\0ı\0\n\0?\0\0\0G\0\0ı\0\n\0?\0\0\0H\0\0ı\0\n\0?\0\0\0\0&\0\0\0ı\0\n\0?\0\0\0\'\0\0\0ı\0\n\0?\0\0\0(\0\0\0ı\0\n\0?\0\0\0)\0\0\0ı\0\n\0?\0\0\0\0\0\0ı\0\n\0?\0\0\0*\0\0\0ı\0\n\0?\0\0\0+\0\0\0ı\0\n\0?\0\0\0I\0\0ı\0\n\0?\0\0\0J\0\0ı\0\n\0?\0\0\0\0K\0\0ı\0\n\0?\0\0\0L\0\0ı\0\n\0?\0\0\0M\0\0ı\0\n\0?\0\0\0N\0\0ı\0\n\0?\0\0\0\0\0\0ı\0\n\0?\0\0\0O\0\0ı\0\n\0?\0\0\0P\0\0ı\0\n\0?\0\0\0Q\0\0ı\0\n\0?\0\0\0R\0\0ı\0\n\0?\0\0\0\0K\0\0ı\0\n\0?\0\0\0L\0\0ı\0\n\0?\0\0\0M\0\0ı\0\n\0?\0\0\0N\0\0ı\0\n\0?\0\0\0\0\0\0ı\0\n\0?\0\0\0O\0\0ı\0\n\0?\0\0\0P\0\0ı\0\n\0?\0\0\0S\0\0ı\0\n\0?\0\0\0T\0\0ı\0\n\0?\0\0\0\0K\0\0ı\0\n\0?\0\0\0L\0\0ı\0\n\0?\0\0\0M\0\0ı\0\n\0?\0\0\0N\0\0ı\0\n\0?\0\0\0\0\0\0ı\0\n\0?\0\0\0O\0\0ı\0\n\0?\0\0\0P\0\0ı\0\n\0?\0\0\0U\0\0ı\0\n\0?\0\0\0V\0\0ı\0\n\0?\0\0\0\0K\0\0ı\0\n\0?\0\0\0L\0\0ı\0\n\0?\0\0\0M\0\0ı\0\n\0?\0\0\0N\0\0ı\0\n\0?\0\0\0\0\0\0ı\0\n\0?\0\0\0O\0\0ı\0\n\0?\0\0\0P\0\0ı\0\n\0?\0\0\0W\0\0ı\0\n\0?\0\0\0X\0\0ı\0\n\0?\0\0\0\0K\0\0ı\0\n\0?\0\0\0L\0\0ı\0\n\0?\0\0\0M\0\0ı\0\n\0?\0\0\0N\0\0ı\0\n\0?\0\0\0\0\0\0ı\0\n\0?\0\0\0O\0\0ı\0\n\0?\0\0\0P\0\0ı\0\n\0?\0\0\0Y\0\0ı\0\n\0?\0\0\0Z\0\0ı\0\n\0?\0\0\0\0K\0\0ı\0\n\0?\0\0\0L\0\0ı\0\n\0?\0\0\0M\0\0ı\0\n\0?\0\0\0N\0\0ı\0\n\0?\0\0\0\0\0\0ı\0\n\0?\0\0\0O\0\0ı\0\n\0?\0\0\0P\0\0ı\0\n\0?\0\0\0[\0\0ı\0\n\0?\0\0\0\\\0\0ı\0\n\0?\0\0\0\0K\0\0ı\0\n\0?\0\0\0]\0\0ı\0\n\0?\0\0\0M\0\0ı\0\n\0?\0\0\0^\0\0ı\0\n\0?\0\0\0\0\0\0ı\0\n\0?\0\0\0O\0\0ı\0\n\0?\0\0\0P\0\0ı\0\n\0?\0\0\0_\0\0ı\0\n\0?\0\0\0	\0\0ı\0\n\0?\0\0\0\0K\0\0ı\0\n\0?\0\0\0]\0\0ı\0\n\0?\0\0\0M\0\0ı\0\n\0?\0\0\0^\0\0ı\0\n\0?\0\0\0\0\0\0ı\0\n\0?\0\0\0O\0\0ı\0\n\0?\0\0\0P\0\0ı\0\n\0?\0\0\0`\0\0ı\0\n\0?\0\0\0a\0\0×\0>\0?\0\00~\0~\0~\0~\0~\0~\0~\0~\0~\0~\0~\0~\0~\0~\0~\0~\0~\0~\0~\0~\0~\0~\0~\0~\0~\0~\0~\0~\0>\0¶\0\0\0\0\0@\0\0\0\0\0\0\0\0\0\0\0\0\0\0\0\0\0\0\0\0\0\0\0\0\0\0\n\0\0\0ÿÿÿÿÿÿÿÿÿÿÿÿÿÿÿÿÿÿÿÿÿÿÿÿÿÿÿÿÿÿÿÿÿÿÿÿÿÿÿÿÿÿÿÿÿÿÿÿÿÿÿÿÿÿÿÿÿÿÿÿÿÿÿÿÿÿÿÿÿÿÿÿÿÿÿÿÿÿÿÿÿÿÿÿÿÿÿÿÿÿÿÿÿÿÿÿÿÿÿÿÿÿÿÿÿÿÿÿÿÿÿÿÿÿÿÿÿÿÿÿÿÿÿÿÿÿÿÿÿÿÿÿÿÿÿÿÿÿÿÿÿÿÿÿÿÿÿÿÿÿÿÿÿÿÿÿÿÿÿÿÿÿÿÿÿÿÿÿÿÿÿÿÿÿÿÿÿÿÿÿÿÿÿÿÿÿÿÿÿÿÿÿÿÿÿÿÿÿÿÿÿÿÿÿÿÿÿÿÿÿÿÿÿÿÿÿÿÿÿÿÿÿÿÿÿÿÿÿÿÿÿÿÿÿÿÿÿÿÿÿÿÿÿÿÿÿÿÿÿÿÿÿÿÿÿÿÿÿÿÿÿÿÿÿÿÿÿÿÿÿÿÿÿÿÿÿÿÿÿÿÿÿÿÿÿÿÿÿÿÿÿÿÿÿÿÿÿÿÿÿÿÿÿÿÿÿÿÿÿÿÿÿÿÿÿÿÿÿÿÿÿÿÿÿÿÿÿÿÿÿÿÿÿÿÿÿÿÿÿÿÿÿÿÿÿÿÿÿÿÿÿÿÿÿÿÿÿÿÿÿÿÿÿÿÿÿÿÿÿÿÿÿÿÿÿÿÿÿÿÿÿÿÿÿÿÿÿÿÿÿÿÿÿÿÿÿÿÿÿÿÿÿÿÿÿÿÿÿÿÿÿÿÿÿÿÿÿÿÿÿÿÿÿÿÿÿÿÿÿÿÿÿÿÿÿÿÿÿÿÿÿÿÿÿÿÿÿÿÿÿR\0o\0o\0t\0 \0E\0n\0t\0r\0y\0\0\0\0\0\0\0\0\0\0\0\0\0\0\0\0\0\0\0\0\0\0\0\0\0\0\0\0\0\0\0\0\0\0\0\0\0\0\0\0\0\0\0\0\0\0ÿÿÿÿÿÿÿÿ\0\0\0\0\0\0\0\0\0\0\0\0\0\0\0\0\0\0\0\0\0\0\0\0\0\0\0\0\0\0\0\0\0\0\0\0\0\0\0E\0\0\0?\0\0\0\0\0\0W\0o\0r\0k\0b\0o\0o\0k\0\0\0\0\0\0\0\0\0\0\0\0\0\0\0\0\0\0\0\0\0\0\0\0\0\0\0\0\0\0\0\0\0\0\0\0\0\0\0\0\0\0\0\0\0\0\0\0\0\0ÿÿÿÿÿÿÿÿÿÿÿÿ\0\0\0\0\0\0\0\0\0\0\0\0\0\0\0\0\0\0\0\0\0\0\0\0\0\0\0\0\0\0\0\0\0\0\0\0\0\0\0\0>?\0\0\0\0\0\0\0S\0u\0m\0m\0a\0r\0y\0I\0n\0f\0o\0r\0m\0a\0t\0i\0o\0n\0\0\0\0\0\0\0\0\0\0\0\0\0\0\0\0\0\0\0\0\0\0\0\0\0\0\0(\0\0\0\0\0\0\0ÿÿÿÿ\0\0\0\0\0\0\0\0\0\0\0\0\0\0\0\0\0\0\0\0\0\0\0\0\0\0\0\0\0\0\0\0\0\0\0\0\0\0\0\00\0\0\0\0\0\0\0D\0o\0c\0u\0m\0e\0n\0t\0S\0u\0m\0m\0a\0r\0y\0I\0n\0f\0o\0r\0m\0a\0t\0i\0o\0n\0\0\0\0\0\0\0\0\0\0\08\0ÿÿÿÿÿÿÿÿÿÿÿÿ\0\0\0\0\0\0\0\0\0\0\0\0\0\0\0\0\0\0\0\0\0\0\0\0\0\0\0\0\0\0\0\0\0\0\0\0\0\0\08\0\0\0\0\0\0\0şÿ\0\0\n\0\0\0\0\0\0\0\0\0\0\0\0\0\0\0\0\0\0\0\0à??òùOh«?\0+\'³Ù0\0\0\0\0\0\0\0\0\0\0\0\0(\0\0\0\0\0\0R\0\0\0\0\0\0|\0\0\0\0\0\0?\0\0\0\0\0\0\0\0\0V\0a\0l\0u\0e\0 \0S\0e\0t\0 \0E\0x\0p\0o\0r\0t\0\0\0\0\0\0\0\0\0V\0a\0l\0u\0e\0 \0S\0e\0t\0 \0E\0x\0p\0o\0r\0t\0\0\0\0\0\0\0\0\0N\0Q\0F\0\0\0\0\0\0\0\02\0\0\0V\0a\0l\0u\0e\0 \0S\0e\0t\0,\0 \0O\0I\0D\0,\0 \0E\0x\0p\0o\0r\0t\0,\0 \0M\0e\0a\0s\0u\0r\0e\0,\0 \0C\0o\0d\0e\0,\0 \0D\0e\0s\0c\0r\0i\0p\0t\0o\0r\0\0\0\0\0\0\0\0\0ÿÿÿÿÿÿÿÿÿÿÿÿÿÿÿÿşÿ\0\0\n\0\0\0\0\0\0\0\0\0\0\0\0\0\0\0\0\0\0\0\0ÕÍÕ?.??\0+,ù®0\0\0\0\0\0\0\0\0\0\0ÿÿÿÿÿÿÿÿÿÿÿÿÿÿÿÿÿÿÿÿÿÿÿÿÿÿÿÿÿÿÿÿÿÿÿÿÿÿÿÿÿÿÿÿÿÿÿÿÿÿÿÿÿÿÿÿÿÿÿÿÿÿÿÿÿÿÿÿÿÿÿÿÿÿÿÿÿÿÿÿÿÿÿÿÿÿÿÿÿÿÿÿÿÿÿÿÿÿÿÿÿÿÿÿÿÿÿÿÿÿÿÿÿÿÿÿÿÿÿÿÿÿÿÿÿÿÿÿÿÿÿÿÿÿÿÿ\0\0\0\0\0\0\0\0\0\0\0\0şÿÿÿşÿÿÿÿÿÿÿÿÿÿÿÿÿÿÿÿÿÿÿÿÿÿÿÿÿÿÿÿÿÿÿÿÿÿÿÿÿÿÿÿÿÿÿÿÿÿÿÿÿÿÿÿÿÿÿÿÿÿÿÿÿÿÿÿÿÿÿÿÿÿÿÿÿÿÿÿÿÿÿÿÿÿÿÿÿÿÿÿÿÿÿÿÿÿÿÿÿÿÿÿÿÿÿÿÿÿÿÿÿÿÿÿÿÿÿÿÿÿÿÿÿÿÿÿÿÿÿÿÿÿÿÿÿÿÿÿÿÿÿÿÿÿÿÿÿÿÿÿÿÿÿÿÿÿÿÿÿÿÿÿÿÿÿÿÿÿÿÿÿÿÿÿÿÿÿÿÿÿÿÿÿÿÿÿÿÿÿÿÿÿÿÿÿÿÿÿÿÿÿÿÿÿÿÿÿÿÿÿÿÿÿÿÿÿÿÿÿÿÿÿÿÿÿÿÿÿÿÿÿÿÿÿÿÿÿÿÿÿÿÿÿÿÿÿÿÿÿÿÿÿÿÿÿÿÿÿÿÿÿÿÿÿÿÿÿÿÿÿÿÿÿÿÿÿÿÿÿÿÿÿÿÿÿÿÿÿÿÿÿÿÿÿÿÿÿÿÿÿÿÿÿÿÿÿÿÿÿÿÿÿÿÿÿÿÿÿÿÿÿÿÿÿÿÿÿÿÿÿÿÿÿÿÿÿÿÿÿÿÿÿÿÿÿÿÿÿÿÿÿÿÿÿÿÿÿÿÿÿÿÿÿÿÿÿÿÿÿÿÿÿÿÿÿÿÿÿÿÿÿÿÿÿÿÿÿÿÿÿÿÿÿÿÿÿÿÿÿÿÿÿÿÿÿÿÿÿÿÿÿÿÿÿÿÿÿÿÿÿÿÿÿÿÿÿÿÿÿÿÿÿÿÿÿÿÿÿÿÿÿÿÿÿÿÿÿÿÿÿÿÿÿÿÿÿÿÿÿÿÿÿÿÿÿÿÿÿÿÿÿÿÿÿÿÿÿÿÿÿÿÿÿÿÿÿÿÿÿÿÿÿÿ\0\0\0\0\0\0\0\0\0\0\0\0\0\0\0\0\0\0\0\0\0\0\0\0	\0\0\0\n\0\0\0\0\0\0\0\0\0\r\0\0\0\0\0\0\0\0\0\0\0\0\0\0\0\0\0\0\0\0\0\0\0\0\0\0\0\0\0\0\0\0\0\0\0\0\0\0\0\Z\0\0\0\0\0\0\0\0\0\0\0\0\0\0\0\0\0\0 \0\0\0!\0\0\0\"\0\0\0#\0\0\0$\0\0\0%\0\0\0&\0\0\0\'\0\0\0(\0\0\0)\0\0\0*\0\0\0+\0\0\0,\0\0\0-\0\0\0.\0\0\0/\0\0\00\0\0\01\0\0\02\0\0\03\0\0\04\0\0\05\0\0\06\0\0\07\0\0\08\0\0\09\0\0\0:\0\0\0;\0\0\0<\0\0\0=\0\0\0>\0\0\0?\0\0\0@\0\0\0A\0\0\0B\0\0\0C\0\0\0şÿÿÿşÿÿÿşÿÿÿşÿÿÿşÿÿÿÿÿÿÿÿÿÿÿÿÿÿÿÿÿÿÿÿÿÿÿÿÿÿÿÿÿÿÿÿÿÿÿÿÿÿÿÿÿÿÿÿÿÿÿÿÿÿÿÿÿÿÿÿÿÿÿÿÿÿÿÿÿÿÿÿÿÿÿÿÿÿÿÿÿÿÿÿÿÿÿÿÿÿÿÿÿÿÿÿÿÿÿÿÿÿÿÿÿÿÿÿÿÿÿÿÿÿÿÿÿÿÿÿÿÿÿÿÿÿÿÿÿÿÿÿÿÿÿÿÿÿÿÿÿÿÿÿÿÿÿÿÿÿÿÿÿÿÿÿÿÿÿÿÿÿÿÿÿÿÿÿÿÿÿÿÿÿÿÿÿÿÿÿÿÿÿÿÿÿÿÿÿÿÿÿÿÿÿÿÿÿÿÿÿÿÿÿÿÿÿÿÿÿÿÿÿÿÿÿÿÿÿÿÿÿÿÿÿÿÿÿÿÿÿ'),('8a4d92b23512a40201355e79a40a23d7','8a4d92b23512a4020135592a69860960','<?xml version=\"1.0\" encoding=\"ISO-8859-1\"?>\n<measure>\n     <headers>\n          <uuid>\n      8a4d92b2-3512-a402-0135-592a69860960\n    </uuid>\n          <title>\n      Clostridium Difficile (C. diff) Phenotype Algorithm - Cases\n    </title>\n          <period uuid=\"3f89b327-3628-43b8-b7ec-77083bef0971\">\n               <startdate uuid=\"d51f8058-c872-45e1-a02d-6e21c59c997e\">\n        19900101\n      </startdate>\n               <stopdate uuid=\"d6dc2632-b8b7-49a4-9aa1-7bbd30863fe1\">\n        20111231\n      </stopdate>\n          </period>\n          <description>\n      Clostridium difficile, also known as \"C. diff,\" is a species of bacteria that causes severe diarrhea and other intestinal disease when competing bacteria in the gut have been wiped out by antibiotics (see Wikipedia entry). In rare cases a C. diff infection can progress to toxic megacolon which can be life-threatening. In a very small percentage of the adult population C. difficile bacteria naturally reside in the gut. Other people accidentally ingest spores of the bacteria while patients in a hospital or nursing home.\nThe EMR phenotype definition below includes two separate algorithms&#8212;one relying on inpatient data and the other on outpatient data. The algorithm for inpatient data was developed primarily by Vanderbilt. The outpatient algorithm was developed primarily by Group Health/UW.\n    </description>\n          <copyright>\n      Developed by Group Health and Vanderbilt University\nThis algorithm was implemented in MAT for testing purposes only, and should not be used or shared.\n    </copyright>\n          <setid>\n      d331e926-fd70-43eb-95fd-ae1949c20af7\n    </setid>\n          <status>\n      InProgress\n    </status>\n          <authors>\n               <author id=\"73f2de7f-fadd-478b-8b2d-5b7f822d46a8\">\n        Group Health\n      </author>\n               <author id=\"58e3d115-5740-45bf-b6fc-649d98ee1eb1\">\n        Vanderbilt University\n      </author>\n          </authors>\n          <custodian id=\"6dd2e729-9424-4b21-b541-50d13f355a96\">\n      Group Health Cooperative\n    </custodian>\n          <verifiers>\n               <verifier>\n        None\n      </verifier>\n          </verifiers>\n          <scores>\n               <score id=\"CONTVAR\">\n        Continuous Variable\n      </score>\n          </scores>\n          <types>\n               <type id=\"OUTCOME\">\n        Outcome\n      </type>\n          </types>\n          <stratification>\n      -\n    </stratification>\n          <guidance>\n      -\n    </guidance>\n          <transmissionFormat>\n      -\n    </transmissionFormat>\n          <rationales>\n               <rationale>\n        -\n      </rationale>\n          </rationales>\n          <recommendations>\n               <recommendation>\n        -\n      </recommendation>\n          </recommendations>\n          <references>\n               <reference>\n        -\n      </reference>\n          </references>\n          <improvementNotation>\n      -\n    </improvementNotation>\n          <definitions>\n               <definition>\n        -\n      </definition>\n          </definitions>\n          <qualityMeasureSet uuid=\"3fbdb4c4-2a47-4c74-8f4c-9dd257df542f\">\n      -\n    </qualityMeasureSet>\n          <supplementalData>\n      -\n    </supplementalData>\n          <disclaimer>\n      The algortihm proposed here has not been fully verified, nor is the implementation guaranteed to follow best measure authoring practices as envisioned by the NQF.\n    </disclaimer>\n          <riskAdjustment>\n      -\n    </riskAdjustment>\n          <aggregation>\n      -\n    </aggregation>\n          <initialPatientPopDescription>\n      -\n    </initialPatientPopDescription>\n          <denominatorExclusionsDescription>\n      -\n    </denominatorExclusionsDescription>\n          <numeratorDescription>\n      -\n    </numeratorDescription>\n          <numeratorExclusionsDescription>\n      -\n    </numeratorExclusionsDescription>\n          <denominatorExceptionsDescription>\n      -\n    </denominatorExceptionsDescription>\n          <measurePopulationDescription>\n      -\n    </measurePopulationDescription>\n          <measureObservationsDescription>\n      -\n    </measureObservationsDescription>\n          <denominatorDescription>\n      -\n    </denominatorDescription>\n          <nqfid root=\"2.16.840.1.113883.3.560.1\" extension=\"EMERGE-CDIFF-V1\"/>\n     \r\n<version>0</version>\r\n</headers>\n     <elementlookup>\n          <qdsel id=\"1714\" codesystemname=\"HL7\" codesystem=\"2.16.840.1.113883.3.1427\" oid=\"2.16.840.1.113883.1.11.1\" name=\"Gender\" uuid=\"7fd4d8e4-4e32-4fa8-96ab-23432cecde82\" datatype=\"Patient Characteristic\" taxonomy=\"HL7 (2.16.840.1.113883.5.1)\"/>\n          <qdsel id=\"1715\" codesystemname=\"CDC NCHS\" codesystem=\"2.16.840.1.113883.3.1427\" oid=\"2.16.840.1.114222.4.11.836\" name=\"Race\" uuid=\"b4bc9100-e3fa-4fdf-9348-ffa6b43f0133\" datatype=\"Patient Characteristic\" taxonomy=\"CDC\"/>\n          <qdsel id=\"1716\" codesystemname=\"CDC NCHS\" codesystem=\"2.16.840.1.113883.3.1427\" oid=\"2.16.840.1.114222.4.11.837\" name=\"Ethnicity\" uuid=\"231556aa-4be1-4adf-91b2-7e40851f856f\" datatype=\"Patient Characteristic\" taxonomy=\"CDC\"/>\n          <qdsel id=\"1717\" codesystemname=\"PHDSC\" codesystem=\"2.16.840.1.113883.3.1427\" oid=\"2.16.840.1.113883.221.5\" name=\"Payer\" uuid=\"e4423efb-ea65-49f4-bcda-51db418581cd\" datatype=\"Patient Characteristic\" taxonomy=\"Source of Payment Typology\"/>\n          <qdsel id=\"1720\" codesystemname=\"Oklahoma Foundation for Medical Quality\" codesystem=\"2.16.840.1.113883.3.1427\" oid=\"2.16.840.1.113883.3.666.05.625x\" name=\"Encounter Inpatient\" uuid=\"5b493dfd-8192-4603-a1ec-32a067d43df6\" datatype=\"Encounter, Performed\" taxonomy=\"SNOMED-CT\"/>\n          <qdsel id=\"1721\" codesystemname=\"MITRE\" codesystem=\"2.16.840.1.113883.3.1427\" oid=\"2.16.840.1.113883.3.464.0001.49\" name=\"Outpatient Encounter\" uuid=\"0237e481-0a99-4002-a86b-3ce3659702f6\" datatype=\"Encounter, Performed\" taxonomy=\"Grouping\"/>\n          <qdsel id=\"1722\" codesystemname=\"Northwestern University\" codesystem=\"2.16.840.1.113883.3.1427\" oid=\"2.16.840.1.113883.299\" name=\"Clostridium difficile\" uuid=\"7db3aacc-361c-44bd-84ef-63283c0cdf50\" datatype=\"Diagnosis, Resolved\" taxonomy=\"ICD-9\"/>\n          <qdsel id=\"1723\" codesystemname=\"Northwestern University\" codesystem=\"2.16.840.1.113883.3.1427\" oid=\"2.16.840.1.113883.300\" name=\"Medications for treating C. diff\" uuid=\"a8d2dd29-dd20-4a9f-87c0-e7524804139f\" datatype=\"Medication, Administered\" taxonomy=\"RxNorm\"/>\n          <qdsel id=\"1756\" codesystemname=\"National Quality Forum\" codesystem=\"2.16.840.1.113883.3.1427\" oid=\"2.16.840.1.113883.3.560.100.4\" name=\"birth date\" uuid=\"9777f059-1f46-48ef-a337-7750a8ca5c8e\" datatype=\"Patient Characteristic\" taxonomy=\"LOINC\"/>\n          <qdsel id=\"1762\" codesystemname=\"Northwestern University\" codesystem=\"2.16.840.1.113883.3.1427\" oid=\"2.16.840.1.113883.306\" name=\"Inpatient Visit\" uuid=\"24a49381-0af4-4adb-9c7b-b7a965265c09\" datatype=\"Encounter, Performed\" taxonomy=\"SNOMED-CT\"/>\n          <qdsel id=\"2-1761\" codesystemname=\"Northwestern University\" codesystem=\"2.16.840.1.113883.3.1427\" oid=\"2.16.840.1.113883.305\" name=\"C. diff lab test\" uuid=\"2f700c9a-b38b-4386-99f8-27557c9f72aa\" datatype=\"Laboratory Test, Result\" taxonomy=\"LOINC\"/>\n          <iqdsel id=\"1757\" refid=\"1756\" iname=\"Occurrence A\" name=\"birth date\" datatype=\"Occurrence A of Patient Characteristic\" uuid=\"019c0d92-7dbe-46a2-a50a-284f15e8b6ae\"/>\n          <iqdsel id=\"1758\" refid=\"1722\" iname=\"Occurrence A\" name=\"Clostridium difficile\" datatype=\"Occurrence A of Diagnosis, Resolved\" uuid=\"b68bfe44-f80e-47ac-a37e-eda941a8ad09\"/>\n          <iqdsel id=\"1759\" refid=\"1722\" iname=\"Occurrence B\" name=\"Clostridium difficile\" datatype=\"Occurrence B of Diagnosis, Resolved\" uuid=\"607bb7fc-82b8-41df-bd39-4415470104bf\"/>\n          <iqdsel id=\"1760\" refid=\"1723\" iname=\"Occurrence A\" name=\"Medications for treating C. diff\" datatype=\"Occurrence A of Medication, Administered\" uuid=\"b22cb006-e8d9-41ac-81ac-2e095d02e62f\"/>\n          <iqdsel id=\"1761\" refid=\"2-1761\" iname=\"Occurrence A\" name=\"C. diff lab test\" datatype=\"Occurrence A of Laboratory Test, Result\" uuid=\"d6147d67-987a-44a2-bf49-c5bb236a4deb\"/>\n     </elementlookup>\n     <population uuid=\"22AB8C3B-2E5B-4314-9E26-463423BE8172\">\n          <and>\n               <qdsel id=\"1756\"/>\n               <qdsel id=\"1762\"/>\n          </and>\n     </population>\n     <measurePopulation uuid=\"82A5EF0C-A4CA-4B86-856F-77A80297D13A\">\n          <and>\n               <or>\n                    <and>\n                         <qdsel id=\"1758\" to=\"1760\" rel=\"SBS\"/>\n                         <qdsel id=\"1759\" to=\"1760\" rel=\"SAE\"/>\n                    </and>\n                    <and>\n                         <qdsel id=\"1761\"/>\n                    </and>\n               </or>\n          </and>\n          <attachments>\n               <attachment uuid=\"22AB8C3B-2E5B-4314-9E26-463423BE8172\" title=\"Initial Patient Population\" clause=\"eMERGE C. diff - Cases_Population1\"/>\n          </attachments>\n     </measurePopulation>\n     <measureObservation uuid=\"3CFEC3C2-E6CD-4AFD-8AD2-99393E7DC271\">\n          <and/>\n     </measureObservation>\n     <stratification uuid=\"86D5610A-DDB8-42D2-8E22-FEAF020C73D2\">\n          <and/>\n     </stratification>\n     <supplementalDataElements>\n          <qdsel id=\"1714\" codesystemname=\"HL7\" codesystem=\"2.16.840.1.113883.3.1427\" oid=\"2.16.840.1.113883.1.11.1\" name=\"Gender\" uuid=\"88fbf006-215c-47a7-817b-ca0b0ff87f34\" datatype=\"Patient Characteristic\" taxonomy=\"HL7 (2.16.840.1.113883.5.1)\"/>\n     </supplementalDataElements>\n</measure>','ĞÏà¡±\Zá\0\0\0\0\0\0\0\0\0\0\0\0\0\0\0\0;\0\0şÿ	\0\0\0\0\0\0\0\0\0\0\0\0\0\0\0\r\0\0\0\0\0\0\0\0\0\0\0\0\0\0\0\0şÿÿÿ\0\0\0\0\0\0\0ÿÿÿÿÿÿÿÿÿÿÿÿÿÿÿÿÿÿÿÿÿÿÿÿÿÿÿÿÿÿÿÿÿÿÿÿÿÿÿÿÿÿÿÿÿÿÿÿÿÿÿÿÿÿÿÿÿÿÿÿÿÿÿÿÿÿÿÿÿÿÿÿÿÿÿÿÿÿÿÿÿÿÿÿÿÿÿÿÿÿÿÿÿÿÿÿÿÿÿÿÿÿÿÿÿÿÿÿÿÿÿÿÿÿÿÿÿÿÿÿÿÿÿÿÿÿÿÿÿÿÿÿÿÿÿÿÿÿÿÿÿÿÿÿÿÿÿÿÿÿÿÿÿÿÿÿÿÿÿÿÿÿÿÿÿÿÿÿÿÿÿÿÿÿÿÿÿÿÿÿÿÿÿÿÿÿÿÿÿÿÿÿÿÿÿÿÿÿÿÿÿÿÿÿÿÿÿÿÿÿÿÿÿÿÿÿÿÿÿÿÿÿÿÿÿÿÿÿÿÿÿÿÿÿÿÿÿÿÿÿÿÿÿÿÿÿÿÿÿÿÿÿÿÿÿÿÿÿÿÿÿÿÿÿÿÿÿÿÿÿÿÿÿÿÿÿÿÿÿÿÿÿÿÿÿÿÿÿÿÿÿÿÿÿÿÿÿÿÿÿÿÿÿÿÿÿÿÿÿÿÿÿÿÿÿÿÿÿÿÿÿÿÿÿÿÿÿÿÿÿÿÿÿÿÿÿÿÿÿÿÿÿÿÿÿÿÿÿÿÿÿÿÿÿÿÿÿÿÿÿÿÿÿÿÿÿÿÿÿÿÿÿÿÿÿÿÿÿÿÿÿÿÿÿÿÿÿÿÿÿÿÿÿÿÿÿÿÿÿÿÿÿÿÿÿÿÿÿÿÿÿÿÿÿÿÿÿÿÿÿÿÿÿÿÿÿÿÿÿÿÿÿ	\0\0\0ÓÌA\0\0\0\0\0\0á\0\0°Á\0\0\0\0â\0\0\0\\\0p\0	\0\0glassfish                                                                                                    B\0\0°a\0\0\0=\0\0\0\0\0?\0\0\0\0\0\0\0\0\0\0\0\0\0\0\0¯\0\0\0¼\0\0\0=\0\0h\\:¾#8\0\0\0\0\0\0X@\0\0\0\0\0\0\0\0\"\0\0\0\0\0\0\0·\0\0\0Ú\0\0\0\01\0\0È\0\0\0ÿ\0\0\0\0\0\0\0Arial1\0\0È\0\0\0ÿ\0\0\0\0\0\0\0Arial1\0\0È\0\0\0ÿ\0\0\0\0\0\0\0Arial1\0\0È\0\0\0ÿ\0\0\0\0\0\0\0Arial1\0\0È\0\0\0\0¼\0\0\0\0\0\0\0Arial1\0\0È\0\0\0\0¼\0\0\0\0\0\0\0Arial\Z\0\0\0\0\"$\"#,##0_);(\"$\"#,##0)\0\0\Z\0\0\"$\"#,##0_);[Red](\"$\"#,##0) \0\0\0\0\"$\"#,##0.00_);(\"$\"#,##0.00)%\0\0 \0\0\"$\"#,##0.00_);[Red](\"$\"#,##0.00),\0*\0\'\0\0_(* #,##0_);_(* (#,##0);_(* \"-\"_);_(@_)5\0)\00\0\0_(\"$\"* #,##0_);_(\"$\"* (#,##0);_(\"$\"* \"-\"_);_(@_)4\0,\0/\0\0_(* #,##0.00_);_(* (#,##0.00);_(* \"-\"??_);_(@_)=\0+\08\0\0_(\"$\"* #,##0.00_);_(\"$\"* (#,##0.00);_(\"$\"* \"-\"??_);_(@_)à\0\0\0\0\0\0õÿ \0\0\0\0\0\0\0\0\0\0\0À à\0\0\0\0\0õÿ \0\0ô\0\0\0\0\0\0\0\0À à\0\0\0\0\0õÿ \0\0ô\0\0\0\0\0\0\0\0À à\0\0\0\0\0õÿ \0\0ô\0\0\0\0\0\0\0\0À à\0\0\0\0\0õÿ \0\0ô\0\0\0\0\0\0\0\0À à\0\0\0\0\0\0õÿ \0\0ô\0\0\0\0\0\0\0\0À à\0\0\0\0\0\0õÿ \0\0ô\0\0\0\0\0\0\0\0À à\0\0\0\0\0\0õÿ \0\0ô\0\0\0\0\0\0\0\0À à\0\0\0\0\0\0õÿ \0\0ô\0\0\0\0\0\0\0\0À à\0\0\0\0\0\0õÿ \0\0ô\0\0\0\0\0\0\0\0À à\0\0\0\0\0\0õÿ \0\0ô\0\0\0\0\0\0\0\0À à\0\0\0\0\0\0õÿ \0\0ô\0\0\0\0\0\0\0\0À à\0\0\0\0\0\0õÿ \0\0ô\0\0\0\0\0\0\0\0À à\0\0\0\0\0\0õÿ \0\0ô\0\0\0\0\0\0\0\0À à\0\0\0\0\0\0õÿ \0\0ô\0\0\0\0\0\0\0\0À à\0\0\0\0\0\0\0 \0\0\0\0\0\0\0\0\0\0\0À à\0\0\0+\0õÿ \0\0ø\0\0\0\0\0\0\0\0À à\0\0\0)\0õÿ \0\0ø\0\0\0\0\0\0\0\0À à\0\0\0,\0õÿ \0\0ø\0\0\0\0\0\0\0\0À à\0\0\0*\0õÿ \0\0ø\0\0\0\0\0\0\0\0À à\0\0\0	\0õÿ \0\0ø\0\0\0\0\0\0\0\0À à\0\0\0\0\0\0\0(\0\0\0\0\0\0À à\0\0\0\0\0\0 \0\0(\0\0 à\0\0\0\0\0\0 \0\0(\0\0 ?\0?ÿ?\0?ÿ?\0?ÿ?\0?ÿ?\0\0?\0ÿ?\0?ÿ`\0\0\0?\0\0	\0\0\0\0\n\0Disclaimer?\0\0F\0\0\0\0\0eMERGE C. diff - Cases?\0\0\0\0\0\0\0Supplemental Value Sets?\0\0\0\0®\0\0\0\0\0\0\0\0\0\0\0\0\0\0\0\0\0\0\0\00\0\0\0\0\Z\0\0\0\0\0\0\0\0\0\0MeasureOrCodeListDeveloper:\0\0\0\0\0\0!\0\0\0\0\0\0\0\0\0\0\0\0\0\0StandardOID:\0\0\0\0\0\"\0\0\0\0\0\0\0\0\0\0\0\0\0\0LastModified:\0\0\0\0\0%\0\0\0\0\0\0\0\0\0\0\0\0\0\0StandardConcept:\0\0\0\0\0&\0\0\0\0\0\0\0\0\0\0\0\0\0\0StandardCategory:\0\0\0\0\0&\0\0\0\0\0\0\0\0\0\0\0\0\0\0StandardTaxonomy:\0\0\0\0\0-\0\0\0\0\0\0\0\0\0\0\0\0\0\0StandardTaxonomyVersion:\0\0\0\0\0\Z\0\0\0\0\0\0\0\0\0\0\0\0\0\0Code:\0\0\0\0\0 \0\0\0\0\n\0\0\0\0\0\0\0\0\0\0Descriptor:\0\0\0\0ü\0Av\0\0\09\0\0\0?\0The codes that you are exporting directly reflect the codes you entered into the Measure Authoring Tool.  These codes may be owned by a third party and subject to copyright or other intellectual property restrictions.  Use of these codes may require permission from the code owner or agreement to a license.  It is your responsibility to ensure that your use of any third party code is permissible and that you have fulfilled any notice or license requirements imposed by the code owner.  Use of the Measure Authoring Tool does not confer any rights on you with respect to these codes other than those codes that may be available from the code owner.\0\0Value Set Developer\r\0\0Value Set OID\r\0\0Last Modified\0\0Value Set Name\0\0QDM Category\0\0Code System\0\0Code System Version\0\0Code\n\0\0Descriptor\0\0National Quality Forum\0\02.16.840.1.113883.3.560.100.4\0\009/20/2011 12:00 AM\n\0\0birth date\0\0Individual Characteristic\0\0LOINC\0\02.36\0\021112-8\n\0\0Birth date\0\0Northwestern University\0\02.16.840.1.113883.299\0\002/07/2012 08:01 AM\0\0Clostridium difficile\0\0Condition/Diagnosis/Problem\0\0ICD-9\0\02012\0\0008.451\0\0Intestinal infection due to Clostridium difficile\0\02.16.840.1.113883.300\0\002/07/2012 11:46 AM \0\0Medications for treating C. diff\n\0\0Medication\0\0RxNorm\0\06922\r\0\0Metronidazole\0\0190376	\0\0Linezolid\0\0374281\0\0Vancomycin Oral Capsule\0\0374282\0\0Vancomycin Oral Solution\0\0378132\Z\0\0Vancomycin Oral Suspension\0\01111103\0\0Fidaxomicin\0\0HL7\0\02.16.840.1.113883.1.11.1\0\007/27/2011 10:47 AM\0\0Gender\0\0HL7 (2.16.840.1.113883.5.1)\r\0\01062-20101110\0\0F\0\0Female\0\0M\0\0Male\0\0UN\0\0Undifferentiatedÿ\0B\0\0?\0\0\0\0\0\n\0\0\0\0!\0\0§\0\0½\0\0C\0\0g\0\0í\0\0È\0\0N\0\0X\r\0\0Ş\0\0¬\r\0\02\0\0\n\0\0\0	\0\0\0»\rÌÁ\0\0\0\0\0\0\0\0\0\0\0\0\0\0\0\0\0\0\0\0\0\0\0\0\r\0\0\0\0\0d\0\0\0\0\0\0\0\0\0\0ü©ñÒMbP?_\0\0\0*\0\0\0\0+\0\0\0\0?\0\0\0?\0\0\0\0\0\0\0\0\0\0%\0\0\0ÿ\0\0\0Á\0\0\0\0\0\0?\0\0\0\0?\0\0\0\0¡\0\"\0\0d\0\0\0\0\0,,\0\0\0\0\0\0à?\0\0\0\0\0\0à?\0U\0\0\0}\0\0\0\0\0\0\0K\0\0\0\0\0\0\0\0\0\0\0\0\0\0\0\0\0\0\0\0\0\0\0ÿ\0\0\0\0\0\0\0ı\0\n\0\0\0\0\0\0\0\0\0\0×\0\0\"\0\0\0\0\0>\0¶\0\0\0\0@\0\0\0\0\0\0\0\0\0\0\0\0\0\0\0\0\0\0\0\0\0\0\0\0\0\0\n\0\0\0	\0\0\0»\rÌÁ\0\0\0\0\0\0\0\0\0\0\0\0\0\0\0	\0\0\0\0\0\0\0Ì\0\0\r\0\0\0\0\0d\0\0\0\0\0\0\0\0\0\0ü©ñÒMbP?_\0\0\0*\0\0\0\0+\0\0\0\0?\0\0\0?\0\0\0\0\0\0\0\0\0\0%\0\0\0ÿ\0\0\0Á\0\0\0\0\0\0?\0\0\0\0?\0\0\0\0¡\0\"\0\0d\0\0\0\0\0,,\0\0\0\0\0\0à?\0\0\0\0\0\0à?\0U\0\0\0}\0\0\0\0\0\0\0\0\0}\0\0\0\0U\0\0\0}\0\0\0\0ã\0\0\0}\0\0\0\0/\Z\0\0\0}\0\0\0\0ê\0\0\0}\0\0\0\06\r\0\0\0}\0\0\0\0í\0\0\0}\0\0\0\00\0\0\0}\0\0\0\0È&\0\0\0\0\0\0\0\0\0	\0\0\0\0\0	\0\0\0\0\0\0\0\0	\0ÿ\0\0\0\0\0\0\0\0\0\0\0	\0ÿ\0\0\0\0\0\0\0\0\0\0\0	\0ÿ\0\0\0\0\0\0\0\0\0\0\0	\0ÿ\0\0\0\0\0\0\0\0\0\0\0	\0ÿ\0\0\0\0\0\0\0\0\0\0\0	\0ÿ\0\0\0\0\0\0\0\0\0\0\0	\0ÿ\0\0\0\0\0\0\0\0\0\0\0	\0ÿ\0\0\0\0\0\0\0\0\0\0\0	\0ÿ\0\0\0\0\0\0\0ı\0\n\0\0\0\0\0\0\0\0\0ı\0\n\0\0\0\0\0\0\0\0ı\0\n\0\0\0\0\0\0\0\0ı\0\n\0\0\0\0\0\0\0\0ı\0\n\0\0\0\0\0\0\0\0ı\0\n\0\0\0\0\0\0\0\0ı\0\n\0\0\0\0\0\0\0\0ı\0\n\0\0\0\0\0\0\0\0ı\0\n\0\0\0\0\0	\0\0\0ı\0\n\0\0\0\0\0\n\0\0\0ı\0\n\0\0\0\0\0\0\0ı\0\n\0\0\0\0\0\0\0ı\0\n\0\0\0\0\r\0\0\0ı\0\n\0\0\0\0\0\0\0ı\0\n\0\0\0\0\0\0\0ı\0\n\0\0\0\0\0\0\0ı\0\n\0\0\0\0\0\0\0ı\0\n\0\0\0\0\0\0\0ı\0\n\0\0\0\0\0\0\0\0ı\0\n\0\0\0\0\0\0\0ı\0\n\0\0\0\0\0\0\0ı\0\n\0\0\0\0\0\0\0ı\0\n\0\0\0\0\0\0\0ı\0\n\0\0\0\0\0\0\0ı\0\n\0\0\0\0\0\0\0ı\0\n\0\0\0\0\Z\0\0\0ı\0\n\0\0\0\0\0\0\0ı\0\n\0\0\0\0\0\0\0\0ı\0\n\0\0\0\0\0\0\0ı\0\n\0\0\0\0\0\0\0ı\0\n\0\0\0\0\0\0\0ı\0\n\0\0\0\0\0\0\0ı\0\n\0\0\0\0 \0\0\0ı\0\n\0\0\0\0\0\0\0ı\0\n\0\0\0\0!\0\0\0ı\0\n\0\0\0\0\"\0\0\0ı\0\n\0\0\0\0\0\0\0\0ı\0\n\0\0\0\0\0\0\0ı\0\n\0\0\0\0\0\0\0ı\0\n\0\0\0\0\0\0\0ı\0\n\0\0\0\0\0\0\0ı\0\n\0\0\0\0 \0\0\0ı\0\n\0\0\0\0\0\0\0ı\0\n\0\0\0\0#\0\0\0ı\0\n\0\0\0\0$\0\0\0ı\0\n\0\0\0\0\0\0\0\0ı\0\n\0\0\0\0\0\0\0ı\0\n\0\0\0\0\0\0\0ı\0\n\0\0\0\0\0\0\0ı\0\n\0\0\0\0\0\0\0ı\0\n\0\0\0\0 \0\0\0ı\0\n\0\0\0\0\0\0\0ı\0\n\0\0\0\0%\0\0\0ı\0\n\0\0\0\0&\0\0\0ı\0\n\0\0\0\0\0\0\0\0ı\0\n\0\0\0\0\0\0\0ı\0\n\0\0\0\0\0\0\0ı\0\n\0\0\0\0\0\0\0ı\0\n\0\0\0\0\0\0\0ı\0\n\0\0\0\0 \0\0\0ı\0\n\0\0\0\0\0\0\0ı\0\n\0\0\0\0\'\0\0\0ı\0\n\0\0\0\0(\0\0\0ı\0\n\0\0\0\0\0\0\0\0ı\0\n\0\0\0\0\0\0\0ı\0\n\0\0\0\0\0\0\0ı\0\n\0\0\0\0\0\0\0ı\0\n\0\0\0\0\0\0\0ı\0\n\0\0\0\0 \0\0\0ı\0\n\0\0\0\0\0\0\0ı\0\n\0\0\0\0)\0\0\0ı\0\n\0\0\0\0*\0\0\0ı\0\n\0\0\0\0\0\0\0\0ı\0\n\0\0\0\0\0\0\0ı\0\n\0\0\0\0\0\0\0ı\0\n\0\0\0\0\0\0\0ı\0\n\0\0\0\0\0\0\0ı\0\n\0\0\0\0 \0\0\0ı\0\n\0\0\0\0\0\0\0ı\0\n\0\0\0\0+\0\0\0ı\0\n\0\0\0\0,\0\0\0×\0\0\"\0\0 \0~\0~\0~\0~\0~\0~\0~\0~\0>\0¶\0\0\0\0\0@\0\0\0\0\0\0\0\0\0\0\0\0\0\0\0\0\0\0\0\0\0\0\0\0\0\0\n\0\0\0	\0\0\0»\rÌÁ\0\0\0\0\0\0\0\0\0\0\0\0\0\0\0\0\0\0\0\0\0\0¿\0\0\r\0\0\0\0\0d\0\0\0\0\0\0\0\0\0\0ü©ñÒMbP?_\0\0\0*\0\0\0\0+\0\0\0\0?\0\0\0?\0\0\0\0\0\0\0\0\0\0%\0\0\0ÿ\0\0\0Á\0\0\0\0\0\0?\0\0\0\0?\0\0\0\0¡\0\"\0\0d\0\0\0\0\0,,\0\0\0\0\0\0à?\0\0\0\0\0\0à?\0U\0\0\0}\0\0\0\0\0\0A\0\0\0}\0\0\0\0\0\0\0}\0\0\0\0ã\0\0\0}\0\0\0\0\0\0\0}\0\0\0\0\0\0\0}\0\0\0\0ñ\0\0\0}\0\0\0\0í\0\0\0}\0\0\0\0°\0\0\0}\0\0\0\0q\0\0\0\0\0\0\0\0\0\0\0\0\0\0	\0\0\0\0\0\0\0\0	\0ÿ\0\0\0\0\0\0\0\0\0\0\0	\0ÿ\0\0\0\0\0\0\0\0\0\0\0	\0ÿ\0\0\0\0\0\0\0\0\0\0\0	\0ÿ\0\0\0\0\0\0\0ı\0\n\0\0\0\0\0\0\0\0\0ı\0\n\0\0\0\0\0\0\0\0ı\0\n\0\0\0\0\0\0\0\0ı\0\n\0\0\0\0\0\0\0\0ı\0\n\0\0\0\0\0\0\0\0ı\0\n\0\0\0\0\0\0\0\0ı\0\n\0\0\0\0\0\0\0\0ı\0\n\0\0\0\0\0\0\0\0ı\0\n\0\0\0\0\0	\0\0\0ı\0\n\0\0\0\0\0-\0\0\0ı\0\n\0\0\0\0.\0\0\0ı\0\n\0\0\0\0/\0\0\0ı\0\n\0\0\0\00\0\0\0ı\0\n\0\0\0\0\0\0\0ı\0\n\0\0\0\01\0\0\0ı\0\n\0\0\0\02\0\0\0ı\0\n\0\0\0\03\0\0\0ı\0\n\0\0\0\04\0\0\0ı\0\n\0\0\0\0\0-\0\0\0ı\0\n\0\0\0\0.\0\0\0ı\0\n\0\0\0\0/\0\0\0ı\0\n\0\0\0\00\0\0\0ı\0\n\0\0\0\0\0\0\0ı\0\n\0\0\0\01\0\0\0ı\0\n\0\0\0\02\0\0\0ı\0\n\0\0\0\05\0\0\0ı\0\n\0\0\0\06\0\0\0ı\0\n\0\0\0\0\0-\0\0\0ı\0\n\0\0\0\0.\0\0\0ı\0\n\0\0\0\0/\0\0\0ı\0\n\0\0\0\00\0\0\0ı\0\n\0\0\0\0\0\0\0ı\0\n\0\0\0\01\0\0\0ı\0\n\0\0\0\02\0\0\0ı\0\n\0\0\0\07\0\0\0ı\0\n\0\0\0\08\0\0\0×\0\0H\0\0<\0~\0~\0~\0>\0¶\0\0\0\0\0@\0\0\0\0\0\0\0\0\0\0\0\0\0\0\0\0\0\0\0\0\0\0\0\0\0\0\n\0\0\0ÿÿÿÿR\0o\0o\0t\0 \0E\0n\0t\0r\0y\0\0\0\0\0\0\0\0\0\0\0\0\0\0\0\0\0\0\0\0\0\0\0\0\0\0\0\0\0\0\0\0\0\0\0\0\0\0\0\0\0\0\0\0\0\0ÿÿÿÿÿÿÿÿ\0\0\0\0\0\0\0\0\0\0\0\0\0\0\0\0\0\0\0\0\0\0\0\0\0\0\0\0\0\0\0\0\0\0\0\0\0\0\0\0\0\0?\0\0\0\0\0\0W\0o\0r\0k\0b\0o\0o\0k\0\0\0\0\0\0\0\0\0\0\0\0\0\0\0\0\0\0\0\0\0\0\0\0\0\0\0\0\0\0\0\0\0\0\0\0\0\0\0\0\0\0\0\0\0\0\0\0\0\0ÿÿÿÿÿÿÿÿÿÿÿÿ\0\0\0\0\0\0\0\0\0\0\0\0\0\0\0\0\0\0\0\0\0\0\0\0\0\0\0\0\0\0\0\0\0\0\0\0\0\0\0\0ü\0\0\0\0\0\0\0S\0u\0m\0m\0a\0r\0y\0I\0n\0f\0o\0r\0m\0a\0t\0i\0o\0n\0\0\0\0\0\0\0\0\0\0\0\0\0\0\0\0\0\0\0\0\0\0\0\0\0\0\0(\0\0\0\0\0\0\0ÿÿÿÿ\0\0\0\0\0\0\0\0\0\0\0\0\0\0\0\0\0\0\0\0\0\0\0\0\0\0\0\0\0\0\0\0\0\0\0\0\0\0\0\00\0\0\0\0\0\0\0D\0o\0c\0u\0m\0e\0n\0t\0S\0u\0m\0m\0a\0r\0y\0I\0n\0f\0o\0r\0m\0a\0t\0i\0o\0n\0\0\0\0\0\0\0\0\0\0\08\0ÿÿÿÿÿÿÿÿÿÿÿÿ\0\0\0\0\0\0\0\0\0\0\0\0\0\0\0\0\0\0\0\0\0\0\0\0\0\0\0\0\0\0\0\0\0\0\0\0\0\0\08\0\0\0\0\0\0\0şÿ\0\0\n\0\0\0\0\0\0\0\0\0\0\0\0\0\0\0\0\0\0\0\0à??òùOh«?\0+\'³Ù0\0\0\0\0\0\0\0\0\0\0\0\0(\0\0\0\0\0\0R\0\0\0\0\0\0|\0\0\0\0\0\0?\0\0\0\0\0\0\0\0\0V\0a\0l\0u\0e\0 \0S\0e\0t\0 \0E\0x\0p\0o\0r\0t\0\0\0\0\0\0\0\0\0V\0a\0l\0u\0e\0 \0S\0e\0t\0 \0E\0x\0p\0o\0r\0t\0\0\0\0\0\0\0\0\0N\0Q\0F\0\0\0\0\0\0\0\02\0\0\0V\0a\0l\0u\0e\0 \0S\0e\0t\0,\0 \0O\0I\0D\0,\0 \0E\0x\0p\0o\0r\0t\0,\0 \0M\0e\0a\0s\0u\0r\0e\0,\0 \0C\0o\0d\0e\0,\0 \0D\0e\0s\0c\0r\0i\0p\0t\0o\0r\0\0\0\0\0\0\0\0\0ÿÿÿÿÿÿÿÿÿÿÿÿÿÿÿÿşÿ\0\0\n\0\0\0\0\0\0\0\0\0\0\0\0\0\0\0\0\0\0\0\0ÕÍÕ?.??\0+,ù®0\0\0\0\0\0\0\0\0\0\0ÿÿÿÿÿÿÿÿÿÿÿÿÿÿÿÿÿÿÿÿÿÿÿÿÿÿÿÿÿÿÿÿÿÿÿÿÿÿÿÿÿÿÿÿÿÿÿÿÿÿÿÿÿÿÿÿÿÿÿÿÿÿÿÿÿÿÿÿÿÿÿÿÿÿÿÿÿÿÿÿÿÿÿÿÿÿÿÿÿÿÿÿÿÿÿÿÿÿÿÿÿÿÿÿÿÿÿÿÿÿÿÿÿÿÿÿÿÿÿÿÿÿÿÿÿÿÿÿÿÿÿÿÿÿÿÿ\0\0\0\0\0\0\0\0\0\0\0\0şÿÿÿşÿÿÿÿÿÿÿÿÿÿÿÿÿÿÿÿÿÿÿÿÿÿÿÿÿÿÿÿÿÿÿÿÿÿÿÿÿÿÿÿÿÿÿÿÿÿÿÿÿÿÿÿÿÿÿÿÿÿÿÿÿÿÿÿÿÿÿÿÿÿÿÿÿÿÿÿÿÿÿÿÿÿÿÿÿÿÿÿÿÿÿÿÿÿÿÿÿÿÿÿÿÿÿÿÿÿÿÿÿÿÿÿÿÿÿÿÿÿÿÿÿÿÿÿÿÿÿÿÿÿÿÿÿÿÿÿÿÿÿÿÿÿÿÿÿÿÿÿÿÿÿÿÿÿÿÿÿÿÿÿÿÿÿÿÿÿÿÿÿÿÿÿÿÿÿÿÿÿÿÿÿÿÿÿÿÿÿÿÿÿÿÿÿÿÿÿÿÿÿÿÿÿÿÿÿÿÿÿÿÿÿÿÿÿÿÿÿÿÿÿÿÿÿÿÿÿÿÿÿÿÿÿÿÿÿÿÿÿÿÿÿÿÿÿÿÿÿÿÿÿÿÿÿÿÿÿÿÿÿÿÿÿÿÿÿÿÿÿÿÿÿÿÿÿÿÿÿÿÿÿÿÿÿÿÿÿÿÿÿÿÿÿÿÿÿÿÿÿÿÿÿÿÿÿÿÿÿÿÿÿÿÿÿÿÿÿÿÿÿÿÿÿÿÿÿÿÿÿÿÿÿÿÿÿÿÿÿÿÿÿÿÿÿÿÿÿÿÿÿÿÿÿÿÿÿÿÿÿÿÿÿÿÿÿÿÿÿÿÿÿÿÿÿÿÿÿÿÿÿÿÿÿÿÿÿÿÿÿÿÿÿÿÿÿÿÿÿÿÿÿÿÿÿÿÿÿÿÿÿÿÿÿÿÿÿÿÿÿÿÿÿÿÿÿÿÿÿÿÿÿÿÿÿÿÿÿÿÿÿÿÿÿÿÿÿÿÿÿÿÿÿÿÿÿÿÿÿÿÿÿÿÿÿÿÿÿÿÿÿÿÿÿÿÿÿÿÿÿÿÿÿÿÿÿÿÿÿÿÿÿÿ\0\0\0\0\0\0\0\0\0\0\0\0\0\0\0\0\0\0\0\0\0\0\0\0	\0\0\0\n\0\0\0\0\0\0\0\0\0şÿÿÿşÿÿÿşÿÿÿşÿÿÿşÿÿÿÿÿÿÿÿÿÿÿÿÿÿÿÿÿÿÿÿÿÿÿÿÿÿÿÿÿÿÿÿÿÿÿÿÿÿÿÿÿÿÿÿÿÿÿÿÿÿÿÿÿÿÿÿÿÿÿÿÿÿÿÿÿÿÿÿÿÿÿÿÿÿÿÿÿÿÿÿÿÿÿÿÿÿÿÿÿÿÿÿÿÿÿÿÿÿÿÿÿÿÿÿÿÿÿÿÿÿÿÿÿÿÿÿÿÿÿÿÿÿÿÿÿÿÿÿÿÿÿÿÿÿÿÿÿÿÿÿÿÿÿÿÿÿÿÿÿÿÿÿÿÿÿÿÿÿÿÿÿÿÿÿÿÿÿÿÿÿÿÿÿÿÿÿÿÿÿÿÿÿÿÿÿÿÿÿÿÿÿÿÿÿÿÿÿÿÿÿÿÿÿÿÿÿÿÿÿÿÿÿÿÿÿÿÿÿÿÿÿÿÿÿÿÿÿÿÿÿÿÿÿÿÿÿÿÿÿÿÿÿÿÿÿÿÿÿÿÿÿÿÿÿÿÿÿÿÿÿÿÿÿÿÿÿÿÿÿÿÿÿÿÿÿÿÿÿÿÿÿÿÿÿÿÿÿÿÿÿÿÿÿÿÿÿÿÿÿÿÿÿÿÿÿÿÿÿÿÿÿÿÿÿÿÿÿÿÿÿÿÿÿÿÿÿÿÿÿÿÿÿÿÿÿÿÿÿÿÿÿÿÿÿÿÿÿÿÿÿÿÿÿÿÿÿÿÿÿÿÿÿÿÿÿÿÿÿÿÿÿÿÿÿÿÿÿÿÿÿÿÿÿÿÿÿÿÿÿÿÿÿÿÿÿÿÿÿÿÿÿÿÿÿÿÿÿÿÿÿÿÿÿÿÿÿÿÿÿÿÿÿÿÿÿÿÿÿÿÿÿÿÿÿÿÿÿÿÿÿÿÿÿÿÿÿÿ'),('8a4d92b2356da09e01359c86ae270430','8a4d92b2356da09e01359c679bf60113','<?xml version=\"1.0\" encoding=\"ISO-8859-1\"?>\n<measure>\n     <headers>\n          <uuid>\n      8a4d92b2-356d-a09e-0135-9c679bf60113\n    </uuid>\n          <title>\n      eMERGE Clostridium Difficile (C. diff) Phenotype Algorithm (v2)\n    </title>\n          <period uuid=\"d3f745f6-01b1-465c-9ad7-68a7f150c706\">\n               <startdate uuid=\"9b5f333c-155a-45cb-9551-bfd1af3d1e27\">\n        19000101\n      </startdate>\n               <stopdate uuid=\"bf39553e-ade0-4763-a682-8b77660cde40\">\n        20111231\n      </stopdate>\n          </period>\n          <description>\n      Clostridium difficile, also known as \"C. diff,\" is a species of bacteria that causes severe diarrhea and other intestinal disease when competing bacteria in the gut have been wiped out by antibiotics (see Wikipedia entry). In rare cases a C. diff infection can progress to toxic megacolon which can be life-threatening. In a very small percentage of the adult population C. difficile bacteria naturally reside in the gut. Other people accidentally ingest spores of the bacteria while patients in a hospital or nursing home.\n    </description>\n          <copyright>\n      (n/a)\n    </copyright>\n          <setid>\n      9bf6cb01-123d-4ed1-836f-f5f1b6e652d8\n    </setid>\n          <status>\n      InProgress\n    </status>\n          <authors>\n               <author id=\"9745825d-c3fc-437d-8738-f452fba523b0\">\n        Group Health Cooperative\n      </author>\n               <author id=\"397f170e-bc8b-4e50-b1f2-ae95bdeb8036\">\n        Vanderbilt University\n      </author>\n          </authors>\n          <custodian id=\"88d4f97a-f744-4368-b293-e058a1b9f478\">\n      Group Health Cooperative\n    </custodian>\n          <verifiers>\n               <verifier>\n        None\n      </verifier>\n          </verifiers>\n          <scores>\n               <score id=\"CONTVAR\">\n        Continuous Variable\n      </score>\n          </scores>\n          <types>\n               <type id=\"OUTCOME\">\n        Outcome\n      </type>\n          </types>\n          <stratification>\n      eMERGE site, gender, age, race, ethnicity\n    </stratification>\n          <guidance>\n      n/a\n    </guidance>\n          <transmissionFormat>\n      CSV file\n    </transmissionFormat>\n          <rationales>\n               <rationale>\n        n/a\n      </rationale>\n          </rationales>\n          <recommendations>\n               <recommendation>\n        n/a\n      </recommendation>\n          </recommendations>\n          <references>\n               <reference>\n        n/a\n      </reference>\n          </references>\n          <improvementNotation>\n      n/a\n    </improvementNotation>\n          <definitions>\n               <definition>\n        1. Cases\n\n1.1 Labs (gold standard)\n\n1.1.1. Lab Antigen Test\n\nAnyone ?2 years of age with at least one positive inpatient C. diff antigen test (cytotoxicity assay). \n\n1.1.2. Lab Toxin Test\n\nAnyone ?2 years of age with at least one positive Toxin ELISA test for either A strain or B strain or A and B strains. \n\n1.2. Diagnoses (silver standard)\n\n1.2.1. Diagnoses and Medications\n\nAnyone ?2 years of age with the following sequence of diagnosis codes and medications:\n\nWithin a 90-day period the subject has:\n1) one or more days with an inpatient or outpatient diagnosis of C. diff, followed by\n2) one or more days with a dispensed medication for treating C. diff, followed by\n3) one or more days with an inpatient or outpatient diagnosis of C. diff.\n\nThe diagnosis codes for C. diff are:\n\n008.45*\n\nThe medications for treating C. diff are:\n\nMetronidazole\nVancomycin (oral)\nFidaxomicin\nLinezolid\n\n1.2.2. Diagnoses  and Progress Note Mentions\n\nAnyone ?2 years of age with:\n\nAt least on diagnosis code for C. diff (see above) and at least one non-negated, non-historical, non-uncertain mention of C. diff infection in progress notes.\n\nC. diff mentions include:\n\n1.	difficile colitis\n2.	diff colitis\n3.	dif colitis\n4.	difficile diarrhea\n5.	diff diarrhea\n6.	dif diarrhea\n7.	difficile infection\n8.	diff infection\n9.	dif infection\n10.	difficile enteritis\n11.	diff enteritis\n12.	dif enteritis\n\nNote that omission of &#8220;clostridium&#8221; and its abbreviations from the dictionary entries simplified implementation at Group Health (the commonly used abbreviation &#8220;C.&#8221; is difficult to implement in cTAKES) and did not reduce specificity. \n\n1.3. Progress Note Mentions (silver standard)\n\nAnyone ?2 years of age with:\n\nAt least two non-negated, non-historical, non-uncertain mentions of C. diff infection (see above) in progress notes recorded on  ?2 calendar days. (May increase to ?3 calendar days to increase specificity).\n\n2. Controls\n\nThe desired ratio of controls to cases when combining data from all sites is 2:1. \n\nThere are also two parts to the definition of controls, depending on whether the data is from the inpatient or outpatient setting.\n\n2.1 Hospital Admission, Diagnoses, Labs and Medications\n\nAnyone ?2 years of age who:\n\n1) has at least one hospital admission, and\n2) has been exposed to a class 2 (moderate risk for C. diff) or class 3 (high risk for C. diff) antibiotic 7-62 days before the hospital admission, and \n3) has no diagnosis codes for C. diff (see above), and \n4) has never been tested for C. diff (antigen or toxin, see above)\n\nClass 2 and Class 3 antibiotics include:\n\n[add definition]\n\nThe rationale for not using negative C diff. antigen/toxin testing as a definition for controls is as follows. Lab tests are only ~60-70% sensitive. This means that a single test does not rule out the disease. Further, requiring multiple negative tests did not seem like a viable strategy for identifying controls because such a pattern of testing may signal a concern that the disease exists but is not being detected by the lab test.\n\nMatching of cases and controls by age and race will be handled analytically after genotyping (needs discussion).\n\n2.2.  Progress Notes, Diagnoses, Labs and Medications\n\nAnyone ?2 years of age who:\n\n1) has evidence of exposure to class 2 or class 3 antibiotics, and\n2) has continuous enrollment for 5 or more years following this antibiotic exposure, and\n3) has no diagnosis codes for C. diff (ever), and\n4) has no mentions in progress notes of C. diff (ever).\n      </definition>\n          </definitions>\n          <qualityMeasureSet uuid=\"4a102344-81d6-49dd-99c2-11caa3bb5f18\">\n      n/a\n    </qualityMeasureSet>\n          <supplementalData>\n      n/a\n    </supplementalData>\n          <disclaimer>\n      This algorithm is in development\n    </disclaimer>\n          <riskAdjustment>\n      n/a\n    </riskAdjustment>\n          <aggregation>\n      n/a\n    </aggregation>\n          <initialPatientPopDescription>\n      Individuals consented to, and actively enrolled in the institutional biobank\n    </initialPatientPopDescription>\n          <denominatorExclusionsDescription>\n      n/a\n    </denominatorExclusionsDescription>\n          <numeratorDescription>\n      n/a\n    </numeratorDescription>\n          <numeratorExclusionsDescription>\n      n/a\n    </numeratorExclusionsDescription>\n          <denominatorExceptionsDescription>\n      n/a\n    </denominatorExceptionsDescription>\n          <measurePopulationDescription>\n      See Definition\n    </measurePopulationDescription>\n          <measureObservationsDescription>\n      n/a\n    </measureObservationsDescription>\n          <denominatorDescription>\n      n/a\n    </denominatorDescription>\n          <nqfid root=\"2.16.840.1.113883.3.560.1\" extension=\"eMERGE-CDIFF-V2\"/>\n     \r\n<version>0</version>\r\n</headers>\n     <elementlookup>\n          <qdsel id=\"2068\" codesystemname=\"HL7\" codesystem=\"2.16.840.1.113883.3.1427\" oid=\"2.16.840.1.113883.1.11.1\" name=\"Gender\" uuid=\"054ff7fd-5201-45a9-8f59-60700dbbc51a\" datatype=\"Patient Characteristic\" taxonomy=\"HL7 (2.16.840.1.113883.5.1)\"/>\n          <qdsel id=\"2069\" codesystemname=\"CDC NCHS\" codesystem=\"2.16.840.1.113883.3.1427\" oid=\"2.16.840.1.114222.4.11.836\" name=\"Race\" uuid=\"a6a796ee-9661-40dc-8607-90c5714e8198\" datatype=\"Patient Characteristic\" taxonomy=\"CDC\"/>\n          <qdsel id=\"2070\" codesystemname=\"CDC NCHS\" codesystem=\"2.16.840.1.113883.3.1427\" oid=\"2.16.840.1.114222.4.11.837\" name=\"Ethnicity\" uuid=\"efa73ffc-bfcb-4043-9d08-895414a2d694\" datatype=\"Patient Characteristic\" taxonomy=\"CDC\"/>\n          <qdsel id=\"2071\" codesystemname=\"PHDSC\" codesystem=\"2.16.840.1.113883.3.1427\" oid=\"2.16.840.1.113883.221.5\" name=\"Payer\" uuid=\"a7f9c63c-7c37-4984-a37f-e37eb55b0fcc\" datatype=\"Patient Characteristic\" taxonomy=\"Source of Payment Typology\"/>\n          <qdsel id=\"2072\" codesystemname=\"Group Health Cooperative\" codesystem=\"2.16.840.1.113883.3.1427\" oid=\"2.16.840.1.113883.360\" name=\"Clostridium Difficile Laboratory Tests (v2)\" uuid=\"82d6c238-ab39-4d6d-82bf-09c63de1371c\" datatype=\"Laboratory Test, Result\" taxonomy=\"Grouping\"/>\n          <qdsel id=\"2075\" codesystemname=\"Group Health Cooperative\" codesystem=\"2.16.840.1.113883.3.1427\" oid=\"2.16.840.1.113883.363\" name=\"Clostridium Difficile - Text Mentions\" uuid=\"1d364048-31ba-4e20-9f4a-214a524e34d4\" datatype=\"Diagnosis, Active\" taxonomy=\"SNOMED-CT\"/>\n          <qdsel id=\"2077\" codesystemname=\"Northwestern University\" codesystem=\"2.16.840.1.113883.3.1427\" oid=\"2.16.840.1.113883.306\" name=\"Inpatient Visit\" uuid=\"c9d9589a-e944-438f-9813-94b97f2e36b9\" datatype=\"Encounter\" taxonomy=\"SNOMED-CT\"/>\n          <qdsel id=\"2078\" codesystemname=\"Group Health Cooperative\" codesystem=\"2.16.840.1.113883.3.1427\" oid=\"2.16.840.1.113883.363\" name=\"Clostridium Difficile - Text Mentions\" uuid=\"19dd2978-cab0-44de-acbc-6a7bf27daa6b\" datatype=\"Diagnosis, Resolved\" taxonomy=\"SNOMED-CT\"/>\n          <qdsel id=\"2079\" codesystemname=\"Northwestern University\" codesystem=\"2.16.840.1.113883.3.1427\" oid=\"2.16.840.1.113883.299\" name=\"Clostridium difficile\" uuid=\"e9b9d24b-0125-4b15-9c1c-4bacce8ae6e8\" datatype=\"Diagnosis, Resolved\" taxonomy=\"ICD-9\"/>\n          <qdsel id=\"2080\" codesystemname=\"National Quality Forum\" codesystem=\"2.16.840.1.113883.3.1427\" oid=\"2.16.840.1.113883.3.560.100.4\" name=\"birth date\" uuid=\"bd08f677-700a-4a87-b849-397243d377b3\" datatype=\"Patient Characteristic\" taxonomy=\"LOINC\"/>\n          <qdsel id=\"2-2076\" codesystemname=\"Northwestern University\" codesystem=\"2.16.840.1.113883.3.1427\" oid=\"2.16.840.1.113883.300\" name=\"Medications for treating C. diff\" uuid=\"039b383c-97c2-41fb-86e5-4283b63af47f\" datatype=\"Medication, Administered\" taxonomy=\"RxNorm\"/>\n          <iqdsel id=\"2073\" refid=\"2079\" iname=\"Occurrence A\" name=\"Clostridium difficile\" datatype=\"Occurrence A of Diagnosis, Resolved\" uuid=\"f0f85343-c37e-4c3d-9aeb-7c589e736f48\"/>\n          <iqdsel id=\"2074\" refid=\"2079\" iname=\"Occurrence B\" name=\"Clostridium difficile\" datatype=\"Occurrence B of Diagnosis, Resolved\" uuid=\"6518c448-6373-4915-aea6-7ffe92f8ea47\"/>\n          <iqdsel id=\"2076\" refid=\"2-2076\" iname=\"Occurrence A\" name=\"Medications for treating C. diff\" datatype=\"Occurrence A of Medication, Administered\" uuid=\"328c41a9-baf1-438c-932f-b955064b4faa\"/>\n          <measurecalc id=\"1-0\" uuid=\"3b540892-a2e2-4b01-91af-c96b0364e4e0\" datatype=\"derivation expression\" origText=\"Count distinct values\" name=\"COUNTDISTINCT\" lownum=\"2\" lowinclusive=\"true\">\n               <args>\n                    <qdsel id=\"2075\"/>\n               </args>\n          </measurecalc>\n     </elementlookup>\n     <population uuid=\"E13E4FEA-006A-4E8E-B159-25AD0A2339DE\">\n          <and/>\n     </population>\n     <measurePopulation uuid=\"188629BA-62F7-401D-9E2A-A9BC40BDD30C\">\n          <and>\n               <or>\n                    <qdsel id=\"2072\"/>\n                    <qdsel id=\"1-0\"/>\n                    <and>\n                         <qdsel id=\"2073\" to=\"2076\" rel=\"EBOD\"/>\n                         <qdsel id=\"2076\" to=\"2074\" rel=\"EBS\"/>\n                    </and>\n                    <and>\n                         <qdsel id=\"2075\"/>\n                         <qdsel id=\"2079\"/>\n                    </and>\n               </or>\n          </and>\n          <attachments>\n               <attachment uuid=\"E13E4FEA-006A-4E8E-B159-25AD0A2339DE\" title=\"Initial Patient Population\" clause=\"eMERGE C. diff (v2)_Population1\"/>\n          </attachments>\n     </measurePopulation>\n     <measureObservation uuid=\"4A639505-8C30-4866-A017-6A0976776468\">\n          <and/>\n     </measureObservation>\n     <stratification uuid=\"FF036C03-995A-463B-860A-9D9ADFC87219\">\n          <and/>\n     </stratification>\n     <supplementalDataElements>\n          <qdsel id=\"2068\" codesystemname=\"HL7\" codesystem=\"2.16.840.1.113883.3.1427\" oid=\"2.16.840.1.113883.1.11.1\" name=\"Gender\" uuid=\"9d7d752a-7887-4187-b6f2-200f8f2bf858\" datatype=\"Patient Characteristic\" taxonomy=\"HL7 (2.16.840.1.113883.5.1)\"/>\n          <qdsel id=\"2069\" codesystemname=\"CDC NCHS\" codesystem=\"2.16.840.1.113883.3.1427\" oid=\"2.16.840.1.114222.4.11.836\" name=\"Race\" uuid=\"c48df4ee-0780-41e5-8586-658190318d0a\" datatype=\"Patient Characteristic\" taxonomy=\"CDC\"/>\n          <qdsel id=\"2070\" codesystemname=\"CDC NCHS\" codesystem=\"2.16.840.1.113883.3.1427\" oid=\"2.16.840.1.114222.4.11.837\" name=\"Ethnicity\" uuid=\"29bbd689-8e92-4eb3-a33c-ac1366e60645\" datatype=\"Patient Characteristic\" taxonomy=\"CDC\"/>\n          <qdsel id=\"2071\" codesystemname=\"PHDSC\" codesystem=\"2.16.840.1.113883.3.1427\" oid=\"2.16.840.1.113883.221.5\" name=\"Payer\" uuid=\"904fdbb0-6a7c-40ec-9e67-30141b4b2434\" datatype=\"Patient Characteristic\" taxonomy=\"Source of Payment Typology\"/>\n     </supplementalDataElements>\n</measure>','ĞÏà¡±\Zá\0\0\0\0\0\0\0\0\0\0\0\0\0\0\0\0;\0\0şÿ	\0\0\0\0\0\0\0\0\0\0\0\0\0\0\0E\0\0\0\0\0\0\0\0\0\0G\0\0\0\0\0\0şÿÿÿ\0\0\0\0H\0\0\0ÿÿÿÿÿÿÿÿÿÿÿÿÿÿÿÿÿÿÿÿÿÿÿÿÿÿÿÿÿÿÿÿÿÿÿÿÿÿÿÿÿÿÿÿÿÿÿÿÿÿÿÿÿÿÿÿÿÿÿÿÿÿÿÿÿÿÿÿÿÿÿÿÿÿÿÿÿÿÿÿÿÿÿÿÿÿÿÿÿÿÿÿÿÿÿÿÿÿÿÿÿÿÿÿÿÿÿÿÿÿÿÿÿÿÿÿÿÿÿÿÿÿÿÿÿÿÿÿÿÿÿÿÿÿÿÿÿÿÿÿÿÿÿÿÿÿÿÿÿÿÿÿÿÿÿÿÿÿÿÿÿÿÿÿÿÿÿÿÿÿÿÿÿÿÿÿÿÿÿÿÿÿÿÿÿÿÿÿÿÿÿÿÿÿÿÿÿÿÿÿÿÿÿÿÿÿÿÿÿÿÿÿÿÿÿÿÿÿÿÿÿÿÿÿÿÿÿÿÿÿÿÿÿÿÿÿÿÿÿÿÿÿÿÿÿÿÿÿÿÿÿÿÿÿÿÿÿÿÿÿÿÿÿÿÿÿÿÿÿÿÿÿÿÿÿÿÿÿÿÿÿÿÿÿÿÿÿÿÿÿÿÿÿÿÿÿÿÿÿÿÿÿÿÿÿÿÿÿÿÿÿÿÿÿÿÿÿÿÿÿÿÿÿÿÿÿÿÿÿÿÿÿÿÿÿÿÿÿÿÿÿÿÿÿÿÿÿÿÿÿÿÿÿÿÿÿÿÿÿÿÿÿÿÿÿÿÿÿÿÿÿÿÿÿÿÿÿÿÿÿÿÿÿÿÿÿÿÿÿÿÿÿÿÿÿÿÿÿÿÿÿÿÿÿÿÿÿÿÿÿÿÿÿÿÿÿÿÿÿÿÿÿÿÿÿÿÿÿÿÿÿÿ	\0\0\0ÓÌA\0\0\0\0\0\0á\0\0°Á\0\0\0\0â\0\0\0\\\0p\0	\0\0glassfish                                                                                                    B\0\0°a\0\0\0=\0\0\0\0\0?\0\0\0\0\0\0\0\0\0\0\0\0\0\0\0¯\0\0\0¼\0\0\0=\0\0h\\:¾#8\0\0\0\0\0\0X@\0\0\0\0\0\0\0\0\"\0\0\0\0\0\0\0·\0\0\0Ú\0\0\0\01\0\0È\0\0\0ÿ\0\0\0\0\0\0\0Arial1\0\0È\0\0\0ÿ\0\0\0\0\0\0\0Arial1\0\0È\0\0\0ÿ\0\0\0\0\0\0\0Arial1\0\0È\0\0\0ÿ\0\0\0\0\0\0\0Arial1\0\0È\0\0\0\0¼\0\0\0\0\0\0\0Arial1\0\0È\0\0\0\0¼\0\0\0\0\0\0\0Arial\Z\0\0\0\0\"$\"#,##0_);(\"$\"#,##0)\0\0\Z\0\0\"$\"#,##0_);[Red](\"$\"#,##0) \0\0\0\0\"$\"#,##0.00_);(\"$\"#,##0.00)%\0\0 \0\0\"$\"#,##0.00_);[Red](\"$\"#,##0.00),\0*\0\'\0\0_(* #,##0_);_(* (#,##0);_(* \"-\"_);_(@_)5\0)\00\0\0_(\"$\"* #,##0_);_(\"$\"* (#,##0);_(\"$\"* \"-\"_);_(@_)4\0,\0/\0\0_(* #,##0.00_);_(* (#,##0.00);_(* \"-\"??_);_(@_)=\0+\08\0\0_(\"$\"* #,##0.00_);_(\"$\"* (#,##0.00);_(\"$\"* \"-\"??_);_(@_)à\0\0\0\0\0\0õÿ \0\0\0\0\0\0\0\0\0\0\0À à\0\0\0\0\0õÿ \0\0ô\0\0\0\0\0\0\0\0À à\0\0\0\0\0õÿ \0\0ô\0\0\0\0\0\0\0\0À à\0\0\0\0\0õÿ \0\0ô\0\0\0\0\0\0\0\0À à\0\0\0\0\0õÿ \0\0ô\0\0\0\0\0\0\0\0À à\0\0\0\0\0\0õÿ \0\0ô\0\0\0\0\0\0\0\0À à\0\0\0\0\0\0õÿ \0\0ô\0\0\0\0\0\0\0\0À à\0\0\0\0\0\0õÿ \0\0ô\0\0\0\0\0\0\0\0À à\0\0\0\0\0\0õÿ \0\0ô\0\0\0\0\0\0\0\0À à\0\0\0\0\0\0õÿ \0\0ô\0\0\0\0\0\0\0\0À à\0\0\0\0\0\0õÿ \0\0ô\0\0\0\0\0\0\0\0À à\0\0\0\0\0\0õÿ \0\0ô\0\0\0\0\0\0\0\0À à\0\0\0\0\0\0õÿ \0\0ô\0\0\0\0\0\0\0\0À à\0\0\0\0\0\0õÿ \0\0ô\0\0\0\0\0\0\0\0À à\0\0\0\0\0\0õÿ \0\0ô\0\0\0\0\0\0\0\0À à\0\0\0\0\0\0\0 \0\0\0\0\0\0\0\0\0\0\0À à\0\0\0+\0õÿ \0\0ø\0\0\0\0\0\0\0\0À à\0\0\0)\0õÿ \0\0ø\0\0\0\0\0\0\0\0À à\0\0\0,\0õÿ \0\0ø\0\0\0\0\0\0\0\0À à\0\0\0*\0õÿ \0\0ø\0\0\0\0\0\0\0\0À à\0\0\0	\0õÿ \0\0ø\0\0\0\0\0\0\0\0À à\0\0\0\0\0\0\0(\0\0\0\0\0\0À à\0\0\0\0\0\0 \0\0(\0\0 à\0\0\0\0\0\0 \0\0(\0\0 ?\0?ÿ?\0?ÿ?\0?ÿ?\0?ÿ?\0\0?\0ÿ?\0?ÿ`\0\0\0?\0\0%\0\0\0\0\n\0Disclaimer?\0\0O&\0\0\0\0\0eMERGE C. diff (v2)?\0\0?,\0\0\0\0\0Supplemental Value Sets?\0\0\0\0®\0\0\0\0\0\0\0\0\0\0\0\0\0\0\0\0\0\0\0\00\0\0\0\0\Z\0\0\0\0\0\0\0\0\0\0MeasureOrCodeListDeveloper:\0\0\0\0\0\0!\0\0\0\0\0\0\0\0\0\0\0\0\0\0StandardOID:\0\0\0\0\0\"\0\0\0\0\0\0\0\0\0\0\0\0\0\0LastModified:\0\0\0\0\0%\0\0\0\0\0\0\0\0\0\0\0\0\0\0StandardConcept:\0\0\0\0\0&\0\0\0\0\0\0\0\0\0\0\0\0\0\0StandardCategory:\0\0\0\0\0&\0\0\0\0\0\0\0\0\0\0\0\0\0\0StandardTaxonomy:\0\0\0\0\0-\0\0\0\0\0\0\0\0\0\0\0\0\0\0StandardTaxonomyVersion:\0\0\0\0\0\Z\0\0\0\0\0\0\0\0\0\0\0\0\0\0Code:\0\0\0\0\0 \0\0\0\0\n\0\0\0\0\0\0\0\0\0\0Descriptor:\0\0\0\0ü\0Î\0\0m\0\0?\0The codes that you are exporting directly reflect the codes you entered into the Measure Authoring Tool.  These codes may be owned by a third party and subject to copyright or other intellectual property restrictions.  Use of these codes may require permission from the code owner or agreement to a license.  It is your responsibility to ensure that your use of any third party code is permissible and that you have fulfilled any notice or license requirements imposed by the code owner.  Use of the Measure Authoring Tool does not confer any rights on you with respect to these codes other than those codes that may be available from the code owner.\0\0Value Set Developer\r\0\0Value Set OID\r\0\0Last Modified\0\0Value Set Name\0\0QDM Category\0\0Code System\0\0Code System Version\0\0Code\n\0\0Descriptor\0\0Northwestern University\0\02.16.840.1.113883.299\0\002/07/2012 08:01 AM\0\0Clostridium difficile\0\0Condition/Diagnosis/Problem\0\0ICD-9\0\02012\0\0008.451\0\0Intestinal infection due to Clostridium difficile\0\02.16.840.1.113883.300\0\002/07/2012 11:46 AM \0\0Medications for treating C. diff\n\0\0Medication\0\0RxNorm\0\06922\r\0\0Metronidazole\0\0190376	\0\0Linezolid\0\0374281\0\0Vancomycin Oral Capsule\0\0374282\0\0Vancomycin Oral Solution\0\0378132\Z\0\0Vancomycin Oral Suspension\0\01111103\0\0Fidaxomicin\0\0HL7\0\02.16.840.1.113883.1.11.1\0\007/27/2011 10:47 AM\0\0Gender\0\0Individual Characteristic\0\0HL7 (2.16.840.1.113883.5.1)\r\0\01062-20101110\0\0F\0\0Female\0\0M\0\0Male\0\0UN\0\0Undifferentiated\0\0PHDSC\0\02.16.840.1.113883.221.5\0\010/01/2011 12:00 AM\0\0Payer\Z\0\0Source of Payment Typology\0\04.0\0\01\0\0MEDICARE\0\02\0\0MEDICAID\0\03L\0\0OTHER GOVERNMENT (Federal/State/Local) (excluding Department of Corrections)\0\04\Z\0\0DEPARTMENTS OF CORRECTIONS\0\05\0\0PRIVATE HEALTH INSURANCE\0\06\0\0BLUE CROSS/BLUE SHIELD\0\07X\0\0MANAGED CARE, UNSPECIFIED(to be used only if one can\'t distinguish public  from private)\0\08C\0\0NO PAYMENT from an Organization/Agency/Program/Private Payer Listed\0\09\0\0MISCELLANEOUS/OTHER\0\011\0\0Medicare (Managed Care)\0\012\0\0Medicare (Non-managed Care)\0\019\0\0Medicare Other\0\021\0\0Medicaid (Managed Care)\0\022 \0\0Medicaid (Non-managed Care Plan)\0\023\0\0Medicaid/SCHIP\0\024\0\0Medicaid Applicant\0\025\0\0Medicaid - Out of State\0\029\0\0Medicaid Other\0\031\0\0Department of Defense\0\032\0\0Department of Veterans Affairs\0\033\0\0Indian Health Service or Tribe\0\034\0\0HRSA Program\0\035\n\0\0Black Lung\0\036\0\0State Government\0\037\0\0Local Government\0\0386\0\0Other Government (Federal, State, Local not specified)\0\039\r\0\0Other Federal\0\041\0\0Corrections Federal\0\042\0\0Corrections State\0\043\0\0Corrections Local\0\044\0\0Corrections Unknown Level\0\051\0\0Managed Care (Private)\0\052$\0\0Private Health Insurance - Indemnity\0\053W\0\0Managed Care (private) or private health insurance (indemnity), not otherwise specified\0\054\0\0Organized Delivery System\0\055\0\0Small Employer Purchasing Group\0\059\0\0Other Private Insurance\0\061\0\0BC Managed Care\0\062\0\0BC Indemnity\0\063-\0\0BC (Indemnity or Managed Care) - Out of State\0\064,\0\0BC (Indemnity or Managed Care) - Unspecified\0\069&\0\0BC (Indemnity or Managed Care) - Other\0\071\0\0HMO\0\072\0\0PPO\0\073\0\0POS\0\0790\0\0Other Managed Care, Unknown if public or private\0\081\0\0Self-pay\0\082	\0\0No Charge\0\083\0\0Refusal to Pay/Bad Debt\0\084\0\0Hill Burton Free Care\0\085\0\0Research/Donor\0\089\0\0No Payment, Other\0\091\0\0Foreign National\0\092\0\0Other (Non-government)\0\093\0\0Disability Insurance\0\094\0\0Long-term Care Insurance\0\095\0\0Worker\'s Compensation\0\096\0\0Auto Insurance (no fault)\0\0985\0\0Other specified (includes Hospice - Unspecified plan)\0\099-\0\0No Typology Code available for payment source\0\0111\0\0Medicare HMO\0\0112\0\0Medicare PPO\0\0113\0\0Medicare POS\0\0119\0\0Medicare Managed Care Other\0\0121\0\0Medicare FFS\0\0122\0\0Drug Benefit\0\0123&\0\0Medicare Medical Savings Account (MSA)\0\0129\0\0Medicare Non-managed Care Other\0\0211\0\0Medicaid HMO\0\0212\0\0Medicaid PPO\0\0213,\0\0Medicaid PCCM (Primary Care Case Management)\0\0219\0\0Medicaid Managed Care Other\0\0311\0\0TRICARE (CHAMPUS)\0\0312\0\0Military Treatment Facility\0\0313\0\0Dental --Stand Alone\0\0321\'\0\0Veteran care--Care provided to Veterans\0\0322\0\0Non-veteran care\0\0331\0\0Indian Health Service - Regular\0\0332 \0\0Indian Health Service - Contract\0\0333$\0\0Indian Health Service - Managed Care\0\0334!\0\0Indian Tribe - Sponsored Coverage\0\0341\0\0Title V (MCH Block Grant)\0\0342\0\0Migrant Health Program\0\0343\0\0Ryan White Act\0\0349\0\0Other\0\03611\0\0State SCHIP program (codes for individual states)\0\0362*\0\0Specific state programs (list/ local code)\0\0369,\0\0State, not otherwise specified (other state)\0\0371\0\0Local - Managed care\0\0372\r\0\0FFS/Indemnity\0\03794\0\0Local, not otherwise specified (other local, county)\0\03810\0\0Federal, State, Local not specified managed care\0\0382)\0\0Federal, State, Local not specified - FFS\0\0389+\0\0Federal, State, Local not specified - Other\0\0511\0\0Commercial Managed Care - HMO\0\0512\0\0Commercial Managed Care - PPO\0\0513\0\0Commercial Managed Care - POS\0\0514 \0\0Exclusive  Provider Organization\0\0515\0\0Gatekeeper PPO (GPPO)\0\0519\0\0Managed Care, Other (non HMO)\0\0521\0\0Commercial Indemnity\0\0522<\0\0Self-insured (ERISA) Administrative Services Only (ASO) plan\0\0523.\0\0Medicare supplemental policy (as second payer)\0\05293\0P\0r\0i\0v\0a\0t\0e\0 \0h\0e\0a\0l\0t\0h\0 \0i\0n\0s\0u\0r\0a\0n\0c\0e\0 o\0t\0h\0e\0r\0 \0c\0o\0m\0m\0e\0r\0c\0i\0a\0l\0 \0I\0n\0d\0e\0m\0n\0i\0t\0y\0\0\0611\0\0BC Managed Care - HMO\0\0612\0\0BC Managed Care - PPO\0\0613\0\0BC Managed Care - POS\0\0619\0\0BC Managed Care - Other\0\0821\0\0Charity\0\0822\0\0Professional Courtesy\0\0823\0\0Hispanic or Latino\0\0951\0\0Worker\'s Comp HMO\0\0953\0\0Worker\'s Comp Fee-for-Service\0\0954 \0\0Worker\'s Comp Other Managed Care\0\0959 \0\0Worker\'s Comp, Other unspecified\0\03111\0\0TRICARE  Prime--HMO\0\03112\0\0TRICARE  Extra--PPO\0\03113\"\0\0TRICARE Standard - Fee For Service\0\03114%\0\0TRICARE For Life--Medicare Supplement\0\03115\0\0TRICARE Reserve Select\0\031164\0\0Uniformed Services Family Health Plan (USFHP) -- HMO\0\03119 \0\0Department of Defense -  (other)\0\03121\0\0Enrolled Prime--HMO\0\03122\0\0Non-enrolled Space Available\0\03123\0\0TRICARE For Life (TFL)\0\03211+\0\0Direct Care--Care provided in VA facilities\0\032122\0\0Indirect Care--Care provided outside VA facilities\0\032218\0\0Civilian Health and Medical Program for the VA (CHAMPVA)\0\03222%\0\0Spina Bifida Health Care Program (SB)\0\03223)\0\0Children of Women Vietnam Veterans (CWVV)\0\03229\0\0Other non-veteran care\0\03711\0\03712\0\03713\0\03811)\0\0Federal, State, Local not specified - HMO\0\03812)\0\0Federal, State, Local not specified - PPO\0\03813)\0\0Federal, State, Local not specified - POS\0\03819@\0\0Federal, State, Local not specified - not specified managed care\0\09999\0\0Unavailable / Unknown\0\032121	\0\0Fee Basis\0\032122(\0\0Foreign Fee/Foreign Medical Program(FMP)\0\032123,\0\0Contract Nursing Home/Community Nursing Home\0\032124\0\0State Veterans Home\0\032125\0\0Sharing Agreements\0\032126\0\0Other Federal Agency\0\0CDC NCHS\Z\0\02.16.840.1.114222.4.11.836\0\003/30/2007 12:00 AM\0\0Race\0\0CDC\0\01.0\0\01002-5 \0\0American Indian or Alaska Native\0\02028-9\0\0Asian\0\02054-5\0\0Black or African American\0\02076-8)\0\0Native Hawaiian or Other Pacific Islander\0\02106-3\0\0White\0\02131-1\n\0\0Other Race\Z\0\02.16.840.1.114222.4.11.837	\0\0Ethnicity\0\02135-2\0\02186-5\0\0Not Hispanic or Latinoÿ\0r\0?\0\0\0\0\0?\n\0\0\0\0$\0\0­\0\0Ï\0\0X\0\0B\0\0Ë\0\0À\0\0I\0\0\'\r\0\0°\0\0¡\r\0\0*\0\03\0\0¼\0\0\0\0¡\0\0?\0\0\0\0\0\0?\0\0z\0\0	\0\0Ş\0\0g	\0\0d\0\0í	\0\0Õ\0\0^\n\0\0¨\0\01\0\0\'\0\0°\0\0?\0\0(\0\0\0\0?\0\0n\0\0÷\0\0à\0\0i\r\0\0?\0\0\Z\0\0ô\0\0}\0\0u\0\0ş\0\0ø\0\0\0\0?\0\0\0\0\Z\0\0£\0\0?\0\0%\0\0L\0\0Õ\0\0õ\0\0~\0\0§\Z\0\00\0\0:\0\0Ã\0\0B\0\0Ë\0\0¼\0\0E\0\0\0\0¨\0\0µ\0\0>\0\0M\0\0Ö\0\0ø\0\0\0\0Ë\0\0T\0\0[ \0\0ä\0\0>!\0\0Ç\0\0Û!\0\0d\Z\0\0]\"\0\0æ\Z\0\0Ã\"\0\0L\0\0D#\0\0Í\0\0\n\0\0\0	\0\0\0»\rÌÁ\0\0\0\0\0\0\0\0\0\0\0\0\0\0\0\0\0\0\0\0\0\0&\0\0\r\0\0\0\0\0d\0\0\0\0\0\0\0\0\0\0ü©ñÒMbP?_\0\0\0*\0\0\0\0+\0\0\0\0?\0\0\0?\0\0\0\0\0\0\0\0\0\0%\0\0\0ÿ\0\0\0Á\0\0\0\0\0\0?\0\0\0\0?\0\0\0\0¡\0\"\0\0d\0\0\0\0\0,,\0\0\0\0\0\0à?\0\0\0\0\0\0à?\0U\0\0\0}\0\0\0\0\0\0\0K\0\0\0\0\0\0\0\0\0\0\0\0\0\0\0\0\0\0\0\0\0\0\0ÿ\0\0\0\0\0\0\0ı\0\n\0\0\0\0\0\0\0\0\0\0×\0\0\"\0\0\0\0\0>\0¶\0\0\0\0@\0\0\0\0\0\0\0\0\0\0\0\0\0\0\0\0\0\0\0\0\0\0\0\0\0\0\n\0\0\0	\0\0\0»\rÌÁ\0\0\0\0\0\0\0\0\0\0\0\0\0\0\0\0\0\0\0\0\0\0C,\0\0\r\0\0\0\0\0d\0\0\0\0\0\0\0\0\0\0ü©ñÒMbP?_\0\0\0*\0\0\0\0+\0\0\0\0?\0\0\0?\0\0\0\0\0\0\0\0\0\0%\0\0\0ÿ\0\0\0Á\0\0\0\0\0\0?\0\0\0\0?\0\0\0\0¡\0\"\0\0d\0\0\0\0\0,,\0\0\0\0\0\0à?\0\0\0\0\0\0à?\0U\0\0\0}\0\0\0\0\0\0\0\0\0}\0\0\0\0q\0\0\0}\0\0\0\0ã\0\0\0}\0\0\0\0/\Z\0\0\0}\0\0\0\0ê\0\0\0}\0\0\0\06\r\0\0\0}\0\0\0\0í\0\0\0}\0\0\0\00\0\0\0}\0\0\0\0È&\0\0\0\0\0\0\0\0\0\0\0\0\0\0	\0\0\0\0\0\0\0\0	\0ÿ\0\0\0\0\0\0\0\0\0\0\0	\0ÿ\0\0\0\0\0\0\0\0\0\0\0	\0ÿ\0\0\0\0\0\0\0\0\0\0\0	\0ÿ\0\0\0\0\0\0\0\0\0\0\0	\0ÿ\0\0\0\0\0\0\0\0\0\0\0	\0ÿ\0\0\0\0\0\0\0\0\0\0\0	\0ÿ\0\0\0\0\0\0\0\0\0\0\0	\0ÿ\0\0\0\0\0\0\0ı\0\n\0\0\0\0\0\0\0\0\0ı\0\n\0\0\0\0\0\0\0\0ı\0\n\0\0\0\0\0\0\0\0ı\0\n\0\0\0\0\0\0\0\0ı\0\n\0\0\0\0\0\0\0\0ı\0\n\0\0\0\0\0\0\0\0ı\0\n\0\0\0\0\0\0\0\0ı\0\n\0\0\0\0\0\0\0\0ı\0\n\0\0\0\0\0	\0\0\0ı\0\n\0\0\0\0\0\n\0\0\0ı\0\n\0\0\0\0\0\0\0ı\0\n\0\0\0\0\0\0\0ı\0\n\0\0\0\0\r\0\0\0ı\0\n\0\0\0\0\0\0\0ı\0\n\0\0\0\0\0\0\0ı\0\n\0\0\0\0\0\0\0ı\0\n\0\0\0\0\0\0\0ı\0\n\0\0\0\0\0\0\0ı\0\n\0\0\0\0\0\n\0\0\0ı\0\n\0\0\0\0\0\0\0ı\0\n\0\0\0\0\0\0\0ı\0\n\0\0\0\0\0\0\0ı\0\n\0\0\0\0\0\0\0ı\0\n\0\0\0\0\0\0\0ı\0\n\0\0\0\0\0\0\0ı\0\n\0\0\0\0\0\0\0ı\0\n\0\0\0\0\0\0\0ı\0\n\0\0\0\0\0\n\0\0\0ı\0\n\0\0\0\0\0\0\0ı\0\n\0\0\0\0\0\0\0ı\0\n\0\0\0\0\0\0\0ı\0\n\0\0\0\0\0\0\0ı\0\n\0\0\0\0\0\0\0ı\0\n\0\0\0\0\0\0\0ı\0\n\0\0\0\0\Z\0\0\0ı\0\n\0\0\0\0\0\0\0ı\0\n\0\0\0\0\0\n\0\0\0ı\0\n\0\0\0\0\0\0\0ı\0\n\0\0\0\0\0\0\0ı\0\n\0\0\0\0\0\0\0ı\0\n\0\0\0\0\0\0\0ı\0\n\0\0\0\0\0\0\0ı\0\n\0\0\0\0\0\0\0ı\0\n\0\0\0\0\0\0\0ı\0\n\0\0\0\0\0\0\0ı\0\n\0\0\0\0\0\n\0\0\0ı\0\n\0\0\0\0\0\0\0ı\0\n\0\0\0\0\0\0\0ı\0\n\0\0\0\0\0\0\0ı\0\n\0\0\0\0\0\0\0ı\0\n\0\0\0\0\0\0\0ı\0\n\0\0\0\0\0\0\0ı\0\n\0\0\0\0\0\0\0ı\0\n\0\0\0\0\0\0\0ı\0\n\0\0\0\0\0\n\0\0\0ı\0\n\0\0\0\0\0\0\0ı\0\n\0\0\0\0\0\0\0ı\0\n\0\0\0\0\0\0\0ı\0\n\0\0\0\0\0\0\0ı\0\n\0\0\0\0\0\0\0ı\0\n\0\0\0\0\0\0\0ı\0\n\0\0\0\0 \0\0\0ı\0\n\0\0\0\0!\0\0\0ı\0\n\0\0\0\0\0\n\0\0\0ı\0\n\0\0\0\0\0\0\0ı\0\n\0\0\0\0\0\0\0ı\0\n\0\0\0\0\0\0\0ı\0\n\0\0\0\0\0\0\0ı\0\n\0\0\0\0\0\0\0ı\0\n\0\0\0\0\0\0\0ı\0\n\0\0\0\0\"\0\0\0ı\0\n\0\0\0\0#\0\0\0×\0\0\0\0?\0~\0~\0~\0~\0~\0~\0~\0>\0¶\0\0\0\0\0@\0\0\0\0\0\0\0\0\0\0\0\0\0\0\0\0\0\0\0\0\0\0\0\0\0\0\n\0\0\0	\0\0\0»\rÌÁ\0\0\0\0\0\0$\0\0\0\0\0\0\0\0\0\0\0\0\0\0\0\0<@\0\0ÄR\0\0Le\0\0Ôw\0\0¦?\0\0\r\0\0\0\0\0d\0\0\0\0\0\0\0\0\0\0ü©ñÒMbP?_\0\0\0*\0\0\0\0+\0\0\0\0?\0\0\0?\0\0\0\0\0\0\0\0\0\0%\0\0\0ÿ\0\0\0Á\0\0\0\0\0\0?\0\0\0\0?\0\0\0\0¡\0\"\0\0d\0\0\0\0\0,,\0\0\0\0\0\0à?\0\0\0\0\0\0à?\0U\0\0\0}\0\0\0\0\0\0A\0\0\0}\0\0\0\0¯\0\0\0}\0\0\0\0ã\0\0\0}\0\0\0\0\0\0\0}\0\0\0\0\0\0\0}\0\0\0\0ñ\0\0\0}\0\0\0\0í\0\0\0}\0\0\0\0»\0\0\0}\0\0\0\0M\0\0\0\0\0\0\0\0\0\0\0\0\0\0	\0\0\0\0\0\0\0\0	\0ÿ\0\0\0\0\0\0\0\0\0\0\0	\0ÿ\0\0\0\0\0\0\0\0\0\0\0	\0ÿ\0\0\0\0\0\0\0\0\0\0\0	\0ÿ\0\0\0\0\0\0\0\0\0\0\0	\0ÿ\0\0\0\0\0\0\0\0\0\0\0	\0ÿ\0\0\0\0\0\0\0\0\0\0\0	\0ÿ\0\0\0\0\0\0\0\0\0\0\0	\0ÿ\0\0\0\0\0\0\0\0\0\0\0	\0ÿ\0\0\0\0\0\0\0\0	\0\0\0	\0ÿ\0\0\0\0\0\0\0\0\n\0\0\0	\0ÿ\0\0\0\0\0\0\0\0\0\0\0	\0ÿ\0\0\0\0\0\0\0\0\0\0\0	\0ÿ\0\0\0\0\0\0\0\0\r\0\0\0	\0ÿ\0\0\0\0\0\0\0\0\0\0\0	\0ÿ\0\0\0\0\0\0\0\0\0\0\0	\0ÿ\0\0\0\0\0\0\0\0\0\0\0	\0ÿ\0\0\0\0\0\0\0\0\0\0\0	\0ÿ\0\0\0\0\0\0\0\0\0\0\0	\0ÿ\0\0\0\0\0\0\0\0\0\0\0	\0ÿ\0\0\0\0\0\0\0\0\0\0\0	\0ÿ\0\0\0\0\0\0\0\0\0\0\0	\0ÿ\0\0\0\0\0\0\0\0\0\0\0	\0ÿ\0\0\0\0\0\0\0\0\0\0\0	\0ÿ\0\0\0\0\0\0\0\0\0\0\0	\0ÿ\0\0\0\0\0\0\0\0\0\0\0	\0ÿ\0\0\0\0\0\0\0\0\Z\0\0\0	\0ÿ\0\0\0\0\0\0\0\0\0\0\0	\0ÿ\0\0\0\0\0\0\0\0\0\0\0	\0ÿ\0\0\0\0\0\0\0\0\0\0\0	\0ÿ\0\0\0\0\0\0\0\0\0\0\0	\0ÿ\0\0\0\0\0\0\0\0\0\0\0	\0ÿ\0\0\0\0\0\0\0ı\0\n\0\0\0\0\0\0\0\0\0ı\0\n\0\0\0\0\0\0\0\0ı\0\n\0\0\0\0\0\0\0\0ı\0\n\0\0\0\0\0\0\0\0ı\0\n\0\0\0\0\0\0\0\0ı\0\n\0\0\0\0\0\0\0\0ı\0\n\0\0\0\0\0\0\0\0ı\0\n\0\0\0\0\0\0\0\0ı\0\n\0\0\0\0\0	\0\0\0ı\0\n\0\0\0\0\0$\0\0\0ı\0\n\0\0\0\0%\0\0\0ı\0\n\0\0\0\0&\0\0\0ı\0\n\0\0\0\0\'\0\0\0ı\0\n\0\0\0\0(\0\0\0ı\0\n\0\0\0\0)\0\0\0ı\0\n\0\0\0\0*\0\0\0ı\0\n\0\0\0\0+\0\0\0ı\0\n\0\0\0\0,\0\0\0ı\0\n\0\0\0\0\0$\0\0\0ı\0\n\0\0\0\0%\0\0\0ı\0\n\0\0\0\0&\0\0\0ı\0\n\0\0\0\0\'\0\0\0ı\0\n\0\0\0\0(\0\0\0ı\0\n\0\0\0\0)\0\0\0ı\0\n\0\0\0\0*\0\0\0ı\0\n\0\0\0\0-\0\0\0ı\0\n\0\0\0\0.\0\0\0ı\0\n\0\0\0\0\0$\0\0\0ı\0\n\0\0\0\0%\0\0\0ı\0\n\0\0\0\0&\0\0\0ı\0\n\0\0\0\0\'\0\0\0ı\0\n\0\0\0\0(\0\0\0ı\0\n\0\0\0\0)\0\0\0ı\0\n\0\0\0\0*\0\0\0ı\0\n\0\0\0\0/\0\0\0ı\0\n\0\0\0\00\0\0\0ı\0\n\0\0\0\0\01\0\0\0ı\0\n\0\0\0\02\0\0\0ı\0\n\0\0\0\03\0\0\0ı\0\n\0\0\0\04\0\0\0ı\0\n\0\0\0\0(\0\0\0ı\0\n\0\0\0\05\0\0\0ı\0\n\0\0\0\06\0\0\0ı\0\n\0\0\0\07\0\0\0ı\0\n\0\0\0\08\0\0\0ı\0\n\0\0\0\0\01\0\0\0ı\0\n\0\0\0\02\0\0\0ı\0\n\0\0\0\03\0\0\0ı\0\n\0\0\0\04\0\0\0ı\0\n\0\0\0\0(\0\0\0ı\0\n\0\0\0\05\0\0\0ı\0\n\0\0\0\06\0\0\0ı\0\n\0\0\0\09\0\0\0ı\0\n\0\0\0\0:\0\0\0ı\0\n\0\0\0\0\01\0\0\0ı\0\n\0\0\0\02\0\0\0ı\0\n\0\0\0\03\0\0\0ı\0\n\0\0\0\04\0\0\0ı\0\n\0\0\0\0(\0\0\0ı\0\n\0\0\0\05\0\0\0ı\0\n\0\0\0\06\0\0\0ı\0\n\0\0\0\0;\0\0\0ı\0\n\0\0\0\0<\0\0\0ı\0\n\0\0\0\0\01\0\0\0ı\0\n\0\0\0\02\0\0\0ı\0\n\0\0\0\03\0\0\0ı\0\n\0\0\0\04\0\0\0ı\0\n\0\0\0\0(\0\0\0ı\0\n\0\0\0\05\0\0\0ı\0\n\0\0\0\06\0\0\0ı\0\n\0\0\0\0=\0\0\0ı\0\n\0\0\0\0>\0\0\0ı\0\n\0\0\0\0\01\0\0\0ı\0\n\0\0\0\02\0\0\0ı\0\n\0\0\0\03\0\0\0ı\0\n\0\0\0\04\0\0\0ı\0\n\0\0\0\0(\0\0\0ı\0\n\0\0\0\05\0\0\0ı\0\n\0\0\0\06\0\0\0ı\0\n\0\0\0\0?\0\0\0ı\0\n\0\0\0\0@\0\0\0ı\0\n\0	\0\0\0\01\0\0\0ı\0\n\0	\0\0\02\0\0\0ı\0\n\0	\0\0\03\0\0\0ı\0\n\0	\0\0\04\0\0\0ı\0\n\0	\0\0\0(\0\0\0ı\0\n\0	\0\0\05\0\0\0ı\0\n\0	\0\0\06\0\0\0ı\0\n\0	\0\0\0A\0\0\0ı\0\n\0	\0\0\0B\0\0\0ı\0\n\0\n\0\0\0\01\0\0\0ı\0\n\0\n\0\0\02\0\0\0ı\0\n\0\n\0\0\03\0\0\0ı\0\n\0\n\0\0\04\0\0\0ı\0\n\0\n\0\0\0(\0\0\0ı\0\n\0\n\0\0\05\0\0\0ı\0\n\0\n\0\0\06\0\0\0ı\0\n\0\n\0\0\0C\0\0\0ı\0\n\0\n\0\0\0D\0\0\0ı\0\n\0\0\0\0\01\0\0\0ı\0\n\0\0\0\02\0\0\0ı\0\n\0\0\0\03\0\0\0ı\0\n\0\0\0\04\0\0\0ı\0\n\0\0\0\0(\0\0\0ı\0\n\0\0\0\05\0\0\0ı\0\n\0\0\0\06\0\0\0ı\0\n\0\0\0\0E\0\0\0ı\0\n\0\0\0\0F\0\0\0ı\0\n\0\0\0\0\01\0\0\0ı\0\n\0\0\0\02\0\0\0ı\0\n\0\0\0\03\0\0\0ı\0\n\0\0\0\04\0\0\0ı\0\n\0\0\0\0(\0\0\0ı\0\n\0\0\0\05\0\0\0ı\0\n\0\0\0\06\0\0\0ı\0\n\0\0\0\0G\0\0\0ı\0\n\0\0\0\0H\0\0\0ı\0\n\0\r\0\0\0\01\0\0\0ı\0\n\0\r\0\0\02\0\0\0ı\0\n\0\r\0\0\03\0\0\0ı\0\n\0\r\0\0\04\0\0\0ı\0\n\0\r\0\0\0(\0\0\0ı\0\n\0\r\0\0\05\0\0\0ı\0\n\0\r\0\0\06\0\0\0ı\0\n\0\r\0\0\0I\0\0\0ı\0\n\0\r\0\0\0J\0\0\0ı\0\n\0\0\0\0\01\0\0\0ı\0\n\0\0\0\02\0\0\0ı\0\n\0\0\0\03\0\0\0ı\0\n\0\0\0\04\0\0\0ı\0\n\0\0\0\0(\0\0\0ı\0\n\0\0\0\05\0\0\0ı\0\n\0\0\0\06\0\0\0ı\0\n\0\0\0\0K\0\0\0ı\0\n\0\0\0\0L\0\0\0ı\0\n\0\0\0\0\01\0\0\0ı\0\n\0\0\0\02\0\0\0ı\0\n\0\0\0\03\0\0\0ı\0\n\0\0\0\04\0\0\0ı\0\n\0\0\0\0(\0\0\0ı\0\n\0\0\0\05\0\0\0ı\0\n\0\0\0\06\0\0\0ı\0\n\0\0\0\0M\0\0\0ı\0\n\0\0\0\0N\0\0\0ı\0\n\0\0\0\0\01\0\0\0ı\0\n\0\0\0\02\0\0\0ı\0\n\0\0\0\03\0\0\0ı\0\n\0\0\0\04\0\0\0ı\0\n\0\0\0\0(\0\0\0ı\0\n\0\0\0\05\0\0\0ı\0\n\0\0\0\06\0\0\0ı\0\n\0\0\0\0O\0\0\0ı\0\n\0\0\0\0P\0\0\0ı\0\n\0\0\0\0\01\0\0\0ı\0\n\0\0\0\02\0\0\0ı\0\n\0\0\0\03\0\0\0ı\0\n\0\0\0\04\0\0\0ı\0\n\0\0\0\0(\0\0\0ı\0\n\0\0\0\05\0\0\0ı\0\n\0\0\0\06\0\0\0ı\0\n\0\0\0\0Q\0\0\0ı\0\n\0\0\0\0R\0\0\0ı\0\n\0\0\0\0\01\0\0\0ı\0\n\0\0\0\02\0\0\0ı\0\n\0\0\0\03\0\0\0ı\0\n\0\0\0\04\0\0\0ı\0\n\0\0\0\0(\0\0\0ı\0\n\0\0\0\05\0\0\0ı\0\n\0\0\0\06\0\0\0ı\0\n\0\0\0\0S\0\0\0ı\0\n\0\0\0\0T\0\0\0ı\0\n\0\0\0\0\01\0\0\0ı\0\n\0\0\0\02\0\0\0ı\0\n\0\0\0\03\0\0\0ı\0\n\0\0\0\04\0\0\0ı\0\n\0\0\0\0(\0\0\0ı\0\n\0\0\0\05\0\0\0ı\0\n\0\0\0\06\0\0\0ı\0\n\0\0\0\0U\0\0\0ı\0\n\0\0\0\0V\0\0\0ı\0\n\0\0\0\0\01\0\0\0ı\0\n\0\0\0\02\0\0\0ı\0\n\0\0\0\03\0\0\0ı\0\n\0\0\0\04\0\0\0ı\0\n\0\0\0\0(\0\0\0ı\0\n\0\0\0\05\0\0\0ı\0\n\0\0\0\06\0\0\0ı\0\n\0\0\0\0W\0\0\0ı\0\n\0\0\0\0X\0\0\0ı\0\n\0\0\0\0\01\0\0\0ı\0\n\0\0\0\02\0\0\0ı\0\n\0\0\0\03\0\0\0ı\0\n\0\0\0\04\0\0\0ı\0\n\0\0\0\0(\0\0\0ı\0\n\0\0\0\05\0\0\0ı\0\n\0\0\0\06\0\0\0ı\0\n\0\0\0\0Y\0\0\0ı\0\n\0\0\0\0Z\0\0\0ı\0\n\0\0\0\0\01\0\0\0ı\0\n\0\0\0\02\0\0\0ı\0\n\0\0\0\03\0\0\0ı\0\n\0\0\0\04\0\0\0ı\0\n\0\0\0\0(\0\0\0ı\0\n\0\0\0\05\0\0\0ı\0\n\0\0\0\06\0\0\0ı\0\n\0\0\0\0[\0\0\0ı\0\n\0\0\0\0\\\0\0\0ı\0\n\0\0\0\0\01\0\0\0ı\0\n\0\0\0\02\0\0\0ı\0\n\0\0\0\03\0\0\0ı\0\n\0\0\0\04\0\0\0ı\0\n\0\0\0\0(\0\0\0ı\0\n\0\0\0\05\0\0\0ı\0\n\0\0\0\06\0\0\0ı\0\n\0\0\0\0]\0\0\0ı\0\n\0\0\0\0^\0\0\0ı\0\n\0\0\0\0\01\0\0\0ı\0\n\0\0\0\02\0\0\0ı\0\n\0\0\0\03\0\0\0ı\0\n\0\0\0\04\0\0\0ı\0\n\0\0\0\0(\0\0\0ı\0\n\0\0\0\05\0\0\0ı\0\n\0\0\0\06\0\0\0ı\0\n\0\0\0\0_\0\0\0ı\0\n\0\0\0\0`\0\0\0ı\0\n\0\0\0\0\01\0\0\0ı\0\n\0\0\0\02\0\0\0ı\0\n\0\0\0\03\0\0\0ı\0\n\0\0\0\04\0\0\0ı\0\n\0\0\0\0(\0\0\0ı\0\n\0\0\0\05\0\0\0ı\0\n\0\0\0\06\0\0\0ı\0\n\0\0\0\0a\0\0\0ı\0\n\0\0\0\0b\0\0\0ı\0\n\0\Z\0\0\0\01\0\0\0ı\0\n\0\Z\0\0\02\0\0\0ı\0\n\0\Z\0\0\03\0\0\0ı\0\n\0\Z\0\0\04\0\0\0ı\0\n\0\Z\0\0\0(\0\0\0ı\0\n\0\Z\0\0\05\0\0\0ı\0\n\0\Z\0\0\06\0\0\0ı\0\n\0\Z\0\0\0c\0\0\0ı\0\n\0\Z\0\0\0d\0\0\0ı\0\n\0\0\0\0\01\0\0\0ı\0\n\0\0\0\02\0\0\0ı\0\n\0\0\0\03\0\0\0ı\0\n\0\0\0\04\0\0\0ı\0\n\0\0\0\0(\0\0\0ı\0\n\0\0\0\05\0\0\0ı\0\n\0\0\0\06\0\0\0ı\0\n\0\0\0\0e\0\0\0ı\0\n\0\0\0\0f\0\0\0ı\0\n\0\0\0\0\01\0\0\0ı\0\n\0\0\0\02\0\0\0ı\0\n\0\0\0\03\0\0\0ı\0\n\0\0\0\04\0\0\0ı\0\n\0\0\0\0(\0\0\0ı\0\n\0\0\0\05\0\0\0ı\0\n\0\0\0\06\0\0\0ı\0\n\0\0\0\0g\0\0\0ı\0\n\0\0\0\0h\0\0\0ı\0\n\0\0\0\0\01\0\0\0ı\0\n\0\0\0\02\0\0\0ı\0\n\0\0\0\03\0\0\0ı\0\n\0\0\0\04\0\0\0ı\0\n\0\0\0\0(\0\0\0ı\0\n\0\0\0\05\0\0\0ı\0\n\0\0\0\06\0\0\0ı\0\n\0\0\0\0i\0\0\0ı\0\n\0\0\0\0j\0\0\0ı\0\n\0\0\0\0\01\0\0\0ı\0\n\0\0\0\02\0\0\0ı\0\n\0\0\0\03\0\0\0ı\0\n\0\0\0\04\0\0\0ı\0\n\0\0\0\0(\0\0\0ı\0\n\0\0\0\05\0\0\0ı\0\n\0\0\0\06\0\0\0ı\0\n\0\0\0\0k\0\0\0ı\0\n\0\0\0\0l\0\0\0ı\0\n\0\0\0\0\01\0\0\0ı\0\n\0\0\0\02\0\0\0ı\0\n\0\0\0\03\0\0\0ı\0\n\0\0\0\04\0\0\0ı\0\n\0\0\0\0(\0\0\0ı\0\n\0\0\0\05\0\0\0ı\0\n\0\0\0\06\0\0\0ı\0\n\0\0\0\0m\0\0\0ı\0\n\0\0\0\0n\0\0\0×\0D\0@\0\0l~\0~\0~\0~\0~\0~\0~\0~\0~\0~\0~\0~\0~\0~\0~\0~\0~\0~\0~\0~\0~\0~\0~\0~\0~\0~\0~\0~\0~\0~\0~\0\0 \0\0\0	\0ÿ\0\0\0\0\0\0\0\0!\0\0\0	\0ÿ\0\0\0\0\0\0\0\0\"\0\0\0	\0ÿ\0\0\0\0\0\0\0\0#\0\0\0	\0ÿ\0\0\0\0\0\0\0\0$\0\0\0	\0ÿ\0\0\0\0\0\0\0\0%\0\0\0	\0ÿ\0\0\0\0\0\0\0\0&\0\0\0	\0ÿ\0\0\0\0\0\0\0\0\'\0\0\0	\0ÿ\0\0\0\0\0\0\0\0(\0\0\0	\0ÿ\0\0\0\0\0\0\0\0)\0\0\0	\0ÿ\0\0\0\0\0\0\0\0*\0\0\0	\0ÿ\0\0\0\0\0\0\0\0+\0\0\0	\0ÿ\0\0\0\0\0\0\0\0,\0\0\0	\0ÿ\0\0\0\0\0\0\0\0-\0\0\0	\0ÿ\0\0\0\0\0\0\0\0.\0\0\0	\0ÿ\0\0\0\0\0\0\0\0/\0\0\0	\0ÿ\0\0\0\0\0\0\0\00\0\0\0	\0ÿ\0\0\0\0\0\0\0\01\0\0\0	\0ÿ\0\0\0\0\0\0\0\02\0\0\0	\0ÿ\0\0\0\0\0\0\0\03\0\0\0	\0ÿ\0\0\0\0\0\0\0\04\0\0\0	\0ÿ\0\0\0\0\0\0\0\05\0\0\0	\0ÿ\0\0\0\0\0\0\0\06\0\0\0	\0ÿ\0\0\0\0\0\0\0\07\0\0\0	\0ÿ\0\0\0\0\0\0\0\08\0\0\0	\0ÿ\0\0\0\0\0\0\0\09\0\0\0	\0ÿ\0\0\0\0\0\0\0\0:\0\0\0	\0ÿ\0\0\0\0\0\0\0\0;\0\0\0	\0ÿ\0\0\0\0\0\0\0\0<\0\0\0	\0ÿ\0\0\0\0\0\0\0\0=\0\0\0	\0ÿ\0\0\0\0\0\0\0\0>\0\0\0	\0ÿ\0\0\0\0\0\0\0\0?\0\0\0	\0ÿ\0\0\0\0\0\0\0ı\0\n\0 \0\0\0\01\0\0\0ı\0\n\0 \0\0\02\0\0\0ı\0\n\0 \0\0\03\0\0\0ı\0\n\0 \0\0\04\0\0\0ı\0\n\0 \0\0\0(\0\0\0ı\0\n\0 \0\0\05\0\0\0ı\0\n\0 \0\0\06\0\0\0ı\0\n\0 \0\0\0o\0\0\0ı\0\n\0 \0\0\0p\0\0\0ı\0\n\0!\0\0\0\01\0\0\0ı\0\n\0!\0\0\02\0\0\0ı\0\n\0!\0\0\03\0\0\0ı\0\n\0!\0\0\04\0\0\0ı\0\n\0!\0\0\0(\0\0\0ı\0\n\0!\0\0\05\0\0\0ı\0\n\0!\0\0\06\0\0\0ı\0\n\0!\0\0\0q\0\0\0ı\0\n\0!\0\0\0r\0\0\0ı\0\n\0\"\0\0\0\01\0\0\0ı\0\n\0\"\0\0\02\0\0\0ı\0\n\0\"\0\0\03\0\0\0ı\0\n\0\"\0\0\04\0\0\0ı\0\n\0\"\0\0\0(\0\0\0ı\0\n\0\"\0\0\05\0\0\0ı\0\n\0\"\0\0\06\0\0\0ı\0\n\0\"\0\0\0s\0\0\0ı\0\n\0\"\0\0\0t\0\0\0ı\0\n\0#\0\0\0\01\0\0\0ı\0\n\0#\0\0\02\0\0\0ı\0\n\0#\0\0\03\0\0\0ı\0\n\0#\0\0\04\0\0\0ı\0\n\0#\0\0\0(\0\0\0ı\0\n\0#\0\0\05\0\0\0ı\0\n\0#\0\0\06\0\0\0ı\0\n\0#\0\0\0u\0\0\0ı\0\n\0#\0\0\0v\0\0\0ı\0\n\0$\0\0\0\01\0\0\0ı\0\n\0$\0\0\02\0\0\0ı\0\n\0$\0\0\03\0\0\0ı\0\n\0$\0\0\04\0\0\0ı\0\n\0$\0\0\0(\0\0\0ı\0\n\0$\0\0\05\0\0\0ı\0\n\0$\0\0\06\0\0\0ı\0\n\0$\0\0\0w\0\0\0ı\0\n\0$\0\0\0x\0\0\0ı\0\n\0%\0\0\0\01\0\0\0ı\0\n\0%\0\0\02\0\0\0ı\0\n\0%\0\0\03\0\0\0ı\0\n\0%\0\0\04\0\0\0ı\0\n\0%\0\0\0(\0\0\0ı\0\n\0%\0\0\05\0\0\0ı\0\n\0%\0\0\06\0\0\0ı\0\n\0%\0\0\0y\0\0\0ı\0\n\0%\0\0\0z\0\0\0ı\0\n\0&\0\0\0\01\0\0\0ı\0\n\0&\0\0\02\0\0\0ı\0\n\0&\0\0\03\0\0\0ı\0\n\0&\0\0\04\0\0\0ı\0\n\0&\0\0\0(\0\0\0ı\0\n\0&\0\0\05\0\0\0ı\0\n\0&\0\0\06\0\0\0ı\0\n\0&\0\0\0{\0\0\0ı\0\n\0&\0\0\0|\0\0\0ı\0\n\0\'\0\0\0\01\0\0\0ı\0\n\0\'\0\0\02\0\0\0ı\0\n\0\'\0\0\03\0\0\0ı\0\n\0\'\0\0\04\0\0\0ı\0\n\0\'\0\0\0(\0\0\0ı\0\n\0\'\0\0\05\0\0\0ı\0\n\0\'\0\0\06\0\0\0ı\0\n\0\'\0\0\0}\0\0\0ı\0\n\0\'\0\0\0~\0\0\0ı\0\n\0(\0\0\0\01\0\0\0ı\0\n\0(\0\0\02\0\0\0ı\0\n\0(\0\0\03\0\0\0ı\0\n\0(\0\0\04\0\0\0ı\0\n\0(\0\0\0(\0\0\0ı\0\n\0(\0\0\05\0\0\0ı\0\n\0(\0\0\06\0\0\0ı\0\n\0(\0\0\0\0\0\0ı\0\n\0(\0\0\0?\0\0\0ı\0\n\0)\0\0\0\01\0\0\0ı\0\n\0)\0\0\02\0\0\0ı\0\n\0)\0\0\03\0\0\0ı\0\n\0)\0\0\04\0\0\0ı\0\n\0)\0\0\0(\0\0\0ı\0\n\0)\0\0\05\0\0\0ı\0\n\0)\0\0\06\0\0\0ı\0\n\0)\0\0\0\0\0\0ı\0\n\0)\0\0\0?\0\0\0ı\0\n\0*\0\0\0\01\0\0\0ı\0\n\0*\0\0\02\0\0\0ı\0\n\0*\0\0\03\0\0\0ı\0\n\0*\0\0\04\0\0\0ı\0\n\0*\0\0\0(\0\0\0ı\0\n\0*\0\0\05\0\0\0ı\0\n\0*\0\0\06\0\0\0ı\0\n\0*\0\0\0?\0\0\0ı\0\n\0*\0\0\0?\0\0\0ı\0\n\0+\0\0\0\01\0\0\0ı\0\n\0+\0\0\02\0\0\0ı\0\n\0+\0\0\03\0\0\0ı\0\n\0+\0\0\04\0\0\0ı\0\n\0+\0\0\0(\0\0\0ı\0\n\0+\0\0\05\0\0\0ı\0\n\0+\0\0\06\0\0\0ı\0\n\0+\0\0\0?\0\0\0ı\0\n\0+\0\0\0?\0\0\0ı\0\n\0,\0\0\0\01\0\0\0ı\0\n\0,\0\0\02\0\0\0ı\0\n\0,\0\0\03\0\0\0ı\0\n\0,\0\0\04\0\0\0ı\0\n\0,\0\0\0(\0\0\0ı\0\n\0,\0\0\05\0\0\0ı\0\n\0,\0\0\06\0\0\0ı\0\n\0,\0\0\0?\0\0\0ı\0\n\0,\0\0\0?\0\0\0ı\0\n\0-\0\0\0\01\0\0\0ı\0\n\0-\0\0\02\0\0\0ı\0\n\0-\0\0\03\0\0\0ı\0\n\0-\0\0\04\0\0\0ı\0\n\0-\0\0\0(\0\0\0ı\0\n\0-\0\0\05\0\0\0ı\0\n\0-\0\0\06\0\0\0ı\0\n\0-\0\0\0?\0\0\0ı\0\n\0-\0\0\0?\0\0\0ı\0\n\0.\0\0\0\01\0\0\0ı\0\n\0.\0\0\02\0\0\0ı\0\n\0.\0\0\03\0\0\0ı\0\n\0.\0\0\04\0\0\0ı\0\n\0.\0\0\0(\0\0\0ı\0\n\0.\0\0\05\0\0\0ı\0\n\0.\0\0\06\0\0\0ı\0\n\0.\0\0\0?\0\0\0ı\0\n\0.\0\0\0?\0\0\0ı\0\n\0/\0\0\0\01\0\0\0ı\0\n\0/\0\0\02\0\0\0ı\0\n\0/\0\0\03\0\0\0ı\0\n\0/\0\0\04\0\0\0ı\0\n\0/\0\0\0(\0\0\0ı\0\n\0/\0\0\05\0\0\0ı\0\n\0/\0\0\06\0\0\0ı\0\n\0/\0\0\0\0\0\0ı\0\n\0/\0\0\0?\0\0\0ı\0\n\00\0\0\0\01\0\0\0ı\0\n\00\0\0\02\0\0\0ı\0\n\00\0\0\03\0\0\0ı\0\n\00\0\0\04\0\0\0ı\0\n\00\0\0\0(\0\0\0ı\0\n\00\0\0\05\0\0\0ı\0\n\00\0\0\06\0\0\0ı\0\n\00\0\0\0\0\0\0ı\0\n\00\0\0\0\0\0\0ı\0\n\01\0\0\0\01\0\0\0ı\0\n\01\0\0\02\0\0\0ı\0\n\01\0\0\03\0\0\0ı\0\n\01\0\0\04\0\0\0ı\0\n\01\0\0\0(\0\0\0ı\0\n\01\0\0\05\0\0\0ı\0\n\01\0\0\06\0\0\0ı\0\n\01\0\0\0?\0\0\0ı\0\n\01\0\0\0?\0\0\0ı\0\n\02\0\0\0\01\0\0\0ı\0\n\02\0\0\02\0\0\0ı\0\n\02\0\0\03\0\0\0ı\0\n\02\0\0\04\0\0\0ı\0\n\02\0\0\0(\0\0\0ı\0\n\02\0\0\05\0\0\0ı\0\n\02\0\0\06\0\0\0ı\0\n\02\0\0\0?\0\0\0ı\0\n\02\0\0\0?\0\0\0ı\0\n\03\0\0\0\01\0\0\0ı\0\n\03\0\0\02\0\0\0ı\0\n\03\0\0\03\0\0\0ı\0\n\03\0\0\04\0\0\0ı\0\n\03\0\0\0(\0\0\0ı\0\n\03\0\0\05\0\0\0ı\0\n\03\0\0\06\0\0\0ı\0\n\03\0\0\0?\0\0\0ı\0\n\03\0\0\0?\0\0\0ı\0\n\04\0\0\0\01\0\0\0ı\0\n\04\0\0\02\0\0\0ı\0\n\04\0\0\03\0\0\0ı\0\n\04\0\0\04\0\0\0ı\0\n\04\0\0\0(\0\0\0ı\0\n\04\0\0\05\0\0\0ı\0\n\04\0\0\06\0\0\0ı\0\n\04\0\0\0?\0\0\0ı\0\n\04\0\0\0?\0\0\0ı\0\n\05\0\0\0\01\0\0\0ı\0\n\05\0\0\02\0\0\0ı\0\n\05\0\0\03\0\0\0ı\0\n\05\0\0\04\0\0\0ı\0\n\05\0\0\0(\0\0\0ı\0\n\05\0\0\05\0\0\0ı\0\n\05\0\0\06\0\0\0ı\0\n\05\0\0\0?\0\0\0ı\0\n\05\0\0\0?\0\0\0ı\0\n\06\0\0\0\01\0\0\0ı\0\n\06\0\0\02\0\0\0ı\0\n\06\0\0\03\0\0\0ı\0\n\06\0\0\04\0\0\0ı\0\n\06\0\0\0(\0\0\0ı\0\n\06\0\0\05\0\0\0ı\0\n\06\0\0\06\0\0\0ı\0\n\06\0\0\0?\0\0\0ı\0\n\06\0\0\0?\0\0\0ı\0\n\07\0\0\0\01\0\0\0ı\0\n\07\0\0\02\0\0\0ı\0\n\07\0\0\03\0\0\0ı\0\n\07\0\0\04\0\0\0ı\0\n\07\0\0\0(\0\0\0ı\0\n\07\0\0\05\0\0\0ı\0\n\07\0\0\06\0\0\0ı\0\n\07\0\0\0\0\0\0ı\0\n\07\0\0\0?\0\0\0ı\0\n\08\0\0\0\01\0\0\0ı\0\n\08\0\0\02\0\0\0ı\0\n\08\0\0\03\0\0\0ı\0\n\08\0\0\04\0\0\0ı\0\n\08\0\0\0(\0\0\0ı\0\n\08\0\0\05\0\0\0ı\0\n\08\0\0\06\0\0\0ı\0\n\08\0\0\0?\0\0\0ı\0\n\08\0\0\0 \0\0\0ı\0\n\09\0\0\0\01\0\0\0ı\0\n\09\0\0\02\0\0\0ı\0\n\09\0\0\03\0\0\0ı\0\n\09\0\0\04\0\0\0ı\0\n\09\0\0\0(\0\0\0ı\0\n\09\0\0\05\0\0\0ı\0\n\09\0\0\06\0\0\0ı\0\n\09\0\0\0¡\0\0\0ı\0\n\09\0\0\0¢\0\0\0ı\0\n\0:\0\0\0\01\0\0\0ı\0\n\0:\0\0\02\0\0\0ı\0\n\0:\0\0\03\0\0\0ı\0\n\0:\0\0\04\0\0\0ı\0\n\0:\0\0\0(\0\0\0ı\0\n\0:\0\0\05\0\0\0ı\0\n\0:\0\0\06\0\0\0ı\0\n\0:\0\0\0£\0\0\0ı\0\n\0:\0\0\0¤\0\0\0ı\0\n\0;\0\0\0\01\0\0\0ı\0\n\0;\0\0\02\0\0\0ı\0\n\0;\0\0\03\0\0\0ı\0\n\0;\0\0\04\0\0\0ı\0\n\0;\0\0\0(\0\0\0ı\0\n\0;\0\0\05\0\0\0ı\0\n\0;\0\0\06\0\0\0ı\0\n\0;\0\0\0¥\0\0\0ı\0\n\0;\0\0\0¦\0\0\0ı\0\n\0<\0\0\0\01\0\0\0ı\0\n\0<\0\0\02\0\0\0ı\0\n\0<\0\0\03\0\0\0ı\0\n\0<\0\0\04\0\0\0ı\0\n\0<\0\0\0(\0\0\0ı\0\n\0<\0\0\05\0\0\0ı\0\n\0<\0\0\06\0\0\0ı\0\n\0<\0\0\0§\0\0\0ı\0\n\0<\0\0\0¨\0\0\0ı\0\n\0=\0\0\0\01\0\0\0ı\0\n\0=\0\0\02\0\0\0ı\0\n\0=\0\0\03\0\0\0ı\0\n\0=\0\0\04\0\0\0ı\0\n\0=\0\0\0(\0\0\0ı\0\n\0=\0\0\05\0\0\0ı\0\n\0=\0\0\06\0\0\0ı\0\n\0=\0\0\0©\0\0\0ı\0\n\0=\0\0\0ª\0\0\0ı\0\n\0>\0\0\0\01\0\0\0ı\0\n\0>\0\0\02\0\0\0ı\0\n\0>\0\0\03\0\0\0ı\0\n\0>\0\0\04\0\0\0ı\0\n\0>\0\0\0(\0\0\0ı\0\n\0>\0\0\05\0\0\0ı\0\n\0>\0\0\06\0\0\0ı\0\n\0>\0\0\0«\0\0\0ı\0\n\0>\0\0\0¬\0\0\0ı\0\n\0?\0\0\0\01\0\0\0ı\0\n\0?\0\0\02\0\0\0ı\0\n\0?\0\0\03\0\0\0ı\0\n\0?\0\0\04\0\0\0ı\0\n\0?\0\0\0(\0\0\0ı\0\n\0?\0\0\05\0\0\0ı\0\n\0?\0\0\06\0\0\0ı\0\n\0?\0\0\0­\0\0\0ı\0\n\0?\0\0\0®\0\0\0×\0D\0@\0\0l~\0~\0~\0~\0~\0~\0~\0~\0~\0~\0~\0~\0~\0~\0~\0~\0~\0~\0~\0~\0~\0~\0~\0~\0~\0~\0~\0~\0~\0~\0~\0\0@\0\0\0	\0ÿ\0\0\0\0\0\0\0\0A\0\0\0	\0ÿ\0\0\0\0\0\0\0\0B\0\0\0	\0ÿ\0\0\0\0\0\0\0\0C\0\0\0	\0ÿ\0\0\0\0\0\0\0\0D\0\0\0	\0ÿ\0\0\0\0\0\0\0\0E\0\0\0	\0ÿ\0\0\0\0\0\0\0\0F\0\0\0	\0ÿ\0\0\0\0\0\0\0\0G\0\0\0	\0ÿ\0\0\0\0\0\0\0\0H\0\0\0	\0ÿ\0\0\0\0\0\0\0\0I\0\0\0	\0ÿ\0\0\0\0\0\0\0\0J\0\0\0	\0ÿ\0\0\0\0\0\0\0\0K\0\0\0	\0ÿ\0\0\0\0\0\0\0\0L\0\0\0	\0ÿ\0\0\0\0\0\0\0\0M\0\0\0	\0ÿ\0\0\0\0\0\0\0\0N\0\0\0	\0ÿ\0\0\0\0\0\0\0\0O\0\0\0	\0ÿ\0\0\0\0\0\0\0\0P\0\0\0	\0ÿ\0\0\0\0\0\0\0\0Q\0\0\0	\0ÿ\0\0\0\0\0\0\0\0R\0\0\0	\0ÿ\0\0\0\0\0\0\0\0S\0\0\0	\0ÿ\0\0\0\0\0\0\0\0T\0\0\0	\0ÿ\0\0\0\0\0\0\0\0U\0\0\0	\0ÿ\0\0\0\0\0\0\0\0V\0\0\0	\0ÿ\0\0\0\0\0\0\0\0W\0\0\0	\0ÿ\0\0\0\0\0\0\0\0X\0\0\0	\0ÿ\0\0\0\0\0\0\0\0Y\0\0\0	\0ÿ\0\0\0\0\0\0\0\0Z\0\0\0	\0ÿ\0\0\0\0\0\0\0\0[\0\0\0	\0ÿ\0\0\0\0\0\0\0\0\\\0\0\0	\0ÿ\0\0\0\0\0\0\0\0]\0\0\0	\0ÿ\0\0\0\0\0\0\0\0^\0\0\0	\0ÿ\0\0\0\0\0\0\0\0_\0\0\0	\0ÿ\0\0\0\0\0\0\0ı\0\n\0@\0\0\0\01\0\0\0ı\0\n\0@\0\0\02\0\0\0ı\0\n\0@\0\0\03\0\0\0ı\0\n\0@\0\0\04\0\0\0ı\0\n\0@\0\0\0(\0\0\0ı\0\n\0@\0\0\05\0\0\0ı\0\n\0@\0\0\06\0\0\0ı\0\n\0@\0\0\0¯\0\0\0ı\0\n\0@\0\0\0°\0\0\0ı\0\n\0A\0\0\0\01\0\0\0ı\0\n\0A\0\0\02\0\0\0ı\0\n\0A\0\0\03\0\0\0ı\0\n\0A\0\0\04\0\0\0ı\0\n\0A\0\0\0(\0\0\0ı\0\n\0A\0\0\05\0\0\0ı\0\n\0A\0\0\06\0\0\0ı\0\n\0A\0\0\0±\0\0\0ı\0\n\0A\0\0\0²\0\0\0ı\0\n\0B\0\0\0\01\0\0\0ı\0\n\0B\0\0\02\0\0\0ı\0\n\0B\0\0\03\0\0\0ı\0\n\0B\0\0\04\0\0\0ı\0\n\0B\0\0\0(\0\0\0ı\0\n\0B\0\0\05\0\0\0ı\0\n\0B\0\0\06\0\0\0ı\0\n\0B\0\0\0³\0\0\0ı\0\n\0B\0\0\0´\0\0\0ı\0\n\0C\0\0\0\01\0\0\0ı\0\n\0C\0\0\02\0\0\0ı\0\n\0C\0\0\03\0\0\0ı\0\n\0C\0\0\04\0\0\0ı\0\n\0C\0\0\0(\0\0\0ı\0\n\0C\0\0\05\0\0\0ı\0\n\0C\0\0\06\0\0\0ı\0\n\0C\0\0\0µ\0\0\0ı\0\n\0C\0\0\0¶\0\0\0ı\0\n\0D\0\0\0\01\0\0\0ı\0\n\0D\0\0\02\0\0\0ı\0\n\0D\0\0\03\0\0\0ı\0\n\0D\0\0\04\0\0\0ı\0\n\0D\0\0\0(\0\0\0ı\0\n\0D\0\0\05\0\0\0ı\0\n\0D\0\0\06\0\0\0ı\0\n\0D\0\0\0·\0\0\0ı\0\n\0D\0\0\0¸\0\0\0ı\0\n\0E\0\0\0\01\0\0\0ı\0\n\0E\0\0\02\0\0\0ı\0\n\0E\0\0\03\0\0\0ı\0\n\0E\0\0\04\0\0\0ı\0\n\0E\0\0\0(\0\0\0ı\0\n\0E\0\0\05\0\0\0ı\0\n\0E\0\0\06\0\0\0ı\0\n\0E\0\0\0¹\0\0\0ı\0\n\0E\0\0\0º\0\0\0ı\0\n\0F\0\0\0\01\0\0\0ı\0\n\0F\0\0\02\0\0\0ı\0\n\0F\0\0\03\0\0\0ı\0\n\0F\0\0\04\0\0\0ı\0\n\0F\0\0\0(\0\0\0ı\0\n\0F\0\0\05\0\0\0ı\0\n\0F\0\0\06\0\0\0ı\0\n\0F\0\0\0»\0\0\0ı\0\n\0F\0\0\0¼\0\0\0ı\0\n\0G\0\0\0\01\0\0\0ı\0\n\0G\0\0\02\0\0\0ı\0\n\0G\0\0\03\0\0\0ı\0\n\0G\0\0\04\0\0\0ı\0\n\0G\0\0\0(\0\0\0ı\0\n\0G\0\0\05\0\0\0ı\0\n\0G\0\0\06\0\0\0ı\0\n\0G\0\0\0½\0\0\0ı\0\n\0G\0\0\0¾\0\0\0ı\0\n\0H\0\0\0\01\0\0\0ı\0\n\0H\0\0\02\0\0\0ı\0\n\0H\0\0\03\0\0\0ı\0\n\0H\0\0\04\0\0\0ı\0\n\0H\0\0\0(\0\0\0ı\0\n\0H\0\0\05\0\0\0ı\0\n\0H\0\0\06\0\0\0ı\0\n\0H\0\0\0¿\0\0\0ı\0\n\0H\0\0\0À\0\0\0ı\0\n\0I\0\0\0\01\0\0\0ı\0\n\0I\0\0\02\0\0\0ı\0\n\0I\0\0\03\0\0\0ı\0\n\0I\0\0\04\0\0\0ı\0\n\0I\0\0\0(\0\0\0ı\0\n\0I\0\0\05\0\0\0ı\0\n\0I\0\0\06\0\0\0ı\0\n\0I\0\0\0Á\0\0\0ı\0\n\0I\0\0\0Â\0\0\0ı\0\n\0J\0\0\0\01\0\0\0ı\0\n\0J\0\0\02\0\0\0ı\0\n\0J\0\0\03\0\0\0ı\0\n\0J\0\0\04\0\0\0ı\0\n\0J\0\0\0(\0\0\0ı\0\n\0J\0\0\05\0\0\0ı\0\n\0J\0\0\06\0\0\0ı\0\n\0J\0\0\0Ã\0\0\0ı\0\n\0J\0\0\0Ä\0\0\0ı\0\n\0K\0\0\0\01\0\0\0ı\0\n\0K\0\0\02\0\0\0ı\0\n\0K\0\0\03\0\0\0ı\0\n\0K\0\0\04\0\0\0ı\0\n\0K\0\0\0(\0\0\0ı\0\n\0K\0\0\05\0\0\0ı\0\n\0K\0\0\06\0\0\0ı\0\n\0K\0\0\0Å\0\0\0ı\0\n\0K\0\0\0Æ\0\0\0ı\0\n\0L\0\0\0\01\0\0\0ı\0\n\0L\0\0\02\0\0\0ı\0\n\0L\0\0\03\0\0\0ı\0\n\0L\0\0\04\0\0\0ı\0\n\0L\0\0\0(\0\0\0ı\0\n\0L\0\0\05\0\0\0ı\0\n\0L\0\0\06\0\0\0ı\0\n\0L\0\0\0Ç\0\0\0ı\0\n\0L\0\0\0È\0\0\0ı\0\n\0M\0\0\0\01\0\0\0ı\0\n\0M\0\0\02\0\0\0ı\0\n\0M\0\0\03\0\0\0ı\0\n\0M\0\0\04\0\0\0ı\0\n\0M\0\0\0(\0\0\0ı\0\n\0M\0\0\05\0\0\0ı\0\n\0M\0\0\06\0\0\0ı\0\n\0M\0\0\0É\0\0\0ı\0\n\0M\0\0\0Ê\0\0\0ı\0\n\0N\0\0\0\01\0\0\0ı\0\n\0N\0\0\02\0\0\0ı\0\n\0N\0\0\03\0\0\0ı\0\n\0N\0\0\04\0\0\0ı\0\n\0N\0\0\0(\0\0\0ı\0\n\0N\0\0\05\0\0\0ı\0\n\0N\0\0\06\0\0\0ı\0\n\0N\0\0\0Ë\0\0\0ı\0\n\0N\0\0\0Ì\0\0\0ı\0\n\0O\0\0\0\01\0\0\0ı\0\n\0O\0\0\02\0\0\0ı\0\n\0O\0\0\03\0\0\0ı\0\n\0O\0\0\04\0\0\0ı\0\n\0O\0\0\0(\0\0\0ı\0\n\0O\0\0\05\0\0\0ı\0\n\0O\0\0\06\0\0\0ı\0\n\0O\0\0\0Í\0\0\0ı\0\n\0O\0\0\0Î\0\0\0ı\0\n\0P\0\0\0\01\0\0\0ı\0\n\0P\0\0\02\0\0\0ı\0\n\0P\0\0\03\0\0\0ı\0\n\0P\0\0\04\0\0\0ı\0\n\0P\0\0\0(\0\0\0ı\0\n\0P\0\0\05\0\0\0ı\0\n\0P\0\0\06\0\0\0ı\0\n\0P\0\0\0Ï\0\0\0ı\0\n\0P\0\0\0Ğ\0\0\0ı\0\n\0Q\0\0\0\01\0\0\0ı\0\n\0Q\0\0\02\0\0\0ı\0\n\0Q\0\0\03\0\0\0ı\0\n\0Q\0\0\04\0\0\0ı\0\n\0Q\0\0\0(\0\0\0ı\0\n\0Q\0\0\05\0\0\0ı\0\n\0Q\0\0\06\0\0\0ı\0\n\0Q\0\0\0Ñ\0\0\0ı\0\n\0Q\0\0\0Ò\0\0\0ı\0\n\0R\0\0\0\01\0\0\0ı\0\n\0R\0\0\02\0\0\0ı\0\n\0R\0\0\03\0\0\0ı\0\n\0R\0\0\04\0\0\0ı\0\n\0R\0\0\0(\0\0\0ı\0\n\0R\0\0\05\0\0\0ı\0\n\0R\0\0\06\0\0\0ı\0\n\0R\0\0\0Ó\0\0\0ı\0\n\0R\0\0\0Ô\0\0\0ı\0\n\0S\0\0\0\01\0\0\0ı\0\n\0S\0\0\02\0\0\0ı\0\n\0S\0\0\03\0\0\0ı\0\n\0S\0\0\04\0\0\0ı\0\n\0S\0\0\0(\0\0\0ı\0\n\0S\0\0\05\0\0\0ı\0\n\0S\0\0\06\0\0\0ı\0\n\0S\0\0\0Õ\0\0\0ı\0\n\0S\0\0\0Ö\0\0\0ı\0\n\0T\0\0\0\01\0\0\0ı\0\n\0T\0\0\02\0\0\0ı\0\n\0T\0\0\03\0\0\0ı\0\n\0T\0\0\04\0\0\0ı\0\n\0T\0\0\0(\0\0\0ı\0\n\0T\0\0\05\0\0\0ı\0\n\0T\0\0\06\0\0\0ı\0\n\0T\0\0\0×\0\0\0ı\0\n\0T\0\0\0Ø\0\0\0ı\0\n\0U\0\0\0\01\0\0\0ı\0\n\0U\0\0\02\0\0\0ı\0\n\0U\0\0\03\0\0\0ı\0\n\0U\0\0\04\0\0\0ı\0\n\0U\0\0\0(\0\0\0ı\0\n\0U\0\0\05\0\0\0ı\0\n\0U\0\0\06\0\0\0ı\0\n\0U\0\0\0Ù\0\0\0ı\0\n\0U\0\0\0Ú\0\0\0ı\0\n\0V\0\0\0\01\0\0\0ı\0\n\0V\0\0\02\0\0\0ı\0\n\0V\0\0\03\0\0\0ı\0\n\0V\0\0\04\0\0\0ı\0\n\0V\0\0\0(\0\0\0ı\0\n\0V\0\0\05\0\0\0ı\0\n\0V\0\0\06\0\0\0ı\0\n\0V\0\0\0Û\0\0\0ı\0\n\0V\0\0\0Ü\0\0\0ı\0\n\0W\0\0\0\01\0\0\0ı\0\n\0W\0\0\02\0\0\0ı\0\n\0W\0\0\03\0\0\0ı\0\n\0W\0\0\04\0\0\0ı\0\n\0W\0\0\0(\0\0\0ı\0\n\0W\0\0\05\0\0\0ı\0\n\0W\0\0\06\0\0\0ı\0\n\0W\0\0\0İ\0\0\0ı\0\n\0W\0\0\0Ş\0\0\0ı\0\n\0X\0\0\0\01\0\0\0ı\0\n\0X\0\0\02\0\0\0ı\0\n\0X\0\0\03\0\0\0ı\0\n\0X\0\0\04\0\0\0ı\0\n\0X\0\0\0(\0\0\0ı\0\n\0X\0\0\05\0\0\0ı\0\n\0X\0\0\06\0\0\0ı\0\n\0X\0\0\0ß\0\0\0ı\0\n\0X\0\0\0à\0\0\0ı\0\n\0Y\0\0\0\01\0\0\0ı\0\n\0Y\0\0\02\0\0\0ı\0\n\0Y\0\0\03\0\0\0ı\0\n\0Y\0\0\04\0\0\0ı\0\n\0Y\0\0\0(\0\0\0ı\0\n\0Y\0\0\05\0\0\0ı\0\n\0Y\0\0\06\0\0\0ı\0\n\0Y\0\0\0á\0\0\0ı\0\n\0Y\0\0\0â\0\0\0ı\0\n\0Z\0\0\0\01\0\0\0ı\0\n\0Z\0\0\02\0\0\0ı\0\n\0Z\0\0\03\0\0\0ı\0\n\0Z\0\0\04\0\0\0ı\0\n\0Z\0\0\0(\0\0\0ı\0\n\0Z\0\0\05\0\0\0ı\0\n\0Z\0\0\06\0\0\0ı\0\n\0Z\0\0\0ã\0\0\0ı\0\n\0Z\0\0\0ä\0\0\0ı\0\n\0[\0\0\0\01\0\0\0ı\0\n\0[\0\0\02\0\0\0ı\0\n\0[\0\0\03\0\0\0ı\0\n\0[\0\0\04\0\0\0ı\0\n\0[\0\0\0(\0\0\0ı\0\n\0[\0\0\05\0\0\0ı\0\n\0[\0\0\06\0\0\0ı\0\n\0[\0\0\0å\0\0\0ı\0\n\0[\0\0\0æ\0\0\0ı\0\n\0\\\0\0\0\01\0\0\0ı\0\n\0\\\0\0\02\0\0\0ı\0\n\0\\\0\0\03\0\0\0ı\0\n\0\\\0\0\04\0\0\0ı\0\n\0\\\0\0\0(\0\0\0ı\0\n\0\\\0\0\05\0\0\0ı\0\n\0\\\0\0\06\0\0\0ı\0\n\0\\\0\0\0ç\0\0\0ı\0\n\0\\\0\0\0è\0\0\0ı\0\n\0]\0\0\0\01\0\0\0ı\0\n\0]\0\0\02\0\0\0ı\0\n\0]\0\0\03\0\0\0ı\0\n\0]\0\0\04\0\0\0ı\0\n\0]\0\0\0(\0\0\0ı\0\n\0]\0\0\05\0\0\0ı\0\n\0]\0\0\06\0\0\0ı\0\n\0]\0\0\0é\0\0\0ı\0\n\0]\0\0\0ê\0\0\0ı\0\n\0^\0\0\0\01\0\0\0ı\0\n\0^\0\0\02\0\0\0ı\0\n\0^\0\0\03\0\0\0ı\0\n\0^\0\0\04\0\0\0ı\0\n\0^\0\0\0(\0\0\0ı\0\n\0^\0\0\05\0\0\0ı\0\n\0^\0\0\06\0\0\0ı\0\n\0^\0\0\0ë\0\0\0ı\0\n\0^\0\0\0ì\0\0\0ı\0\n\0_\0\0\0\01\0\0\0ı\0\n\0_\0\0\02\0\0\0ı\0\n\0_\0\0\03\0\0\0ı\0\n\0_\0\0\04\0\0\0ı\0\n\0_\0\0\0(\0\0\0ı\0\n\0_\0\0\05\0\0\0ı\0\n\0_\0\0\06\0\0\0ı\0\n\0_\0\0\0í\0\0\0ı\0\n\0_\0\0\0î\0\0\0×\0D\0@\0\0l~\0~\0~\0~\0~\0~\0~\0~\0~\0~\0~\0~\0~\0~\0~\0~\0~\0~\0~\0~\0~\0~\0~\0~\0~\0~\0~\0~\0~\0~\0~\0\0`\0\0\0	\0ÿ\0\0\0\0\0\0\0\0a\0\0\0	\0ÿ\0\0\0\0\0\0\0\0b\0\0\0	\0ÿ\0\0\0\0\0\0\0\0c\0\0\0	\0ÿ\0\0\0\0\0\0\0\0d\0\0\0	\0ÿ\0\0\0\0\0\0\0\0e\0\0\0	\0ÿ\0\0\0\0\0\0\0\0f\0\0\0	\0ÿ\0\0\0\0\0\0\0\0g\0\0\0	\0ÿ\0\0\0\0\0\0\0\0h\0\0\0	\0ÿ\0\0\0\0\0\0\0\0i\0\0\0	\0ÿ\0\0\0\0\0\0\0\0j\0\0\0	\0ÿ\0\0\0\0\0\0\0\0k\0\0\0	\0ÿ\0\0\0\0\0\0\0\0l\0\0\0	\0ÿ\0\0\0\0\0\0\0\0m\0\0\0	\0ÿ\0\0\0\0\0\0\0\0n\0\0\0	\0ÿ\0\0\0\0\0\0\0\0o\0\0\0	\0ÿ\0\0\0\0\0\0\0\0p\0\0\0	\0ÿ\0\0\0\0\0\0\0\0q\0\0\0	\0ÿ\0\0\0\0\0\0\0\0r\0\0\0	\0ÿ\0\0\0\0\0\0\0\0s\0\0\0	\0ÿ\0\0\0\0\0\0\0\0t\0\0\0	\0ÿ\0\0\0\0\0\0\0\0u\0\0\0	\0ÿ\0\0\0\0\0\0\0\0v\0\0\0	\0ÿ\0\0\0\0\0\0\0\0w\0\0\0	\0ÿ\0\0\0\0\0\0\0\0x\0\0\0	\0ÿ\0\0\0\0\0\0\0\0y\0\0\0	\0ÿ\0\0\0\0\0\0\0\0z\0\0\0	\0ÿ\0\0\0\0\0\0\0\0{\0\0\0	\0ÿ\0\0\0\0\0\0\0\0|\0\0\0	\0ÿ\0\0\0\0\0\0\0\0}\0\0\0	\0ÿ\0\0\0\0\0\0\0\0~\0\0\0	\0ÿ\0\0\0\0\0\0\0\0\0\0\0	\0ÿ\0\0\0\0\0\0\0ı\0\n\0`\0\0\0\01\0\0\0ı\0\n\0`\0\0\02\0\0\0ı\0\n\0`\0\0\03\0\0\0ı\0\n\0`\0\0\04\0\0\0ı\0\n\0`\0\0\0(\0\0\0ı\0\n\0`\0\0\05\0\0\0ı\0\n\0`\0\0\06\0\0\0ı\0\n\0`\0\0\0ï\0\0\0ı\0\n\0`\0\0\0ğ\0\0\0ı\0\n\0a\0\0\0\01\0\0\0ı\0\n\0a\0\0\02\0\0\0ı\0\n\0a\0\0\03\0\0\0ı\0\n\0a\0\0\04\0\0\0ı\0\n\0a\0\0\0(\0\0\0ı\0\n\0a\0\0\05\0\0\0ı\0\n\0a\0\0\06\0\0\0ı\0\n\0a\0\0\0ñ\0\0\0ı\0\n\0a\0\0\0ò\0\0\0ı\0\n\0b\0\0\0\01\0\0\0ı\0\n\0b\0\0\02\0\0\0ı\0\n\0b\0\0\03\0\0\0ı\0\n\0b\0\0\04\0\0\0ı\0\n\0b\0\0\0(\0\0\0ı\0\n\0b\0\0\05\0\0\0ı\0\n\0b\0\0\06\0\0\0ı\0\n\0b\0\0\0ó\0\0\0ı\0\n\0b\0\0\0ô\0\0\0ı\0\n\0c\0\0\0\01\0\0\0ı\0\n\0c\0\0\02\0\0\0ı\0\n\0c\0\0\03\0\0\0ı\0\n\0c\0\0\04\0\0\0ı\0\n\0c\0\0\0(\0\0\0ı\0\n\0c\0\0\05\0\0\0ı\0\n\0c\0\0\06\0\0\0ı\0\n\0c\0\0\0õ\0\0\0ı\0\n\0c\0\0\0ö\0\0\0ı\0\n\0d\0\0\0\01\0\0\0ı\0\n\0d\0\0\02\0\0\0ı\0\n\0d\0\0\03\0\0\0ı\0\n\0d\0\0\04\0\0\0ı\0\n\0d\0\0\0(\0\0\0ı\0\n\0d\0\0\05\0\0\0ı\0\n\0d\0\0\06\0\0\0ı\0\n\0d\0\0\0÷\0\0\0ı\0\n\0d\0\0\0ø\0\0\0ı\0\n\0e\0\0\0\01\0\0\0ı\0\n\0e\0\0\02\0\0\0ı\0\n\0e\0\0\03\0\0\0ı\0\n\0e\0\0\04\0\0\0ı\0\n\0e\0\0\0(\0\0\0ı\0\n\0e\0\0\05\0\0\0ı\0\n\0e\0\0\06\0\0\0ı\0\n\0e\0\0\0ù\0\0\0ı\0\n\0e\0\0\0ú\0\0\0ı\0\n\0f\0\0\0\01\0\0\0ı\0\n\0f\0\0\02\0\0\0ı\0\n\0f\0\0\03\0\0\0ı\0\n\0f\0\0\04\0\0\0ı\0\n\0f\0\0\0(\0\0\0ı\0\n\0f\0\0\05\0\0\0ı\0\n\0f\0\0\06\0\0\0ı\0\n\0f\0\0\0û\0\0\0ı\0\n\0f\0\0\0ü\0\0\0ı\0\n\0g\0\0\0\01\0\0\0ı\0\n\0g\0\0\02\0\0\0ı\0\n\0g\0\0\03\0\0\0ı\0\n\0g\0\0\04\0\0\0ı\0\n\0g\0\0\0(\0\0\0ı\0\n\0g\0\0\05\0\0\0ı\0\n\0g\0\0\06\0\0\0ı\0\n\0g\0\0\0ı\0\0\0ı\0\n\0g\0\0\0ş\0\0\0ı\0\n\0h\0\0\0\01\0\0\0ı\0\n\0h\0\0\02\0\0\0ı\0\n\0h\0\0\03\0\0\0ı\0\n\0h\0\0\04\0\0\0ı\0\n\0h\0\0\0(\0\0\0ı\0\n\0h\0\0\05\0\0\0ı\0\n\0h\0\0\06\0\0\0ı\0\n\0h\0\0\0ÿ\0\0\0ı\0\n\0h\0\0\0\0\0\0ı\0\n\0i\0\0\0\01\0\0\0ı\0\n\0i\0\0\02\0\0\0ı\0\n\0i\0\0\03\0\0\0ı\0\n\0i\0\0\04\0\0\0ı\0\n\0i\0\0\0(\0\0\0ı\0\n\0i\0\0\05\0\0\0ı\0\n\0i\0\0\06\0\0\0ı\0\n\0i\0\0\0\0\0ı\0\n\0i\0\0\0\0\0ı\0\n\0j\0\0\0\01\0\0\0ı\0\n\0j\0\0\02\0\0\0ı\0\n\0j\0\0\03\0\0\0ı\0\n\0j\0\0\04\0\0\0ı\0\n\0j\0\0\0(\0\0\0ı\0\n\0j\0\0\05\0\0\0ı\0\n\0j\0\0\06\0\0\0ı\0\n\0j\0\0\0\0\0ı\0\n\0j\0\0\0\0\0ı\0\n\0k\0\0\0\01\0\0\0ı\0\n\0k\0\0\02\0\0\0ı\0\n\0k\0\0\03\0\0\0ı\0\n\0k\0\0\04\0\0\0ı\0\n\0k\0\0\0(\0\0\0ı\0\n\0k\0\0\05\0\0\0ı\0\n\0k\0\0\06\0\0\0ı\0\n\0k\0\0\0\0\0ı\0\n\0k\0\0\0\0\0ı\0\n\0l\0\0\0\01\0\0\0ı\0\n\0l\0\0\02\0\0\0ı\0\n\0l\0\0\03\0\0\0ı\0\n\0l\0\0\04\0\0\0ı\0\n\0l\0\0\0(\0\0\0ı\0\n\0l\0\0\05\0\0\0ı\0\n\0l\0\0\06\0\0\0ı\0\n\0l\0\0\0\0\0ı\0\n\0l\0\0\0\0\0ı\0\n\0m\0\0\0\01\0\0\0ı\0\n\0m\0\0\02\0\0\0ı\0\n\0m\0\0\03\0\0\0ı\0\n\0m\0\0\04\0\0\0ı\0\n\0m\0\0\0(\0\0\0ı\0\n\0m\0\0\05\0\0\0ı\0\n\0m\0\0\06\0\0\0ı\0\n\0m\0\0\0	\0\0ı\0\n\0m\0\0\0\n\0\0ı\0\n\0n\0\0\0\01\0\0\0ı\0\n\0n\0\0\02\0\0\0ı\0\n\0n\0\0\03\0\0\0ı\0\n\0n\0\0\04\0\0\0ı\0\n\0n\0\0\0(\0\0\0ı\0\n\0n\0\0\05\0\0\0ı\0\n\0n\0\0\06\0\0\0ı\0\n\0n\0\0\0\0\0ı\0\n\0n\0\0\0\0\0ı\0\n\0o\0\0\0\01\0\0\0ı\0\n\0o\0\0\02\0\0\0ı\0\n\0o\0\0\03\0\0\0ı\0\n\0o\0\0\04\0\0\0ı\0\n\0o\0\0\0(\0\0\0ı\0\n\0o\0\0\05\0\0\0ı\0\n\0o\0\0\06\0\0\0ı\0\n\0o\0\0\0\r\0\0ı\0\n\0o\0\0\0\0\0ı\0\n\0p\0\0\0\01\0\0\0ı\0\n\0p\0\0\02\0\0\0ı\0\n\0p\0\0\03\0\0\0ı\0\n\0p\0\0\04\0\0\0ı\0\n\0p\0\0\0(\0\0\0ı\0\n\0p\0\0\05\0\0\0ı\0\n\0p\0\0\06\0\0\0ı\0\n\0p\0\0\0\0\0ı\0\n\0p\0\0\0\0\0ı\0\n\0q\0\0\0\01\0\0\0ı\0\n\0q\0\0\02\0\0\0ı\0\n\0q\0\0\03\0\0\0ı\0\n\0q\0\0\04\0\0\0ı\0\n\0q\0\0\0(\0\0\0ı\0\n\0q\0\0\05\0\0\0ı\0\n\0q\0\0\06\0\0\0ı\0\n\0q\0\0\0\0\0ı\0\n\0q\0\0\0\0\0ı\0\n\0r\0\0\0\01\0\0\0ı\0\n\0r\0\0\02\0\0\0ı\0\n\0r\0\0\03\0\0\0ı\0\n\0r\0\0\04\0\0\0ı\0\n\0r\0\0\0(\0\0\0ı\0\n\0r\0\0\05\0\0\0ı\0\n\0r\0\0\06\0\0\0ı\0\n\0r\0\0\0\0\0ı\0\n\0r\0\0\0\0\0ı\0\n\0s\0\0\0\01\0\0\0ı\0\n\0s\0\0\02\0\0\0ı\0\n\0s\0\0\03\0\0\0ı\0\n\0s\0\0\04\0\0\0ı\0\n\0s\0\0\0(\0\0\0ı\0\n\0s\0\0\05\0\0\0ı\0\n\0s\0\0\06\0\0\0ı\0\n\0s\0\0\0\0\0ı\0\n\0s\0\0\0\0\0ı\0\n\0t\0\0\0\01\0\0\0ı\0\n\0t\0\0\02\0\0\0ı\0\n\0t\0\0\03\0\0\0ı\0\n\0t\0\0\04\0\0\0ı\0\n\0t\0\0\0(\0\0\0ı\0\n\0t\0\0\05\0\0\0ı\0\n\0t\0\0\06\0\0\0ı\0\n\0t\0\0\0\0\0ı\0\n\0t\0\0\0\0\0ı\0\n\0u\0\0\0\01\0\0\0ı\0\n\0u\0\0\02\0\0\0ı\0\n\0u\0\0\03\0\0\0ı\0\n\0u\0\0\04\0\0\0ı\0\n\0u\0\0\0(\0\0\0ı\0\n\0u\0\0\05\0\0\0ı\0\n\0u\0\0\06\0\0\0ı\0\n\0u\0\0\0\0\0ı\0\n\0u\0\0\0\Z\0\0ı\0\n\0v\0\0\0\01\0\0\0ı\0\n\0v\0\0\02\0\0\0ı\0\n\0v\0\0\03\0\0\0ı\0\n\0v\0\0\04\0\0\0ı\0\n\0v\0\0\0(\0\0\0ı\0\n\0v\0\0\05\0\0\0ı\0\n\0v\0\0\06\0\0\0ı\0\n\0v\0\0\0\0\0ı\0\n\0v\0\0\0\0\0ı\0\n\0w\0\0\0\01\0\0\0ı\0\n\0w\0\0\02\0\0\0ı\0\n\0w\0\0\03\0\0\0ı\0\n\0w\0\0\04\0\0\0ı\0\n\0w\0\0\0(\0\0\0ı\0\n\0w\0\0\05\0\0\0ı\0\n\0w\0\0\06\0\0\0ı\0\n\0w\0\0\0\0\0ı\0\n\0w\0\0\0\0\0ı\0\n\0x\0\0\0\01\0\0\0ı\0\n\0x\0\0\02\0\0\0ı\0\n\0x\0\0\03\0\0\0ı\0\n\0x\0\0\04\0\0\0ı\0\n\0x\0\0\0(\0\0\0ı\0\n\0x\0\0\05\0\0\0ı\0\n\0x\0\0\06\0\0\0ı\0\n\0x\0\0\0\0\0ı\0\n\0x\0\0\0 \0\0ı\0\n\0y\0\0\0\01\0\0\0ı\0\n\0y\0\0\02\0\0\0ı\0\n\0y\0\0\03\0\0\0ı\0\n\0y\0\0\04\0\0\0ı\0\n\0y\0\0\0(\0\0\0ı\0\n\0y\0\0\05\0\0\0ı\0\n\0y\0\0\06\0\0\0ı\0\n\0y\0\0\0!\0\0ı\0\n\0y\0\0\0\"\0\0ı\0\n\0z\0\0\0\01\0\0\0ı\0\n\0z\0\0\02\0\0\0ı\0\n\0z\0\0\03\0\0\0ı\0\n\0z\0\0\04\0\0\0ı\0\n\0z\0\0\0(\0\0\0ı\0\n\0z\0\0\05\0\0\0ı\0\n\0z\0\0\06\0\0\0ı\0\n\0z\0\0\0#\0\0ı\0\n\0z\0\0\0$\0\0ı\0\n\0{\0\0\0\01\0\0\0ı\0\n\0{\0\0\02\0\0\0ı\0\n\0{\0\0\03\0\0\0ı\0\n\0{\0\0\04\0\0\0ı\0\n\0{\0\0\0(\0\0\0ı\0\n\0{\0\0\05\0\0\0ı\0\n\0{\0\0\06\0\0\0ı\0\n\0{\0\0\0%\0\0ı\0\n\0{\0\0\0&\0\0ı\0\n\0|\0\0\0\01\0\0\0ı\0\n\0|\0\0\02\0\0\0ı\0\n\0|\0\0\03\0\0\0ı\0\n\0|\0\0\04\0\0\0ı\0\n\0|\0\0\0(\0\0\0ı\0\n\0|\0\0\05\0\0\0ı\0\n\0|\0\0\06\0\0\0ı\0\n\0|\0\0\0\'\0\0ı\0\n\0|\0\0\0(\0\0ı\0\n\0}\0\0\0\01\0\0\0ı\0\n\0}\0\0\02\0\0\0ı\0\n\0}\0\0\03\0\0\0ı\0\n\0}\0\0\04\0\0\0ı\0\n\0}\0\0\0(\0\0\0ı\0\n\0}\0\0\05\0\0\0ı\0\n\0}\0\0\06\0\0\0ı\0\n\0}\0\0\0)\0\0ı\0\n\0}\0\0\0*\0\0ı\0\n\0~\0\0\0\01\0\0\0ı\0\n\0~\0\0\02\0\0\0ı\0\n\0~\0\0\03\0\0\0ı\0\n\0~\0\0\04\0\0\0ı\0\n\0~\0\0\0(\0\0\0ı\0\n\0~\0\0\05\0\0\0ı\0\n\0~\0\0\06\0\0\0ı\0\n\0~\0\0\0+\0\0ı\0\n\0~\0\0\0,\0\0ı\0\n\0\0\0\0\01\0\0\0ı\0\n\0\0\0\02\0\0\0ı\0\n\0\0\0\03\0\0\0ı\0\n\0\0\0\04\0\0\0ı\0\n\0\0\0\0(\0\0\0ı\0\n\0\0\0\05\0\0\0ı\0\n\0\0\0\06\0\0\0ı\0\n\0\0\0\0-\0\0ı\0\n\0\0\0\0.\0\0×\0D\0@\0\0l~\0~\0~\0~\0~\0~\0~\0~\0~\0~\0~\0~\0~\0~\0~\0~\0~\0~\0~\0~\0~\0~\0~\0~\0~\0~\0~\0~\0~\0~\0~\0\0?\0\0\0	\0ÿ\0\0\0\0\0\0\0\0\0\0\0	\0ÿ\0\0\0\0\0\0\0\0?\0\0\0	\0ÿ\0\0\0\0\0\0\0\0?\0\0\0	\0ÿ\0\0\0\0\0\0\0\0?\0\0\0	\0ÿ\0\0\0\0\0\0\0\0?\0\0\0	\0ÿ\0\0\0\0\0\0\0\0?\0\0\0	\0ÿ\0\0\0\0\0\0\0\0?\0\0\0	\0ÿ\0\0\0\0\0\0\0\0?\0\0\0	\0ÿ\0\0\0\0\0\0\0\0?\0\0\0	\0ÿ\0\0\0\0\0\0\0\0?\0\0\0	\0ÿ\0\0\0\0\0\0\0\0?\0\0\0	\0ÿ\0\0\0\0\0\0\0\0?\0\0\0	\0ÿ\0\0\0\0\0\0\0\0\0\0\0	\0ÿ\0\0\0\0\0\0\0\0?\0\0\0	\0ÿ\0\0\0\0\0\0\0\0\0\0\0	\0ÿ\0\0\0\0\0\0\0\0\0\0\0	\0ÿ\0\0\0\0\0\0\0\0?\0\0\0	\0ÿ\0\0\0\0\0\0\0\0?\0\0\0	\0ÿ\0\0\0\0\0\0\0\0?\0\0\0	\0ÿ\0\0\0\0\0\0\0\0?\0\0\0	\0ÿ\0\0\0\0\0\0\0\0?\0\0\0	\0ÿ\0\0\0\0\0\0\0\0?\0\0\0	\0ÿ\0\0\0\0\0\0\0\0?\0\0\0	\0ÿ\0\0\0\0\0\0\0\0?\0\0\0	\0ÿ\0\0\0\0\0\0\0\0?\0\0\0	\0ÿ\0\0\0\0\0\0\0\0?\0\0\0	\0ÿ\0\0\0\0\0\0\0\0?\0\0\0	\0ÿ\0\0\0\0\0\0\0\0?\0\0\0	\0ÿ\0\0\0\0\0\0\0ı\0\n\0?\0\0\0\01\0\0\0ı\0\n\0?\0\0\02\0\0\0ı\0\n\0?\0\0\03\0\0\0ı\0\n\0?\0\0\04\0\0\0ı\0\n\0?\0\0\0(\0\0\0ı\0\n\0?\0\0\05\0\0\0ı\0\n\0?\0\0\06\0\0\0ı\0\n\0?\0\0\0/\0\0ı\0\n\0?\0\0\00\0\0ı\0\n\0\0\0\0\01\0\0\0ı\0\n\0\0\0\02\0\0\0ı\0\n\0\0\0\03\0\0\0ı\0\n\0\0\0\04\0\0\0ı\0\n\0\0\0\0(\0\0\0ı\0\n\0\0\0\05\0\0\0ı\0\n\0\0\0\06\0\0\0ı\0\n\0\0\0\01\0\0ı\0\n\0\0\0\02\0\0ı\0\n\0?\0\0\0\01\0\0\0ı\0\n\0?\0\0\02\0\0\0ı\0\n\0?\0\0\03\0\0\0ı\0\n\0?\0\0\04\0\0\0ı\0\n\0?\0\0\0(\0\0\0ı\0\n\0?\0\0\05\0\0\0ı\0\n\0?\0\0\06\0\0\0ı\0\n\0?\0\0\03\0\0ı\0\n\0?\0\0\04\0\0ı\0\n\0?\0\0\0\01\0\0\0ı\0\n\0?\0\0\02\0\0\0ı\0\n\0?\0\0\03\0\0\0ı\0\n\0?\0\0\04\0\0\0ı\0\n\0?\0\0\0(\0\0\0ı\0\n\0?\0\0\05\0\0\0ı\0\n\0?\0\0\06\0\0\0ı\0\n\0?\0\0\05\0\0ı\0\n\0?\0\0\06\0\0ı\0\n\0?\0\0\0\01\0\0\0ı\0\n\0?\0\0\02\0\0\0ı\0\n\0?\0\0\03\0\0\0ı\0\n\0?\0\0\04\0\0\0ı\0\n\0?\0\0\0(\0\0\0ı\0\n\0?\0\0\05\0\0\0ı\0\n\0?\0\0\06\0\0\0ı\0\n\0?\0\0\07\0\0ı\0\n\0?\0\0\08\0\0ı\0\n\0?\0\0\0\01\0\0\0ı\0\n\0?\0\0\02\0\0\0ı\0\n\0?\0\0\03\0\0\0ı\0\n\0?\0\0\04\0\0\0ı\0\n\0?\0\0\0(\0\0\0ı\0\n\0?\0\0\05\0\0\0ı\0\n\0?\0\0\06\0\0\0ı\0\n\0?\0\0\09\0\0ı\0\n\0?\0\0\0:\0\0ı\0\n\0?\0\0\0\01\0\0\0ı\0\n\0?\0\0\02\0\0\0ı\0\n\0?\0\0\03\0\0\0ı\0\n\0?\0\0\04\0\0\0ı\0\n\0?\0\0\0(\0\0\0ı\0\n\0?\0\0\05\0\0\0ı\0\n\0?\0\0\06\0\0\0ı\0\n\0?\0\0\0;\0\0ı\0\n\0?\0\0\0<\0\0ı\0\n\0?\0\0\0\01\0\0\0ı\0\n\0?\0\0\02\0\0\0ı\0\n\0?\0\0\03\0\0\0ı\0\n\0?\0\0\04\0\0\0ı\0\n\0?\0\0\0(\0\0\0ı\0\n\0?\0\0\05\0\0\0ı\0\n\0?\0\0\06\0\0\0ı\0\n\0?\0\0\0=\0\0ı\0\n\0?\0\0\0?\0\0\0ı\0\n\0?\0\0\0\01\0\0\0ı\0\n\0?\0\0\02\0\0\0ı\0\n\0?\0\0\03\0\0\0ı\0\n\0?\0\0\04\0\0\0ı\0\n\0?\0\0\0(\0\0\0ı\0\n\0?\0\0\05\0\0\0ı\0\n\0?\0\0\06\0\0\0ı\0\n\0?\0\0\0>\0\0ı\0\n\0?\0\0\0?\0\0\0ı\0\n\0?\0\0\0\01\0\0\0ı\0\n\0?\0\0\02\0\0\0ı\0\n\0?\0\0\03\0\0\0ı\0\n\0?\0\0\04\0\0\0ı\0\n\0?\0\0\0(\0\0\0ı\0\n\0?\0\0\05\0\0\0ı\0\n\0?\0\0\06\0\0\0ı\0\n\0?\0\0\0?\0\0ı\0\n\0?\0\0\0\0\0\0ı\0\n\0?\0\0\0\01\0\0\0ı\0\n\0?\0\0\02\0\0\0ı\0\n\0?\0\0\03\0\0\0ı\0\n\0?\0\0\04\0\0\0ı\0\n\0?\0\0\0(\0\0\0ı\0\n\0?\0\0\05\0\0\0ı\0\n\0?\0\0\06\0\0\0ı\0\n\0?\0\0\0@\0\0ı\0\n\0?\0\0\0A\0\0ı\0\n\0?\0\0\0\01\0\0\0ı\0\n\0?\0\0\02\0\0\0ı\0\n\0?\0\0\03\0\0\0ı\0\n\0?\0\0\04\0\0\0ı\0\n\0?\0\0\0(\0\0\0ı\0\n\0?\0\0\05\0\0\0ı\0\n\0?\0\0\06\0\0\0ı\0\n\0?\0\0\0B\0\0ı\0\n\0?\0\0\0C\0\0ı\0\n\0?\0\0\0\01\0\0\0ı\0\n\0?\0\0\02\0\0\0ı\0\n\0?\0\0\03\0\0\0ı\0\n\0?\0\0\04\0\0\0ı\0\n\0?\0\0\0(\0\0\0ı\0\n\0?\0\0\05\0\0\0ı\0\n\0?\0\0\06\0\0\0ı\0\n\0?\0\0\0D\0\0ı\0\n\0?\0\0\0E\0\0ı\0\n\0\0\0\0\01\0\0\0ı\0\n\0\0\0\02\0\0\0ı\0\n\0\0\0\03\0\0\0ı\0\n\0\0\0\04\0\0\0ı\0\n\0\0\0\0(\0\0\0ı\0\n\0\0\0\05\0\0\0ı\0\n\0\0\0\06\0\0\0ı\0\n\0\0\0\0F\0\0ı\0\n\0\0\0\0G\0\0ı\0\n\0?\0\0\0\01\0\0\0ı\0\n\0?\0\0\02\0\0\0ı\0\n\0?\0\0\03\0\0\0ı\0\n\0?\0\0\04\0\0\0ı\0\n\0?\0\0\0(\0\0\0ı\0\n\0?\0\0\05\0\0\0ı\0\n\0?\0\0\06\0\0\0ı\0\n\0?\0\0\0H\0\0ı\0\n\0?\0\0\0I\0\0ı\0\n\0\0\0\0\01\0\0\0ı\0\n\0\0\0\02\0\0\0ı\0\n\0\0\0\03\0\0\0ı\0\n\0\0\0\04\0\0\0ı\0\n\0\0\0\0(\0\0\0ı\0\n\0\0\0\05\0\0\0ı\0\n\0\0\0\06\0\0\0ı\0\n\0\0\0\0J\0\0ı\0\n\0\0\0\0K\0\0ı\0\n\0\0\0\0\01\0\0\0ı\0\n\0\0\0\02\0\0\0ı\0\n\0\0\0\03\0\0\0ı\0\n\0\0\0\04\0\0\0ı\0\n\0\0\0\0(\0\0\0ı\0\n\0\0\0\05\0\0\0ı\0\n\0\0\0\06\0\0\0ı\0\n\0\0\0\0L\0\0ı\0\n\0\0\0\0M\0\0ı\0\n\0?\0\0\0\01\0\0\0ı\0\n\0?\0\0\02\0\0\0ı\0\n\0?\0\0\03\0\0\0ı\0\n\0?\0\0\04\0\0\0ı\0\n\0?\0\0\0(\0\0\0ı\0\n\0?\0\0\05\0\0\0ı\0\n\0?\0\0\06\0\0\0ı\0\n\0?\0\0\0N\0\0ı\0\n\0?\0\0\0O\0\0ı\0\n\0?\0\0\0\01\0\0\0ı\0\n\0?\0\0\02\0\0\0ı\0\n\0?\0\0\03\0\0\0ı\0\n\0?\0\0\04\0\0\0ı\0\n\0?\0\0\0(\0\0\0ı\0\n\0?\0\0\05\0\0\0ı\0\n\0?\0\0\06\0\0\0ı\0\n\0?\0\0\0P\0\0ı\0\n\0?\0\0\0Q\0\0ı\0\n\0?\0\0\0\01\0\0\0ı\0\n\0?\0\0\02\0\0\0ı\0\n\0?\0\0\03\0\0\0ı\0\n\0?\0\0\04\0\0\0ı\0\n\0?\0\0\0(\0\0\0ı\0\n\0?\0\0\05\0\0\0ı\0\n\0?\0\0\06\0\0\0ı\0\n\0?\0\0\0R\0\0ı\0\n\0?\0\0\0S\0\0ı\0\n\0?\0\0\0\01\0\0\0ı\0\n\0?\0\0\02\0\0\0ı\0\n\0?\0\0\03\0\0\0ı\0\n\0?\0\0\04\0\0\0ı\0\n\0?\0\0\0(\0\0\0ı\0\n\0?\0\0\05\0\0\0ı\0\n\0?\0\0\06\0\0\0ı\0\n\0?\0\0\0T\0\0ı\0\n\0?\0\0\0U\0\0ı\0\n\0?\0\0\0\0V\0\0ı\0\n\0?\0\0\0W\0\0ı\0\n\0?\0\0\0X\0\0ı\0\n\0?\0\0\0Y\0\0ı\0\n\0?\0\0\0(\0\0\0ı\0\n\0?\0\0\0Z\0\0ı\0\n\0?\0\0\0[\0\0ı\0\n\0?\0\0\0\\\0\0ı\0\n\0?\0\0\0]\0\0ı\0\n\0?\0\0\0\0V\0\0ı\0\n\0?\0\0\0W\0\0ı\0\n\0?\0\0\0X\0\0ı\0\n\0?\0\0\0Y\0\0ı\0\n\0?\0\0\0(\0\0\0ı\0\n\0?\0\0\0Z\0\0ı\0\n\0?\0\0\0[\0\0ı\0\n\0?\0\0\0^\0\0ı\0\n\0?\0\0\0_\0\0ı\0\n\0?\0\0\0\0V\0\0ı\0\n\0?\0\0\0W\0\0ı\0\n\0?\0\0\0X\0\0ı\0\n\0?\0\0\0Y\0\0ı\0\n\0?\0\0\0(\0\0\0ı\0\n\0?\0\0\0Z\0\0ı\0\n\0?\0\0\0[\0\0ı\0\n\0?\0\0\0`\0\0ı\0\n\0?\0\0\0a\0\0ı\0\n\0?\0\0\0\0V\0\0ı\0\n\0?\0\0\0W\0\0ı\0\n\0?\0\0\0X\0\0ı\0\n\0?\0\0\0Y\0\0ı\0\n\0?\0\0\0(\0\0\0ı\0\n\0?\0\0\0Z\0\0ı\0\n\0?\0\0\0[\0\0ı\0\n\0?\0\0\0b\0\0ı\0\n\0?\0\0\0c\0\0ı\0\n\0?\0\0\0\0V\0\0ı\0\n\0?\0\0\0W\0\0ı\0\n\0?\0\0\0X\0\0ı\0\n\0?\0\0\0Y\0\0ı\0\n\0?\0\0\0(\0\0\0ı\0\n\0?\0\0\0Z\0\0ı\0\n\0?\0\0\0[\0\0ı\0\n\0?\0\0\0d\0\0ı\0\n\0?\0\0\0e\0\0ı\0\n\0?\0\0\0\0V\0\0ı\0\n\0?\0\0\0W\0\0ı\0\n\0?\0\0\0X\0\0ı\0\n\0?\0\0\0Y\0\0ı\0\n\0?\0\0\0(\0\0\0ı\0\n\0?\0\0\0Z\0\0ı\0\n\0?\0\0\0[\0\0ı\0\n\0?\0\0\0f\0\0ı\0\n\0?\0\0\0g\0\0ı\0\n\0?\0\0\0\0V\0\0ı\0\n\0?\0\0\0h\0\0ı\0\n\0?\0\0\0X\0\0ı\0\n\0?\0\0\0i\0\0ı\0\n\0?\0\0\0(\0\0\0ı\0\n\0?\0\0\0Z\0\0ı\0\n\0?\0\0\0[\0\0ı\0\n\0?\0\0\0j\0\0ı\0\n\0?\0\0\0\0\0ı\0\n\0?\0\0\0\0V\0\0ı\0\n\0?\0\0\0h\0\0ı\0\n\0?\0\0\0X\0\0ı\0\n\0?\0\0\0i\0\0ı\0\n\0?\0\0\0(\0\0\0ı\0\n\0?\0\0\0Z\0\0ı\0\n\0?\0\0\0[\0\0ı\0\n\0?\0\0\0k\0\0ı\0\n\0?\0\0\0l\0\0×\0>\0?\0\00~\0~\0~\0~\0~\0~\0~\0~\0~\0~\0~\0~\0~\0~\0~\0~\0~\0~\0~\0~\0~\0~\0~\0~\0~\0~\0~\0~\0>\0¶\0\0\0\0\0@\0\0\0\0\0\0\0\0\0\0\0\0\0\0\0\0\0\0\0\0\0\0\0\0\0\0\n\0\0\0ÿÿÿÿÿÿÿÿÿÿÿÿÿÿÿÿÿÿÿÿÿÿÿÿÿÿÿÿÿÿÿÿÿÿÿÿÿÿÿÿÿÿÿÿÿÿÿÿÿÿÿÿÿÿÿÿÿÿÿÿÿÿÿÿÿÿÿÿÿÿÿÿÿÿÿÿÿÿÿÿÿÿÿÿÿÿÿÿÿÿÿÿÿÿÿÿÿÿÿÿÿÿÿÿÿÿÿÿÿÿÿÿÿÿÿÿÿÿÿÿÿÿÿÿÿÿÿÿÿÿÿÿÿÿÿÿÿÿÿÿÿÿÿÿÿÿÿÿÿÿÿÿÿÿÿÿÿÿÿÿÿÿÿÿÿÿÿÿÿÿÿÿÿÿÿÿÿÿÿÿÿÿÿÿÿÿÿÿÿÿÿÿÿÿÿÿÿÿÿÿÿÿÿÿÿÿÿÿÿÿÿÿÿÿÿÿÿÿÿÿÿÿÿÿÿÿÿÿÿÿÿÿÿÿÿR\0o\0o\0t\0 \0E\0n\0t\0r\0y\0\0\0\0\0\0\0\0\0\0\0\0\0\0\0\0\0\0\0\0\0\0\0\0\0\0\0\0\0\0\0\0\0\0\0\0\0\0\0\0\0\0\0\0\0\0ÿÿÿÿÿÿÿÿ\0\0\0\0\0\0\0\0\0\0\0\0\0\0\0\0\0\0\0\0\0\0\0\0\0\0\0\0\0\0\0\0\0\0\0\0\0\0\0F\0\0\0?\0\0\0\0\0\0W\0o\0r\0k\0b\0o\0o\0k\0\0\0\0\0\0\0\0\0\0\0\0\0\0\0\0\0\0\0\0\0\0\0\0\0\0\0\0\0\0\0\0\0\0\0\0\0\0\0\0\0\0\0\0\0\0\0\0\0\0ÿÿÿÿÿÿÿÿÿÿÿÿ\0\0\0\0\0\0\0\0\0\0\0\0\0\0\0\0\0\0\0\0\0\0\0\0\0\0\0\0\0\0\0\0\0\0\0\0\0\0\0\0?\0\0\0\0\0\0\0S\0u\0m\0m\0a\0r\0y\0I\0n\0f\0o\0r\0m\0a\0t\0i\0o\0n\0\0\0\0\0\0\0\0\0\0\0\0\0\0\0\0\0\0\0\0\0\0\0\0\0\0\0(\0\0\0\0\0\0\0ÿÿÿÿ\0\0\0\0\0\0\0\0\0\0\0\0\0\0\0\0\0\0\0\0\0\0\0\0\0\0\0\0\0\0\0\0\0\0\0\0\0\0\0\00\0\0\0\0\0\0\0D\0o\0c\0u\0m\0e\0n\0t\0S\0u\0m\0m\0a\0r\0y\0I\0n\0f\0o\0r\0m\0a\0t\0i\0o\0n\0\0\0\0\0\0\0\0\0\0\08\0ÿÿÿÿÿÿÿÿÿÿÿÿ\0\0\0\0\0\0\0\0\0\0\0\0\0\0\0\0\0\0\0\0\0\0\0\0\0\0\0\0\0\0\0\0\0\0\0\0\0\0\08\0\0\0\0\0\0\0şÿ\0\0\n\0\0\0\0\0\0\0\0\0\0\0\0\0\0\0\0\0\0\0\0à??òùOh«?\0+\'³Ù0\0\0\0\0\0\0\0\0\0\0\0\0(\0\0\0\0\0\0R\0\0\0\0\0\0|\0\0\0\0\0\0?\0\0\0\0\0\0\0\0\0V\0a\0l\0u\0e\0 \0S\0e\0t\0 \0E\0x\0p\0o\0r\0t\0\0\0\0\0\0\0\0\0V\0a\0l\0u\0e\0 \0S\0e\0t\0 \0E\0x\0p\0o\0r\0t\0\0\0\0\0\0\0\0\0N\0Q\0F\0\0\0\0\0\0\0\02\0\0\0V\0a\0l\0u\0e\0 \0S\0e\0t\0,\0 \0O\0I\0D\0,\0 \0E\0x\0p\0o\0r\0t\0,\0 \0M\0e\0a\0s\0u\0r\0e\0,\0 \0C\0o\0d\0e\0,\0 \0D\0e\0s\0c\0r\0i\0p\0t\0o\0r\0\0\0\0\0\0\0\0\0ÿÿÿÿÿÿÿÿÿÿÿÿÿÿÿÿşÿ\0\0\n\0\0\0\0\0\0\0\0\0\0\0\0\0\0\0\0\0\0\0\0ÕÍÕ?.??\0+,ù®0\0\0\0\0\0\0\0\0\0\0ÿÿÿÿÿÿÿÿÿÿÿÿÿÿÿÿÿÿÿÿÿÿÿÿÿÿÿÿÿÿÿÿÿÿÿÿÿÿÿÿÿÿÿÿÿÿÿÿÿÿÿÿÿÿÿÿÿÿÿÿÿÿÿÿÿÿÿÿÿÿÿÿÿÿÿÿÿÿÿÿÿÿÿÿÿÿÿÿÿÿÿÿÿÿÿÿÿÿÿÿÿÿÿÿÿÿÿÿÿÿÿÿÿÿÿÿÿÿÿÿÿÿÿÿÿÿÿÿÿÿÿÿÿÿÿÿ\0\0\0\0\0\0\0\0\0\0\0\0şÿÿÿşÿÿÿÿÿÿÿÿÿÿÿÿÿÿÿÿÿÿÿÿÿÿÿÿÿÿÿÿÿÿÿÿÿÿÿÿÿÿÿÿÿÿÿÿÿÿÿÿÿÿÿÿÿÿÿÿÿÿÿÿÿÿÿÿÿÿÿÿÿÿÿÿÿÿÿÿÿÿÿÿÿÿÿÿÿÿÿÿÿÿÿÿÿÿÿÿÿÿÿÿÿÿÿÿÿÿÿÿÿÿÿÿÿÿÿÿÿÿÿÿÿÿÿÿÿÿÿÿÿÿÿÿÿÿÿÿÿÿÿÿÿÿÿÿÿÿÿÿÿÿÿÿÿÿÿÿÿÿÿÿÿÿÿÿÿÿÿÿÿÿÿÿÿÿÿÿÿÿÿÿÿÿÿÿÿÿÿÿÿÿÿÿÿÿÿÿÿÿÿÿÿÿÿÿÿÿÿÿÿÿÿÿÿÿÿÿÿÿÿÿÿÿÿÿÿÿÿÿÿÿÿÿÿÿÿÿÿÿÿÿÿÿÿÿÿÿÿÿÿÿÿÿÿÿÿÿÿÿÿÿÿÿÿÿÿÿÿÿÿÿÿÿÿÿÿÿÿÿÿÿÿÿÿÿÿÿÿÿÿÿÿÿÿÿÿÿÿÿÿÿÿÿÿÿÿÿÿÿÿÿÿÿÿÿÿÿÿÿÿÿÿÿÿÿÿÿÿÿÿÿÿÿÿÿÿÿÿÿÿÿÿÿÿÿÿÿÿÿÿÿÿÿÿÿÿÿÿÿÿÿÿÿÿÿÿÿÿÿÿÿÿÿÿÿÿÿÿÿÿÿÿÿÿÿÿÿÿÿÿÿÿÿÿÿÿÿÿÿÿÿÿÿÿÿÿÿÿÿÿÿÿÿÿÿÿÿÿÿÿÿÿÿÿÿÿÿÿÿÿÿÿÿÿÿÿÿÿÿÿÿÿÿÿÿÿÿÿÿÿÿÿÿÿÿÿÿÿÿÿÿÿÿÿÿÿÿÿÿÿÿÿÿÿÿÿÿÿÿÿÿÿÿÿÿÿÿÿÿÿÿÿ\0\0\0\0\0\0\0\0\0\0\0\0\0\0\0\0\0\0\0\0\0\0\0\0	\0\0\0\n\0\0\0\0\0\0\0\0\0\r\0\0\0\0\0\0\0\0\0\0\0\0\0\0\0\0\0\0\0\0\0\0\0\0\0\0\0\0\0\0\0\0\0\0\0\0\0\0\0\Z\0\0\0\0\0\0\0\0\0\0\0\0\0\0\0\0\0\0 \0\0\0!\0\0\0\"\0\0\0#\0\0\0$\0\0\0%\0\0\0&\0\0\0\'\0\0\0(\0\0\0)\0\0\0*\0\0\0+\0\0\0,\0\0\0-\0\0\0.\0\0\0/\0\0\00\0\0\01\0\0\02\0\0\03\0\0\04\0\0\05\0\0\06\0\0\07\0\0\08\0\0\09\0\0\0:\0\0\0;\0\0\0<\0\0\0=\0\0\0>\0\0\0?\0\0\0@\0\0\0A\0\0\0B\0\0\0C\0\0\0D\0\0\0şÿÿÿşÿÿÿşÿÿÿşÿÿÿşÿÿÿÿÿÿÿÿÿÿÿÿÿÿÿÿÿÿÿÿÿÿÿÿÿÿÿÿÿÿÿÿÿÿÿÿÿÿÿÿÿÿÿÿÿÿÿÿÿÿÿÿÿÿÿÿÿÿÿÿÿÿÿÿÿÿÿÿÿÿÿÿÿÿÿÿÿÿÿÿÿÿÿÿÿÿÿÿÿÿÿÿÿÿÿÿÿÿÿÿÿÿÿÿÿÿÿÿÿÿÿÿÿÿÿÿÿÿÿÿÿÿÿÿÿÿÿÿÿÿÿÿÿÿÿÿÿÿÿÿÿÿÿÿÿÿÿÿÿÿÿÿÿÿÿÿÿÿÿÿÿÿÿÿÿÿÿÿÿÿÿÿÿÿÿÿÿÿÿÿÿÿÿÿÿÿÿÿÿÿÿÿÿÿÿÿÿÿÿÿÿÿÿÿÿÿÿÿÿÿÿÿÿÿÿÿÿÿÿÿÿÿÿ');
INSERT INTO MEASURE_SHARE VALUES ('8a4d92b2356da09e01359c884b710441','8a4d92b2356da09e01359c679bf60113','8a4d92b23512a4020135533e5edb6e36','8a4d928133981f290133b8b8df4b5c10','2');
INSERT INTO METADATA VALUES ('8a4d92813448700d01344888bf0f0088','EndorseByNQF','false','8a4d928133981f290133b8dbc0b05c13'),('8a4d92813448700d01344888bf0f0089','Name','test measure','8a4d928133981f290133b8dbc0b05c13'),('8a4d92813448700d01344888bf0f008a','ShortName','tm','8a4d928133981f290133b8dbc0b05c13'),('8a4d92b23512a40201355d991dec1e64','RateAggregation','n/a','8a4d92b23512a40201355394d05870dc'),('8a4d92b23512a40201355d991dec1e65','NumeratorExclusions','n/a','8a4d92b23512a40201355394d05870dc'),('8a4d92b23512a40201355d991dec1e66','EndorseByNQF','false','8a4d92b23512a40201355394d05870dc'),('8a4d92b23512a40201355d991dec1e67','Stratification','n/a','8a4d92b23512a40201355394d05870dc'),('8a4d92b23512a40201355d991dec1e68','MeasureFromPeriod','01/01/2012','8a4d92b23512a40201355394d05870dc'),('8a4d92b23512a40201355d991dec1e69','NQFId','NU-LVR-20120206','8a4d92b23512a40201355394d05870dc'),('8a4d92b23512a40201355d991dec1e6a','DenominatorExclusions','n/a','8a4d92b23512a40201355394d05870dc'),('8a4d92b23512a40201355d991dec1e6b','TransmissionFormat','n/a','8a4d92b23512a40201355394d05870dc'),('8a4d92b23512a40201355d991dec1e6c','Guidance','n/a','8a4d92b23512a40201355394d05870dc'),('8a4d92b23512a40201355d991dec1e6d','DenominatorExeptions','n/a','8a4d92b23512a40201355394d05870dc'),('8a4d92b23512a40201355d991dec1e6e','Copyright','n/a','8a4d92b23512a40201355394d05870dc'),('8a4d92b23512a40201355d991dec1e6f','Definitions','n/a','8a4d92b23512a40201355394d05870dc'),('8a4d92b23512a40201355d991dec1e70','ImprovNotations','n/a','8a4d92b23512a40201355394d05870dc'),('8a4d92b23512a40201355d991dec1e71','MeasureObservation','n/a','8a4d92b23512a40201355394d05870dc'),('8a4d92b23512a40201355d991dec1e72','MeasureStewardOther','Northwestern University','8a4d92b23512a40201355394d05870dc'),('8a4d92b23512a40201355d991dec1e73','Rationale','n/a','8a4d92b23512a40201355394d05870dc'),('8a4d92b23512a40201355d991dec1e74','Description','Test measure - please disregard.','8a4d92b23512a40201355394d05870dc'),('8a4d92b23512a40201355d991dec1e75','MeasureToPeriod','12/31/2012','8a4d92b23512a40201355394d05870dc'),('8a4d92b23512a40201355d991ded1e76','ClinicalRecomms','n/a','8a4d92b23512a40201355394d05870dc'),('8a4d92b23512a40201355d991ded1e77','MeasureSteward','Other','8a4d92b23512a40201355394d05870dc'),('8a4d92b23512a40201355d991ded1e78','InitialPatientPopulation','n/a','8a4d92b23512a40201355394d05870dc'),('8a4d92b23512a40201355d991ded1e79','MeasureStatus','InProgress','8a4d92b23512a40201355394d05870dc'),('8a4d92b23512a40201355d991ded1e7a','Numerator','n/a','8a4d92b23512a40201355394d05870dc'),('8a4d92b23512a40201355d991ded1e7b','Name','Test NU Measure','8a4d92b23512a40201355394d05870dc'),('8a4d92b23512a40201355d991dee1e7c','SupplementalDataElements','n/a','8a4d92b23512a40201355394d05870dc'),('8a4d92b23512a40201355d991dee1e7d','Denominator','n/a','8a4d92b23512a40201355394d05870dc'),('8a4d92b23512a40201355d991dee1e7e','MeasurePopulation','n/a','8a4d92b23512a40201355394d05870dc'),('8a4d92b23512a40201355d991dee1e7f','RiskAdjustment','n/a','8a4d92b23512a40201355394d05870dc'),('8a4d92b23512a40201355d991dee1e80','ShortName','TestNU-LVR20120206','8a4d92b23512a40201355394d05870dc'),('8a4d92b23512a40201355d991dee1e81','SetName','n/a','8a4d92b23512a40201355394d05870dc'),('8a4d92b23512a40201355d991dee1e82','Disclaimer','DO NOT USE THIS MEASURE - this was created solely for testing purposes','8a4d92b23512a40201355394d05870dc'),('8a4d92b23512a40201355d991dee1e83','Author','Test','8a4d92b23512a40201355394d05870dc'),('8a4d92b23512a40201355d991dee1e84','MeasureType','Outcome','8a4d92b23512a40201355394d05870dc'),('8a4d92b23512a40201355d991dee1e85','Reference','n/a','8a4d92b23512a40201355394d05870dc'),('8a4d92b2356da09e01359c62e48100f0','RateAggregation','-','8a4d92b23512a4020135592a69860960'),('8a4d92b2356da09e01359c62e48100f1','NumeratorExclusions','-','8a4d92b23512a4020135592a69860960'),('8a4d92b2356da09e01359c62e48100f2','EndorseByNQF','false','8a4d92b23512a4020135592a69860960'),('8a4d92b2356da09e01359c62e48100f3','Stratification','-','8a4d92b23512a4020135592a69860960'),('8a4d92b2356da09e01359c62e48100f4','MeasureFromPeriod','01/01/1990','8a4d92b23512a4020135592a69860960'),('8a4d92b2356da09e01359c62e48100f5','NQFId','EMERGE-CDIFF-V1','8a4d92b23512a4020135592a69860960'),('8a4d92b2356da09e01359c62e48100f6','DenominatorExclusions','-','8a4d92b23512a4020135592a69860960'),('8a4d92b2356da09e01359c62e48100f7','TransmissionFormat','-','8a4d92b23512a4020135592a69860960'),('8a4d92b2356da09e01359c62e48100f8','Guidance','-','8a4d92b23512a4020135592a69860960'),('8a4d92b2356da09e01359c62e48100f9','DenominatorExeptions','-','8a4d92b23512a4020135592a69860960'),('8a4d92b2356da09e01359c62e48100fa','Copyright','Developed by Group Health and Vanderbilt University\nThis algorithm was implemented in MAT for testing purposes only, and should not be used or shared.','8a4d92b23512a4020135592a69860960'),('8a4d92b2356da09e01359c62e48100fb','Definitions','-','8a4d92b23512a4020135592a69860960'),('8a4d92b2356da09e01359c62e48100fc','ImprovNotations','-','8a4d92b23512a4020135592a69860960'),('8a4d92b2356da09e01359c62e48100fd','MeasureObservation','-','8a4d92b23512a4020135592a69860960'),('8a4d92b2356da09e01359c62e48100fe','MeasureStewardOther','Group Health Cooperative','8a4d92b23512a4020135592a69860960'),('8a4d92b2356da09e01359c62e48100ff','Rationale','-','8a4d92b23512a4020135592a69860960'),('8a4d92b2356da09e01359c62e4810100','Description','Clostridium difficile, also known as \"C. diff,\" is a species of bacteria that causes severe diarrhea and other intestinal disease when competing bacteria in the gut have been wiped out by antibiotics (see Wikipedia entry). In rare cases a C. diff infection can progress to toxic megacolon which can be life-threatening. In a very small percentage of the adult population C. difficile bacteria naturally reside in the gut. Other people accidentally ingest spores of the bacteria while patients in a hospital or nursing home.\nThe EMR phenotype definition below includes two separate algorithmsâ??one relying on inpatient data and the other on outpatient data. The algorithm for inpatient data was developed primarily by Vanderbilt. The outpatient algorithm was developed primarily by Group Health/UW.','8a4d92b23512a4020135592a69860960'),('8a4d92b2356da09e01359c62e4810101','MeasureToPeriod','12/31/2011','8a4d92b23512a4020135592a69860960'),('8a4d92b2356da09e01359c62e4810102','ClinicalRecomms','-','8a4d92b23512a4020135592a69860960'),('8a4d92b2356da09e01359c62e4810103','MeasureSteward','Other','8a4d92b23512a4020135592a69860960'),('8a4d92b2356da09e01359c62e4810104','InitialPatientPopulation','-','8a4d92b23512a4020135592a69860960'),('8a4d92b2356da09e01359c62e4820105','MeasureStatus','InProgress','8a4d92b23512a4020135592a69860960'),('8a4d92b2356da09e01359c62e4820106','Numerator','-','8a4d92b23512a4020135592a69860960'),('8a4d92b2356da09e01359c62e4820107','Name','Clostridium Difficile (C. diff) Phenotype Algorithm - Cases','8a4d92b23512a4020135592a69860960'),('8a4d92b2356da09e01359c62e4820108','SupplementalDataElements','-','8a4d92b23512a4020135592a69860960'),('8a4d92b2356da09e01359c62e4820109','Denominator','-','8a4d92b23512a4020135592a69860960'),('8a4d92b2356da09e01359c62e482010a','MeasurePopulation','-','8a4d92b23512a4020135592a69860960'),('8a4d92b2356da09e01359c62e482010b','RiskAdjustment','-','8a4d92b23512a4020135592a69860960'),('8a4d92b2356da09e01359c62e482010c','ShortName','eMERGE C. diff - Cases','8a4d92b23512a4020135592a69860960'),('8a4d92b2356da09e01359c62e482010d','SetName','-','8a4d92b23512a4020135592a69860960'),('8a4d92b2356da09e01359c62e482010e','Disclaimer','The algortihm proposed here has not been fully verified, nor is the implementation guaranteed to follow best measure authoring practices as envisioned by the NQF.','8a4d92b23512a4020135592a69860960'),('8a4d92b2356da09e01359c62e482010f','Author','Group Health','8a4d92b23512a4020135592a69860960'),('8a4d92b2356da09e01359c62e4820110','Author','Vanderbilt University','8a4d92b23512a4020135592a69860960'),('8a4d92b2356da09e01359c62e4820111','MeasureType','Outcome','8a4d92b23512a4020135592a69860960'),('8a4d92b2356da09e01359c62e4820112','Reference','-','8a4d92b23512a4020135592a69860960'),('8a4d92b2356da09e01359cdb2cc705fd','EndorseByNQF','false','8a4d92813429435b013442ba799b0626'),('8a4d92b2356da09e01359cdb2cc705fe','Name','Peripheral Arterial Disease with ABI','8a4d92813429435b013442ba799b0626'),('8a4d92b2356da09e01359cdb2cc705ff','ShortName','PADwABI','8a4d92813429435b013442ba799b0626'),('8a4d92b2356da09e01359d0925360600','EndorseByNQF','false','8a4d92813448700d0134488d3c20008b'),('8a4d92b2356da09e01359d0925360601','Name','Asthma Drug Therapy','8a4d92813448700d0134488d3c20008b'),('8a4d92b2356da09e01359d0925360602','ShortName','Asthma','8a4d92813448700d0134488d3c20008b'),('8a4d92b2356da09e01359d0925360603','EndorseByNQF','false','8a4d92813448700d0134488d3c20008b'),('8a4d92b2356da09e01359d0925360604','Name','Asthma Drug Therapy','8a4d92813448700d0134488d3c20008b'),('8a4d92b2356da09e01359d0925360605','ShortName','Asthma','8a4d92813448700d0134488d3c20008b'),('8a4d92b2356da09e0135a6baed942b61','RateAggregation','n/a','8a4d92b2356da09e01359c679bf60113'),('8a4d92b2356da09e0135a6baed942b62','NumeratorExclusions','n/a','8a4d92b2356da09e01359c679bf60113'),('8a4d92b2356da09e0135a6baed942b63','EndorseByNQF','false','8a4d92b2356da09e01359c679bf60113'),('8a4d92b2356da09e0135a6baed942b64','Stratification','eMERGE site, gender, age, race, ethnicity','8a4d92b2356da09e01359c679bf60113'),('8a4d92b2356da09e0135a6baed942b65','MeasureFromPeriod','01/01/1900','8a4d92b2356da09e01359c679bf60113'),('8a4d92b2356da09e0135a6baed942b66','NQFId','eMERGE-CDIFF-V2','8a4d92b2356da09e01359c679bf60113'),('8a4d92b2356da09e0135a6baed952b67','DenominatorExclusions','n/a','8a4d92b2356da09e01359c679bf60113'),('8a4d92b2356da09e0135a6baed952b68','TransmissionFormat','CSV file','8a4d92b2356da09e01359c679bf60113'),('8a4d92b2356da09e0135a6baed952b69','Guidance','n/a','8a4d92b2356da09e01359c679bf60113'),('8a4d92b2356da09e0135a6baed952b6a','DenominatorExeptions','n/a','8a4d92b2356da09e01359c679bf60113'),('8a4d92b2356da09e0135a6baed952b6b','Copyright','(n/a)','8a4d92b2356da09e01359c679bf60113'),('8a4d92b2356da09e0135a6baed952b6c','Definitions','1. Cases\n\n1.1 Labs (gold standard)\n\n1.1.1. Lab Antigen Test\n\nAnyone ?2 years of age with at least one positive inpatient C. diff antigen test (cytotoxicity assay). \n\n1.1.2. Lab Toxin Test\n\nAnyone ?2 years of age with at least one positive Toxin ELISA test for either A strain or B strain or A and B strains. \n\n1.2. Diagnoses (silver standard)\n\n1.2.1. Diagnoses and Medications\n\nAnyone ?2 years of age with the following sequence of diagnosis codes and medications:\n\nWithin a 90-day period the subject has:\n1) one or more days with an inpatient or outpatient diagnosis of C. diff, followed by\n2) one or more days with a dispensed medication for treating C. diff, followed by\n3) one or more days with an inpatient or outpatient diagnosis of C. diff.\n\nThe diagnosis codes for C. diff are:\n\n008.45*\n\nThe medications for treating C. diff are:\n\nMetronidazole\nVancomycin (oral)\nFidaxomicin\nLinezolid\n\n1.2.2. Diagnoses  and Progress Note Mentions\n\nAnyone ?2 years of age with:\n\nAt least on diagnosis code for C. diff (see above) and at least one non-negated, non-historical, non-uncertain mention of C. diff infection in progress notes.\n\nC. diff mentions include:\n\n1.	difficile colitis\n2.	diff colitis\n3.	dif colitis\n4.	difficile diarrhea\n5.	diff diarrhea\n6.	dif diarrhea\n7.	difficile infection\n8.	diff infection\n9.	dif infection\n10.	difficile enteritis\n11.	diff enteritis\n12.	dif enteritis\n\nNote that omission of â??clostridiumâ? and its abbreviations from the dictionary entries simplified implementation at Group Health (the commonly used abbreviation â??C.â? is difficult to implement in cTAKES) and did not reduce specificity. \n\n1.3. Progress Note Mentions (silver standard)\n\nAnyone ?2 years of age with:\n\nAt least two non-negated, non-historical, non-uncertain mentions of C. diff infection (see above) in progress notes recorded on  ?2 calendar days. (May increase to ?3 calendar days to increase specificity).\n\n2. Controls\n\nThe desired ratio of controls to cases when combining data from all sites is 2:1. \n\nThere are also two parts to the definition of controls, depending on whether the data is from the inpatient or outpatient setting.\n\n2.1 Hospital Admission, Diagnoses, Labs and Medications\n\nAnyone ?2 years of age who:\n\n1) has at least one hospital admission, and\n2) has been exposed to a class 2 (moderate risk for C. diff) or class 3 (high risk for C. diff) antibiotic 7-62 days before the hospital admission, and \n3) has no diagnosis codes for C. diff (see above), and \n4) has never been tested for C. diff (antigen or toxin, see above)\n\nClass 2 and Class 3 antibiotics include:\n\n[add definition]\n\nThe rationale for not using negative C diff. antigen/toxin testing as a definition for controls is as follows. Lab tests are only ~60-70% sensitive. This means that a single test does not rule out the disease. Further, requiring multiple negative tests did not seem like a viable strategy for identifying controls because such a pattern of testing may signal a concern that the disease exists but is not being detected by the lab test.\n\nMatching of cases and controls by age and race will be handled analytically after genotyping (needs discussion).\n\n2.2.  Progress Notes, Diagnoses, Labs and Medications\n\nAnyone ?2 years of age who:\n\n1) has evidence of exposure to class 2 or class 3 antibiotics, and\n2) has continuous enrollment for 5 or more years following this antibiotic exposure, and\n3) has no diagnosis codes for C. diff (ever), and\n4) has no mentions in progress notes of C. diff (ever).','8a4d92b2356da09e01359c679bf60113'),('8a4d92b2356da09e0135a6baed952b6d','ImprovNotations','n/a','8a4d92b2356da09e01359c679bf60113'),('8a4d92b2356da09e0135a6baed952b6e','MeasureObservation','n/a','8a4d92b2356da09e01359c679bf60113'),('8a4d92b2356da09e0135a6baed952b6f','MeasureStewardOther','Group Health Cooperative','8a4d92b2356da09e01359c679bf60113'),('8a4d92b2356da09e0135a6baed952b70','Rationale','n/a','8a4d92b2356da09e01359c679bf60113'),('8a4d92b2356da09e0135a6baed952b71','Description','Clostridium difficile, also known as \"C. diff,\" is a species of bacteria that causes severe diarrhea and other intestinal disease when competing bacteria in the gut have been wiped out by antibiotics (see Wikipedia entry). In rare cases a C. diff infection can progress to toxic megacolon which can be life-threatening. In a very small percentage of the adult population C. difficile bacteria naturally reside in the gut. Other people accidentally ingest spores of the bacteria while patients in a hospital or nursing home.','8a4d92b2356da09e01359c679bf60113'),('8a4d92b2356da09e0135a6baed952b72','MeasureToPeriod','12/31/2011','8a4d92b2356da09e01359c679bf60113'),('8a4d92b2356da09e0135a6baed952b73','ClinicalRecomms','n/a','8a4d92b2356da09e01359c679bf60113'),('8a4d92b2356da09e0135a6baed952b74','MeasureSteward','Other','8a4d92b2356da09e01359c679bf60113'),('8a4d92b2356da09e0135a6baed952b75','InitialPatientPopulation','Individuals consented to, and actively enrolled in the institutional biobank','8a4d92b2356da09e01359c679bf60113'),('8a4d92b2356da09e0135a6baed952b76','MeasureStatus','InProgress','8a4d92b2356da09e01359c679bf60113'),('8a4d92b2356da09e0135a6baed952b77','Numerator','n/a','8a4d92b2356da09e01359c679bf60113'),('8a4d92b2356da09e0135a6baed952b78','Name','eMERGE Clostridium Difficile (C. diff) Phenotype Algorithm (v2)','8a4d92b2356da09e01359c679bf60113'),('8a4d92b2356da09e0135a6baed952b79','SupplementalDataElements','n/a','8a4d92b2356da09e01359c679bf60113'),('8a4d92b2356da09e0135a6baed952b7a','Denominator','n/a','8a4d92b2356da09e01359c679bf60113'),('8a4d92b2356da09e0135a6baed952b7b','MeasurePopulation','See Definition','8a4d92b2356da09e01359c679bf60113'),('8a4d92b2356da09e0135a6baed952b7c','RiskAdjustment','n/a','8a4d92b2356da09e01359c679bf60113'),('8a4d92b2356da09e0135a6baed952b7d','ShortName','eMERGE C. diff (v2)','8a4d92b2356da09e01359c679bf60113'),('8a4d92b2356da09e0135a6baed952b7e','SetName','n/a','8a4d92b2356da09e01359c679bf60113'),('8a4d92b2356da09e0135a6baed952b7f','Disclaimer','This algorithm is in development','8a4d92b2356da09e01359c679bf60113'),('8a4d92b2356da09e0135a6baed952b80','Author','Group Health Cooperative','8a4d92b2356da09e01359c679bf60113'),('8a4d92b2356da09e0135a6baed952b81','Author','Vanderbilt University','8a4d92b2356da09e01359c679bf60113'),('8a4d92b2356da09e0135a6baed952b82','MeasureType','Outcome','8a4d92b2356da09e01359c679bf60113'),('8a4d92b2356da09e0135a6baed952b83','Reference','n/a','8a4d92b2356da09e01359c679bf60113'),('8a4d92b2356da09e0135a6c35d2d2b90','EndorseByNQF','false','8a4d92b2356da09e0135a6c2d1802b84'),('8a4d92b2356da09e0135a6c35d2e2b91','Name','Test Measure','8a4d92b2356da09e0135a6c2d1802b84'),('8a4d92b2356da09e0135a6c35d2e2b92','ShortName','Test','8a4d92b2356da09e0135a6c2d1802b84');

INSERT INTO CLAUSE VALUES ('8a4d928134d53c3c0134d53d570a0004','Asthma_Population1',NULL,'','8a4d92813448700d0134488d3c20008b','1','b09a086a-5a0b-4b7f-b4fe-7187c871e0dd',NULL,NULL,'(D0.0)'),('8a4d928134d53c3c0134d53d57250006','Asthma_Numerator1',NULL,'','8a4d92813448700d0134488d3c20008b','2','34d6ae53-7a62-438f-99f2-8e601552916c',NULL,NULL,'(D0.0)'),('8a4d928134d53c3c0134d53d57400008','Asthma_Numerator Exclusions1',NULL,'','8a4d92813448700d0134488d3c20008b','3','83d3cf58-2b96-4e04-bc21-739398e01e03',NULL,NULL,'(D0.0)'),('8a4d928134d53c3c0134d53d574f000a','Asthma_Denominator1',NULL,'','8a4d92813448700d0134488d3c20008b','4','c6943f81-7de9-411e-8760-cb3598b0959b',NULL,NULL,'(D0.0)'),('8a4d928134d53c3c0134d53d575c000c','Asthma_Denominator Exclusions1',NULL,'','8a4d92813448700d0134488d3c20008b','5','efa70dca-7b39-4216-bc07-77148e0e936f',NULL,NULL,'(D0.0)'),('8a4d928134d53c3c0134d53d5770000e','Asthma_Denominator Exceptions1',NULL,'','8a4d92813448700d0134488d3c20008b','6','67a0a660-9449-4bad-9ee1-fa46b11ed2b3',NULL,NULL,'(D0.0)'),('8a4d928134d53c3c0134d53d57820010','Asthma_Measure Population1',NULL,'','8a4d92813448700d0134488d3c20008b','7','bd9d8472-b784-446e-9013-8955341afb9a',NULL,NULL,'(D0.0)'),('8a4d928134d53c3c0134d53d57900012','Asthma_Measure Observation1',NULL,'','8a4d92813448700d0134488d3c20008b','8','f2715e4f-962d-45f9-8772-4d42fc402b0e',NULL,NULL,'(D0.0)'),('8a4d928134d53c3c0134d53d579f0014','Asthma_Stratification1',NULL,'','8a4d92813448700d0134488d3c20008b','9','f17fa8e0-934e-4548-9b28-3c5e329a6873',NULL,NULL,'(D0.0)'),('8a4d928134d53c3c0134d53d57ab0016','Asthma_User-defined1',NULL,'','8a4d92813448700d0134488d3c20008b','10','8051b410-e082-4053-b14e-312c0fbf340b',NULL,NULL,'(D0.0)'),('8a4d92b23512a40201355394e37270e9','TestNU-LVR20120206_Population1',NULL,'','8a4d92b23512a40201355394d05870dc','1','1ba2ba05-5fee-4ca5-8402-d80798415b47',NULL,NULL,'(D0.0)'),('8a4d92b23512a40201355394e37d70eb','TestNU-LVR20120206_Numerator1',NULL,'','8a4d92b23512a40201355394d05870dc','2','5759a23c-eacf-4c18-abb5-207fff5c1cb3',NULL,NULL,'(D0.0)'),('8a4d92b23512a40201355394e38370ed','TestNU-LVR20120206_Numerator Exclusions1',NULL,'','8a4d92b23512a40201355394d05870dc','3','e44e7d80-4b40-4480-91c5-604dcd008da7',NULL,NULL,'(D0.0)'),('8a4d92b23512a40201355394e38b70ef','TestNU-LVR20120206_Denominator1',NULL,'','8a4d92b23512a40201355394d05870dc','4','0182dad3-a8e9-4cb6-b87d-a71b468af28b',NULL,NULL,'(D0.0)'),('8a4d92b23512a40201355394e39170f1','TestNU-LVR20120206_Denominator Exclusions1',NULL,'','8a4d92b23512a40201355394d05870dc','5','dfb48452-6614-40c0-9d89-b5738f8cc153',NULL,NULL,'(D0.0)'),('8a4d92b23512a40201355394e39870f3','TestNU-LVR20120206_Denominator Exceptions1',NULL,'','8a4d92b23512a40201355394d05870dc','6','00cf0f4c-bd67-4fdd-afd8-7a7ee6a5a15d',NULL,NULL,'(D0.0)'),('8a4d92b23512a40201355394e3a170f5','TestNU-LVR20120206_Measure Population1',NULL,'','8a4d92b23512a40201355394d05870dc','7','8a82e76b-74f7-4523-9de9-4ad5a9ea581f',NULL,NULL,'(D0.0)'),('8a4d92b23512a40201355394e3a870f7','TestNU-LVR20120206_Measure Observation1',NULL,'','8a4d92b23512a40201355394d05870dc','8','15583af7-a30e-4ef3-ba1a-c6962bfcae87',NULL,NULL,'(D0.0)'),('8a4d92b23512a40201355394e3b070f9','TestNU-LVR20120206_Stratification1',NULL,'','8a4d92b23512a40201355394d05870dc','9','7b6ee9da-285b-41f4-9bb2-d1a796cc568d',NULL,NULL,'(D0.0)'),('8a4d92b23512a40201355394e3b670fb','TestNU-LVR20120206_User-defined1',NULL,'','8a4d92b23512a40201355394d05870dc','10','688a4d35-8c8e-4c04-8eaa-48c3e5e48622',NULL,NULL,'(D0.0)'),('8a4d92b23512a40201355396933f7197','TestNU-LVR20120206_Population2',NULL,'','8a4d92b23512a40201355394d05870dc','1','e2e3583b-1cad-43c1-baec-e83b97d02759',NULL,NULL,'(D0.0)'),('8a4d92b23512a4020135592d73a50a0a','eMERGE C. diff - Cases_Population1',NULL,'','8a4d92b23512a4020135592a69860960','1','b01f8a02-21a8-4ac7-81b6-ae5430023917',NULL,NULL,'(D0.0)'),('8a4d92b23512a4020135592d73b80a0c','eMERGE C. diff - Cases_Numerator1',NULL,'','8a4d92b23512a4020135592a69860960','2','d381deb8-85c9-42cc-a57a-70be0b2c54ed',NULL,NULL,'(D0.0)'),('8a4d92b23512a4020135592d73bf0a0e','eMERGE C. diff - Cases_Numerator Exclusions1',NULL,'','8a4d92b23512a4020135592a69860960','3','91b664aa-40bb-4482-a90f-0faecdf52c0b',NULL,NULL,'(D0.0)'),('8a4d92b23512a4020135592d73d50a10','eMERGE C. diff - Cases_Denominator1',NULL,'','8a4d92b23512a4020135592a69860960','4','9642904e-ab9c-4541-b568-c3d04c524d3e',NULL,NULL,'(D0.0)'),('8a4d92b23512a4020135592d73dc0a12','eMERGE C. diff - Cases_Denominator Exclusions1',NULL,'','8a4d92b23512a4020135592a69860960','5','35a2abad-763e-4295-b6c8-92172b84df8c',NULL,NULL,'(D0.0)'),('8a4d92b23512a4020135592d73e40a14','eMERGE C. diff - Cases_Denominator Exceptions1',NULL,'','8a4d92b23512a4020135592a69860960','6','e3016447-564f-4174-a70c-c389cfd4b13d',NULL,NULL,'(D0.0)'),('8a4d92b23512a4020135592d73ea0a16','eMERGE C. diff - Cases_Measure Population1',NULL,'','8a4d92b23512a4020135592a69860960','7','45475f6f-6e8c-4638-86f9-9a4d7c9cecca',NULL,NULL,'(D0.0)'),('8a4d92b23512a4020135592d73f10a18','eMERGE C. diff - Cases_Measure Observation1',NULL,'','8a4d92b23512a4020135592a69860960','8','4fedc531-f8a7-437f-8a17-b3c8d0e3fa5e',NULL,NULL,'(D0.0)'),('8a4d92b23512a4020135592d73f90a1a','eMERGE C. diff - Cases_Stratification1',NULL,'','8a4d92b23512a4020135592a69860960','9','6d7ba8ed-25ef-4371-bec7-455f08a8322c',NULL,NULL,'(D0.0)'),('8a4d92b23512a4020135592d73ff0a1c','eMERGE C. diff - Cases_User-defined1',NULL,'','8a4d92b23512a4020135592a69860960','10','5439937c-3a77-4220-a767-4a648959220a',NULL,NULL,'(D0.0)'),('8a4d92b23512a40201355e762e1b2376','eMERGE C. diff - Cases_Population2',NULL,'','8a4d92b23512a4020135592a69860960','1','68b2c0d7-5abd-4e52-97d4-72794a0bde9c',NULL,NULL,'(D0.0)'),('8a4d92b23512a40201355e7795d92378','Age >= 18',NULL,'','8a4d92b23512a4020135592a69860960','11','225bc012-f91f-43b2-a64e-79790e915c7f',NULL,'2','(D0.0)'),('8a4d92b23512a40201355e7fab0b2428','C. diff dx before meds',NULL,'','8a4d92b23512a4020135592a69860960','11','897f485a-068f-4a39-ac35-33f082fb1b9f',NULL,'2','(D0.0)'),('8a4d92b23512a40201355f3a429d26df','C. diff dx after meds',NULL,'','8a4d92b23512a4020135592a69860960','11','e653b7fa-8142-490b-ae43-f5eeaa2fd025',NULL,'2','(D0.0)'),('8a4d92b23512a4020135602ac8e22845','Positive C. diff lab test',NULL,'','8a4d92b23512a4020135592a69860960','11','861c3d6b-e23b-4d87-b7f6-0a47d6acf986',NULL,'2','(D0.0)'),('8a4d92b2356da09e01359c6aed000159','eMERGE C. diff (v2)_Population1',NULL,'','8a4d92b2356da09e01359c679bf60113','1','652b124f-3e97-462d-a684-6cca04fced23',NULL,NULL,'(D0.0)'),('8a4d92b2356da09e01359c6aed13015b','eMERGE C. diff (v2)_Numerator1',NULL,'','8a4d92b2356da09e01359c679bf60113','2','eb324525-0a85-450c-8cf2-0d5332aa71a2',NULL,NULL,'(D0.0)'),('8a4d92b2356da09e01359c6aed1a015d','eMERGE C. diff (v2)_Numerator Exclusions1',NULL,'','8a4d92b2356da09e01359c679bf60113','3','8acb2cd0-0897-41b0-9d98-4e65a8a5e29c',NULL,NULL,'(D0.0)'),('8a4d92b2356da09e01359c6aed25015f','eMERGE C. diff (v2)_Denominator1',NULL,'','8a4d92b2356da09e01359c679bf60113','4','75f30644-1081-416e-be93-a666001b57d1',NULL,NULL,'(D0.0)'),('8a4d92b2356da09e01359c6aed2c0161','eMERGE C. diff (v2)_Denominator Exclusions1',NULL,'','8a4d92b2356da09e01359c679bf60113','5','ad8c734c-5c32-432d-bb17-f6a4585a50a7',NULL,NULL,'(D0.0)'),('8a4d92b2356da09e01359c6aed360163','eMERGE C. diff (v2)_Denominator Exceptions1',NULL,'','8a4d92b2356da09e01359c679bf60113','6','76b526be-b82e-4486-9f98-8d0d3b461cf8',NULL,NULL,'(D0.0)'),('8a4d92b2356da09e01359c6aed460165','eMERGE C. diff (v2)_Measure Population1',NULL,'','8a4d92b2356da09e01359c679bf60113','7','08d25897-d415-4649-af51-d218e0e8ae46',NULL,NULL,'(D0.0)'),('8a4d92b2356da09e01359c6aed4c0167','eMERGE C. diff (v2)_Measure Observation1',NULL,'','8a4d92b2356da09e01359c679bf60113','8','39a81978-bb35-44bd-9c95-2161e756413c',NULL,NULL,'(D0.0)'),('8a4d92b2356da09e01359c6aed550169','eMERGE C. diff (v2)_Stratification1',NULL,'','8a4d92b2356da09e01359c679bf60113','9','26b4d917-6268-4483-b6d1-f16422f406bf',NULL,NULL,'(D0.0)'),('8a4d92b2356da09e01359c6aed5c016b','eMERGE C. diff (v2)_User-defined1',NULL,'','8a4d92b2356da09e01359c679bf60113','10','240be5ae-a7a0-4e03-a467-4f70fb6da968',NULL,NULL,'(D0.0)'),('8a4d92b2356da09e01359c74052702e6','Positive Lab Test',NULL,'','8a4d92b2356da09e01359c679bf60113','11','ed99e695-847f-4fd1-abde-6caa1b4bf9c7',NULL,'2','(D0.0)'),('8a4d92b2356da09e01359c77954502ff','Dx A followed by medication',NULL,'','8a4d92b2356da09e01359c679bf60113','11','45d0b987-820c-4075-94b2-89acb75933fc',NULL,'2','(D0.0)'),('8a4d92b2356da09e01359c77f7090303','Meds followed by Dx B',NULL,'','8a4d92b2356da09e01359c679bf60113','11','e3595c2a-bfc7-4891-b332-b5acd77cdab6',NULL,'2','(D0.0)'),('8a4d92b2356da09e01359c7a621f031f','Progress Note Mentions',NULL,'','8a4d92b2356da09e01359c679bf60113','11','41b2e347-edee-4b1f-b397-09cb87c3f2e1',NULL,'1','(D0.0)'),('8a4d92b2356da09e0135a6c35e4c2b93','Test_Population1',NULL,'','8a4d92b2356da09e0135a6c2d1802b84','1','e6d6847c-919f-4653-891f-3ffc511ed7ac',NULL,NULL,'(D0.0)'),('8a4d92b2356da09e0135a6c35e5f2b95','Test_Numerator1',NULL,'','8a4d92b2356da09e0135a6c2d1802b84','2','30f31a68-9a96-4631-b1e2-f0771ef3b2a9',NULL,NULL,'(D0.0)'),('8a4d92b2356da09e0135a6c35e652b97','Test_Numerator Exclusions1',NULL,'','8a4d92b2356da09e0135a6c2d1802b84','3','d1f9f097-3556-479c-bdc8-c1242b5a7ac1',NULL,NULL,'(D0.0)'),('8a4d92b2356da09e0135a6c35e6d2b99','Test_Denominator1',NULL,'','8a4d92b2356da09e0135a6c2d1802b84','4','74818605-ab42-47d9-9967-28e91fa0cec3',NULL,NULL,'(D0.0)'),('8a4d92b2356da09e0135a6c35e732b9b','Test_Denominator Exclusions1',NULL,'','8a4d92b2356da09e0135a6c2d1802b84','5','4af30770-36e5-4af9-9ae6-60bb06fa7ce8',NULL,NULL,'(D0.0)'),('8a4d92b2356da09e0135a6c35e792b9d','Test_Denominator Exceptions1',NULL,'','8a4d92b2356da09e0135a6c2d1802b84','6','3f87e3b2-a165-43d5-bc7a-3c52b78dd56d',NULL,NULL,'(D0.0)'),('8a4d92b2356da09e0135a6c35e802b9f','Test_Measure Population1',NULL,'','8a4d92b2356da09e0135a6c2d1802b84','7','1437454f-a1e8-4597-a07b-f377e1af6d56',NULL,NULL,'(D0.0)'),('8a4d92b2356da09e0135a6c35e862ba1','Test_Measure Observation1',NULL,'','8a4d92b2356da09e0135a6c2d1802b84','8','091c121c-e838-4a92-a645-283f3365f5d7',NULL,NULL,'(D0.0)'),('8a4d92b2356da09e0135a6c35e8c2ba3','Test_Stratification1',NULL,'','8a4d92b2356da09e0135a6c2d1802b84','9','d6087e2d-282c-4391-83b7-5590e9a00e7e',NULL,NULL,'(D0.0)'),('8a4d92b2356da09e0135a6c35e942ba5','Test_User-defined1',NULL,'','8a4d92b2356da09e0135a6c2d1802b84','10','4a4fc08a-9482-49c6-8a09-82330e8f48f0',NULL,NULL,'(D0.0)'),('8a4d92b2356da09e0135a6c86d392bc3','>= 3 Distinct Labs',NULL,'','8a4d92b2356da09e0135a6c2d1802b84','11','408e9f60-cb4f-473c-a656-e4a5beaf63b2',NULL,'2','(D0.0)');
INSERT INTO PACKAGER VALUES ('8a4d92b23512a40201355d9962921e91','8a4d92b23512a40201355394d05870dc','8a4d92b23512a40201355394e38b70ef',1),('8a4d92b23512a40201355d9962971e92','8a4d92b23512a40201355394d05870dc','8a4d92b23512a40201355394e37d70eb',1),('8a4d92b23512a40201355d99629c1e93','8a4d92b23512a40201355394d05870dc','8a4d92b23512a40201355396933f7197',1),('8a4d92b23512a40201355e788119237c','8a4d92b23512a4020135592a69860960','8a4d92b23512a4020135592d73f10a18',1),('8a4d92b23512a40201355e78818c237d','8a4d92b23512a4020135592a69860960','8a4d92b23512a4020135592d73ea0a16',1),('8a4d92b23512a40201355e7881c0237e','8a4d92b23512a4020135592a69860960','8a4d92b23512a4020135592d73a50a0a',1),('8a4d92b2356da09e01359c81f2aa0362','8a4d92b2356da09e01359c679bf60113','8a4d92b2356da09e01359c6aed4c0167',1),('8a4d92b2356da09e01359c81f2b40363','8a4d92b2356da09e01359c679bf60113','8a4d92b2356da09e01359c6aed460165',1),('8a4d92b2356da09e01359c81f2b90364','8a4d92b2356da09e01359c679bf60113','8a4d92b2356da09e01359c6aed000159',1);


INSERT INTO LIST_OBJECT VALUES ('8a4d92b23512a40201355385bb0a6f97','Sample DM Value Set','85','2.16.840.1.113883.294','Exploration of the NQF MAT - focus on diabetes diagnosis','','1','8a4d92b23512a4020135533e5edb6e36','4','Grouping','71',NULL,'Northwestern University',NULL,NULL,NULL,1);
INSERT INTO LIST_OBJECT VALUES ('8a4d92b23512a40201355391437770ab','Test DM Dx - ICD9','85','2.16.840.1.113883.295','Testing - include ICD9 codes','','1','8a4d92b23512a4020135533e5edb6e36','4','2010','10',NULL,'Northwestern University',NULL,NULL,NULL,1);
INSERT INTO LIST_OBJECT VALUES ('8a4d92b23512a4020135581dcf7401bf','Clostridium difficile','85','2.16.840.1.113883.299','Provide a value set for the diagnosis of Clostridium difficile (C. diff)','','1','8a4d92b23512a4020135533e5edb6e36','4','2012','10',NULL,'Northwestern University',NULL,NULL,'2012-02-07 14:01:00',0);
INSERT INTO LIST_OBJECT VALUES ('8a4d92b23512a4020135581f7c8301c3','Medications for treating C. diff','85','2.16.840.1.113883.300','Provide a value set of medications used to treat Clostridium difficile (C. diff)','','1','8a4d92b23512a4020135533e5edb6e36','12','2012','35',NULL,'Northwestern University',NULL,NULL,'2012-02-07 17:46:00',0);
INSERT INTO LIST_OBJECT VALUES ('8a4d92b23512a40201356027ce52281c','C. diff lab test','85','2.16.840.1.113883.305','Laboratory tests to verify the absence or presence of C. diff','','1','8a4d92b23512a4020135533e5edb6e36','11','2012','34','8a4d92b23512a4020135592a69860960','Northwestern University',NULL,NULL,'2012-02-09 03:29:00',0);
INSERT INTO LIST_OBJECT VALUES ('8a4d92b23512a4020135602e014f286b','Inpatient Visit','85','2.16.840.1.113883.306','The occurrence of an inpatient visit','','1','8a4d92b23512a4020135533e5edb6e36','7','2012','19','8a4d92b23512a4020135592a69860960','Northwestern University',NULL,NULL,'2012-02-09 03:37:00',0);
INSERT INTO LIST_OBJECT VALUES ('8a4d92b2356da09e01359c4e34b57f65','Clostridium Difficile Laboratory Tests (v2)','85','2.16.840.1.113883.360','Define those with C. diff given a laboratory test','','1','8a4d92b23512a4020135533e5edb6e36','11','Grouping','78','8a4d92b23512a4020135592a69860960','Group Health Cooperative',NULL,NULL,NULL,1);
INSERT INTO LIST_OBJECT VALUES ('8a4d92b2356da09e01359c4f013c7f67','Clostridium Difficile Antigen Tests (LOINC)','85','2.16.840.1.113883.361','Define the lab tests which constitute a C. diff test','','1','8a4d92b23512a4020135533e5edb6e36','11','2.34','34','8a4d92b23512a4020135592a69860960','Group Health Coooperative',NULL,NULL,NULL,1);
INSERT INTO LIST_OBJECT VALUES ('8a4d92b2356da09e01359c50a7df7fb8','Clostridium Difficile Toxin Tests (LOINC)','85','2.16.840.1.113883.362','Define the lab tests which identify C. diff via toxin','','1','8a4d92b23512a4020135533e5edb6e36','11','2.34','34','8a4d92b23512a4020135592a69860960','Group Health Cooperative',NULL,NULL,NULL,1);
INSERT INTO LIST_OBJECT VALUES ('8a4d92b2356da09e01359c5bfd3a00e2','Clostridium Difficile - Text Mentions','85','2.16.840.1.113883.363','Text substrings/patterns that identify probably C. diff','','1','8a4d92b23512a4020135533e5edb6e36','4','TEXT','9','8a4d92b23512a4020135592a69860960','Group Health Cooperative',NULL,NULL,NULL,1);

INSERT INTO CODE_LIST VALUES 
('8a4d92b23512a40201355391437770ab'),
('8a4d92b23512a4020135581dcf7401bf'),
('8a4d92b23512a4020135581f7c8301c3'),
('8a4d92b23512a40201356027ce52281c'),
('8a4d92b23512a4020135602e014f286b'),
('8a4d92b2356da09e01359c4f013c7f67'),
('8a4d92b2356da09e01359c50a7df7fb8'),
('8a4d92b2356da09e01359c5bfd3a00e2');


INSERT INTO CODE VALUES ('8a4d92b23512a40201355393ddc070ae','250','250','8a4d92b23512a40201355391437770ab');
INSERT INTO CODE VALUES ('8a4d92b23512a40201355394514a70da','250.1','250.1','8a4d92b23512a40201355391437770ab');
INSERT INTO CODE VALUES ('8a4d92b23512a4020135581e3ef801c1','008.45','Intestinal infection due to Clostridium difficile','8a4d92b23512a4020135581dcf7401bf');
INSERT INTO CODE VALUES ('8a4d92b23512a402013558ea06230680','6922','Metronidazole','8a4d92b23512a4020135581f7c8301c3');
INSERT INTO CODE VALUES ('8a4d92b23512a402013558ead76c0681','374281','Vancomycin Oral Capsule','8a4d92b23512a4020135581f7c8301c3');
INSERT INTO CODE VALUES ('8a4d92b23512a402013558eb30c30682','374282','Vancomycin Oral Solution','8a4d92b23512a4020135581f7c8301c3');
INSERT INTO CODE VALUES ('8a4d92b23512a402013558eb94b50683','378132','Vancomycin Oral Suspension','8a4d92b23512a4020135581f7c8301c3');
INSERT INTO CODE VALUES ('8a4d92b23512a402013558ebff4d0684','1111103','Fidaxomicin','8a4d92b23512a4020135581f7c8301c3');
INSERT INTO CODE VALUES ('8a4d92b23512a402013558ec6bfb0685','190376','Linezolid','8a4d92b23512a4020135581f7c8301c3');
INSERT INTO CODE VALUES ('8a4d92b23512a40201356028500a281e','57901-1','Clostridium difficile glutamate dehydrogenase:Arbitrary Concentration:Point in time:Stool = Fecal:Ordinal','8a4d92b23512a40201356027ce52281c');
INSERT INTO CODE VALUES ('8a4d92b23512a402013560303405286d','308540004','inpatient stay','8a4d92b23512a4020135602e014f286b');
INSERT INTO CODE VALUES ('8a4d92b2356da09e01359c4f852e7f6b','6362-8','C. diff antigen test (cytotoxicity assay)','8a4d92b2356da09e01359c4f013c7f67');
INSERT INTO CODE VALUES ('8a4d92b2356da09e01359c55c4c47fe5','34468-9','Clostridium difficile toxin A+B','8a4d92b2356da09e01359c50a7df7fb8');
INSERT INTO CODE VALUES ('8a4d92b2356da09e01359c579a5f7fe9','6365-1','Clostridium difficile toxin B','8a4d92b2356da09e01359c50a7df7fb8');
INSERT INTO CODE VALUES ('8a4d92b2356da09e01359c5872c700d8','6359-4','Clostridium difficile toxin A','8a4d92b2356da09e01359c50a7df7fb8');
INSERT INTO CODE VALUES ('8a4d92b2356da09e01359c5c4e0500e4','difficile colitis','difficile colitis','8a4d92b2356da09e01359c5bfd3a00e2');
INSERT INTO CODE VALUES ('8a4d92b2356da09e01359c5c767f00e5','diff colitis','diff colitis','8a4d92b2356da09e01359c5bfd3a00e2');
INSERT INTO CODE VALUES ('8a4d92b2356da09e01359c5ca1ff00e6','dif colitis','dif colitis','8a4d92b2356da09e01359c5bfd3a00e2');
INSERT INTO CODE VALUES ('8a4d92b2356da09e01359c5cc9b400e7','difficile diarrhea','difficile diarrhea','8a4d92b2356da09e01359c5bfd3a00e2');
INSERT INTO CODE VALUES ('8a4d92b2356da09e01359c5ce99600e8','diff diarrhea','diff diarrhea','8a4d92b2356da09e01359c5bfd3a00e2');
INSERT INTO CODE VALUES ('8a4d92b2356da09e01359c5d052e00e9','dif diarrhea','dif diarrhea','8a4d92b2356da09e01359c5bfd3a00e2');
INSERT INTO CODE VALUES ('8a4d92b2356da09e01359c5d435b00ea','difficile infection','difficile infection','8a4d92b2356da09e01359c5bfd3a00e2');
INSERT INTO CODE VALUES ('8a4d92b2356da09e01359c5d792000eb','diff infection','diff infection','8a4d92b2356da09e01359c5bfd3a00e2');
INSERT INTO CODE VALUES ('8a4d92b2356da09e01359c5d90e100ec','dif infection','dif infection','8a4d92b2356da09e01359c5bfd3a00e2');
INSERT INTO CODE VALUES ('8a4d92b2356da09e01359c5dc1ed00ed','difficile enteritis','difficile enteritis','8a4d92b2356da09e01359c5bfd3a00e2');
INSERT INTO CODE VALUES ('8a4d92b2356da09e01359c5de3a200ee','diff enteritis','diff enteritis','8a4d92b2356da09e01359c5bfd3a00e2');
INSERT INTO CODE VALUES ('8a4d92b2356da09e01359c5dffb600ef','dif enteritis','dif enteritis','8a4d92b2356da09e01359c5bfd3a00e2');

INSERT INTO GROUPED_CODE_LISTS VALUES ('8a4d92b23512a40201355392ad4070ad','8a4d92b23512a40201355385bb0a6f97','8a4d92b23512a40201355391437770ab','DM Dx in ICD9 code set'),('8a4d92b2356da09e01359c59220a00de','8a4d92b2356da09e01359c4e34b57f65','8a4d92b2356da09e01359c50a7df7fb8','Toxin tests'),('8a4d92b2356da09e01359c5936b800e0','8a4d92b2356da09e01359c4e34b57f65','8a4d92b2356da09e01359c4f013c7f67','Antigen tests');

INSERT INTO QUALITY_DATA_MODEL VALUES ('8a4d92b23512a40201355394d07b70de','26','bae50f18267111e1a17a78acc0b65c43','8a4d92b23512a40201355394d05870dc','1','1677',NULL,1),('8a4d92b23512a40201355394d08870e0','26','bae85d87267111e1a17a78acc0b65c43','8a4d92b23512a40201355394d05870dc','1','1678',NULL,1),('8a4d92b23512a40201355394d09870e2','26','bae86046267111e1a17a78acc0b65c43','8a4d92b23512a40201355394d05870dc','1','1679',NULL,1),('8a4d92b23512a40201355394d0a670e4','26','bae86261267111e1a17a78acc0b65c43','8a4d92b23512a40201355394d05870dc','1','1680',NULL,1),('8a4d92b23512a4020135539717fc7199','26','8ae452962e3a223a012e3a254b808890','8a4d92b23512a40201355394d05870dc','1','1681',NULL,0),('8a4d92b23512a4020135539dbf8b72c4','26','8ae452962e3a223a012e3a254b808889','8a4d92b23512a40201355394d05870dc','1','1682',NULL,0),('8a4d92b23512a4020135592a699d0962','26','bae50f18267111e1a17a78acc0b65c43','8a4d92b23512a4020135592a69860960','1','1714',NULL,1),('8a4d92b23512a4020135592a69aa0964','26','bae85d87267111e1a17a78acc0b65c43','8a4d92b23512a4020135592a69860960','1','1715',NULL,0),('8a4d92b23512a4020135592a69b70966','26','bae86046267111e1a17a78acc0b65c43','8a4d92b23512a4020135592a69860960','1','1716',NULL,0),('8a4d92b23512a4020135592a69c30968','26','bae86261267111e1a17a78acc0b65c43','8a4d92b23512a4020135592a69860960','1','1717',NULL,0),('8a4d92b23512a40201355992e387104b','10','8a4d92b23512a4020135581dcf7401bf','8a4d92b23512a4020135592a69860960','1','1722',NULL,0),('8a4d92b23512a402013559953274104e','39','8a4d92b23512a4020135581f7c8301c3','8a4d92b23512a4020135592a69860960','1','1723',NULL,0),('8a4d92b23512a40201355d983eec1e33','7','8a4d92b23512a4020135581dcf7401bf','8a4d92b23512a40201355394d05870dc','1','1731',NULL,0),('8a4d92b23512a40201355e74fab42371','26','8ae452962e3a223a012e3a254b808892','8a4d92b23512a4020135592a69860960','1','1756',NULL,0),('8a4d92b23512a40201355e758cfa2373','26','8ae452962e3a223a012e3a254b808892','8a4d92b23512a4020135592a69860960','1','1757','Occurrence A',0),('8a4d92b23512a40201355f38598826d7','10','8a4d92b23512a4020135581dcf7401bf','8a4d92b23512a4020135592a69860960','1','1758','Occurrence A',0),('8a4d92b23512a40201355f3887f926d9','10','8a4d92b23512a4020135581dcf7401bf','8a4d92b23512a4020135592a69860960','1','1759','Occurrence B',0),('8a4d92b23512a40201355f38b2ca26db','39','8a4d92b23512a4020135581f7c8301c3','8a4d92b23512a4020135592a69860960','1','1760','Occurrence A',0),('8a4d92b23512a40201356028ee632842','37','8a4d92b23512a40201356027ce52281c','8a4d92b23512a4020135592a69860960','1','1761','Occurrence A',0),('8a4d92b23512a40201356030a779289c','22','8a4d92b23512a4020135602e014f286b','8a4d92b23512a4020135592a69860960','1','1762',NULL,0),('8a4d92b2356da09e01359c679c0e0115','26','bae50f18267111e1a17a78acc0b65c43','8a4d92b2356da09e01359c679bf60113','1','2068',NULL,1),('8a4d92b2356da09e01359c679c360117','26','bae85d87267111e1a17a78acc0b65c43','8a4d92b2356da09e01359c679bf60113','1','2069',NULL,1),('8a4d92b2356da09e01359c679c430119','26','bae86046267111e1a17a78acc0b65c43','8a4d92b2356da09e01359c679bf60113','1','2070',NULL,1),('8a4d92b2356da09e01359c679c56011b','26','bae86261267111e1a17a78acc0b65c43','8a4d92b2356da09e01359c679bf60113','1','2071',NULL,1),('8a4d92b2356da09e01359c72ad3102e4','37','8a4d92b2356da09e01359c4e34b57f65','8a4d92b2356da09e01359c679bf60113','1','2072',NULL,0),('8a4d92b2356da09e01359c750aec02ee','10','8a4d92b23512a4020135581dcf7401bf','8a4d92b2356da09e01359c679bf60113','1','2073','Occurrence A',0),('8a4d92b2356da09e01359c75407402f1','10','8a4d92b23512a4020135581dcf7401bf','8a4d92b2356da09e01359c679bf60113','1','2074','Occurrence B',0),('8a4d92b2356da09e01359c75858902f4','7','8a4d92b2356da09e01359c5bfd3a00e2','8a4d92b2356da09e01359c679bf60113','1','2075',NULL,0),('8a4d92b2356da09e01359c75e44502f6','39','8a4d92b23512a4020135581f7c8301c3','8a4d92b2356da09e01359c679bf60113','1','2076','Occurrence A',0),('8a4d92b2356da09e01359c7655ad02fb','94','8a4d92b23512a4020135602e014f286b','8a4d92b2356da09e01359c679bf60113','1','2077',NULL,0),('8a4d92b2356da09e01359c789c1d0311','10','8a4d92b2356da09e01359c5bfd3a00e2','8a4d92b2356da09e01359c679bf60113','1','2078',NULL,0),('8a4d92b2356da09e01359c795f460318','10','8a4d92b23512a4020135581dcf7401bf','8a4d92b2356da09e01359c679bf60113','1','2079',NULL,0),('8a4d92b2356da09e01359c80e62e035f','26','8ae452962e3a223a012e3a254b808892','8a4d92b2356da09e01359c679bf60113','1','2080',NULL,0),('8a4d92b2356da09e0135a6c2d1c92b86','26','bae50f18267111e1a17a78acc0b65c43','8a4d92b2356da09e0135a6c2d1802b84','1','2150',NULL,1),('8a4d92b2356da09e0135a6c2d1d52b88','26','bae85d87267111e1a17a78acc0b65c43','8a4d92b2356da09e0135a6c2d1802b84','1','2151',NULL,1),('8a4d92b2356da09e0135a6c2d1e32b8a','26','bae86046267111e1a17a78acc0b65c43','8a4d92b2356da09e0135a6c2d1802b84','1','2152',NULL,1),('8a4d92b2356da09e0135a6c2d1ef2b8c','26','bae86261267111e1a17a78acc0b65c43','8a4d92b2356da09e0135a6c2d1802b84','1','2153',NULL,1),('8a4d92b2356da09e0135a6c60af32bba','36','8a4d92b2356da09e01359c4e34b57f65','8a4d92b2356da09e0135a6c2d1802b84','1','2154',NULL,0),('8a4d92b2356da09e0135a6c639a12bbc','10','8a4d92b23512a4020135581dcf7401bf','8a4d92b2356da09e0135a6c2d1802b84','1','2155','Occurrence A',0),('8a4d92b2356da09e0135a6c65cde2bbe','26','8ae452962e3a223a012e3a254b808892','8a4d92b2356da09e0135a6c2d1802b84','1','2156','Occurrence A',0),('9bd1f1f8-3d9b-11e1-8634-00237d5bf174','26','bae50f18267111e1a17a78acc0b65c43','8a4d928133981f290133b8dbc0b05c13','1','449',NULL,1),('9bd278a8-3d9b-11e1-8634-00237d5bf174','26','bae50f18267111e1a17a78acc0b65c43','8a4d92813429435b013442ba799b0626','1','482',NULL,1),('9bd27f88-3d9b-11e1-8634-00237d5bf174','26','bae50f18267111e1a17a78acc0b65c43','8a4d92813448700d0134488d3c20008b','1','484',NULL,1),('9bd450d8-3d9b-11e1-8634-00237d5bf174','26','bae85d87267111e1a17a78acc0b65c43','8a4d928133981f290133b8dbc0b05c13','1','545',NULL,1),('9bd4e778-3d9b-11e1-8634-00237d5bf174','26','bae85d87267111e1a17a78acc0b65c43','8a4d92813429435b013442ba799b0626','1','578',NULL,1),('9bd4ee3a-3d9b-11e1-8634-00237d5bf174','26','bae85d87267111e1a17a78acc0b65c43','8a4d92813448700d0134488d3c20008b','1','580',NULL,1),('9bd6e37a-3d9b-11e1-8634-00237d5bf174','26','bae86046267111e1a17a78acc0b65c43','8a4d928133981f290133b8dbc0b05c13','1','641',NULL,1),('9bd75378-3d9b-11e1-8634-00237d5bf174','26','bae86046267111e1a17a78acc0b65c43','8a4d92813429435b013442ba799b0626','1','674',NULL,1),('9bd75ab2-3d9b-11e1-8634-00237d5bf174','26','bae86046267111e1a17a78acc0b65c43','8a4d92813448700d0134488d3c20008b','1','676',NULL,1),('9bd95632-3d9b-11e1-8634-00237d5bf174','26','bae86261267111e1a17a78acc0b65c43','8a4d928133981f290133b8dbc0b05c13','1','737',NULL,1),('9bd9e4bc-3d9b-11e1-8634-00237d5bf174','26','bae86261267111e1a17a78acc0b65c43','8a4d92813429435b013442ba799b0626','1','770',NULL,1),('9bd9eb2e-3d9b-11e1-8634-00237d5bf174','26','bae86261267111e1a17a78acc0b65c43','8a4d92813448700d0134488d3c20008b','1','772',NULL,1);


INSERT INTO DECISION VALUES ('008c9adc-a67a-42cd-b290-afb957dbacc3','CLAUSE',NULL,NULL,NULL,NULL);
INSERT INTO DECISION VALUES ('03a66c0d-5e95-4877-8fec-9d5a92468d0e','CLAUSE','7cf7c662-ac19-446b-ae8c-c8846d705aa7','0','8a4d92b23512a40201355e7fab0b2428',NULL);
INSERT INTO DECISION VALUES ('03cae783-f2f5-4811-ad89-47fd16311906','CLAUSE',NULL,NULL,NULL,NULL);
INSERT INTO DECISION VALUES ('065b3f56-1b53-414f-8516-66f43666abc1','CLAUSE',NULL,NULL,NULL,NULL);
INSERT INTO DECISION VALUES ('097179c8-9667-4bbf-b40a-d6948a61441a','AND','065b3f56-1b53-414f-8516-66f43666abc1','0',NULL,NULL);
INSERT INTO DECISION VALUES ('0dbf723a-58d7-4985-93e9-65a8994bf332','CLAUSE',NULL,NULL,NULL,NULL);
INSERT INTO DECISION VALUES ('106caac7-519d-4fad-be49-6a4ad2152df1','CLAUSE',NULL,NULL,NULL,NULL);
INSERT INTO DECISION VALUES ('11fad4ff-3792-4460-87a4-1f28413d7bf7','CLAUSE',NULL,NULL,NULL,NULL);
INSERT INTO DECISION VALUES ('15911a99-1386-4c7d-adc9-07c1e5e7aa95','OR','11fad4ff-3792-4460-87a4-1f28413d7bf7','0',NULL,NULL);
INSERT INTO DECISION VALUES ('1c388d1b-b800-49ad-b5c7-75b191e56a2f','CLAUSE',NULL,NULL,NULL,NULL);
INSERT INTO DECISION VALUES ('1f7a10b0-c779-4a65-9bb2-d4fb0a6bcf6e','CLAUSE',NULL,NULL,NULL,NULL);
INSERT INTO DECISION VALUES ('2400c4ed-7425-4a75-bbab-8a7646f676e9','CLAUSE',NULL,NULL,NULL,NULL);
INSERT INTO DECISION VALUES ('24f76a6d-d857-4f15-8d17-7f6a1eabb142','AND','2400c4ed-7425-4a75-bbab-8a7646f676e9','0',NULL,NULL);
INSERT INTO DECISION VALUES ('25941bd6-3b96-4957-852f-40b21741dbb3','CLAUSE',NULL,NULL,NULL,NULL);
INSERT INTO DECISION VALUES ('272d71e1-6e6b-4010-821a-e3b20a2301d5','CLAUSE',NULL,NULL,NULL,NULL);
INSERT INTO DECISION VALUES ('2d18d625-b9e2-4e5d-aafe-ed4c89b7454e','CLAUSE',NULL,NULL,NULL,NULL);
INSERT INTO DECISION VALUES ('2d22d8ba-1e68-49a2-bea2-15c7ea27e656','QDSTERM','15911a99-1386-4c7d-adc9-07c1e5e7aa95','2',NULL,NULL);
INSERT INTO DECISION VALUES ('2ef0c1b1-3e1d-4bff-8202-b2a96e0e15fc','CLAUSE',NULL,NULL,NULL,NULL);
INSERT INTO DECISION VALUES ('3223a05b-a3a0-4c75-abe9-b247d05e0d16','CLAUSE',NULL,NULL,NULL,NULL);
INSERT INTO DECISION VALUES ('325e1b42-f983-40bd-9b77-2926856bae72','CLAUSE','f8618a27-1b8c-4f4c-b868-1528fe1b17fc','0','8a4d92b23512a40201355e7795d92378',NULL);
INSERT INTO DECISION VALUES ('327fc53b-9c35-4ca5-923e-51bb34d23c00','CLAUSE',NULL,NULL,NULL,NULL);
INSERT INTO DECISION VALUES ('3463054b-2d91-41b2-a569-d2a7633b0ad7','CLAUSE',NULL,NULL,NULL,NULL);
INSERT INTO DECISION VALUES ('348a6edb-3212-4988-a1cb-d1c903ba2ac6','CLAUSE',NULL,NULL,NULL,NULL);
INSERT INTO DECISION VALUES ('385c060b-94e0-4226-a69b-03ce144e88ba','CLAUSE',NULL,NULL,NULL,NULL);
INSERT INTO DECISION VALUES ('2fe3b1d0-119a-46f1-83ae-f3ce5124eb78','AND','3463054b-2d91-41b2-a569-d2a7633b0ad7','0',NULL,NULL);
INSERT INTO DECISION VALUES ('3f475f5b-994c-4be9-9c5c-21f2f64e18f9','CLAUSE',NULL,NULL,NULL,NULL);
INSERT INTO DECISION VALUES ('4030927e-27ba-44b6-bcf4-1e0ba651b9e2','CLAUSE',NULL,NULL,NULL,NULL);
INSERT INTO DECISION VALUES ('4a4609b1-b83a-4784-b1f9-c5a3393cac1a','CLAUSE',NULL,NULL,NULL,NULL);
INSERT INTO DECISION VALUES ('4f5ed5de-4c3a-477b-bb49-1660113d6334','DURING','348a6edb-3212-4988-a1cb-d1c903ba2ac6','0',NULL,NULL);
INSERT INTO DECISION VALUES ('4fe41da8-e347-4d31-abce-6283918c86d5','AND','1f7a10b0-c779-4a65-9bb2-d4fb0a6bcf6e','0',NULL,NULL);
INSERT INTO DECISION VALUES ('55977def-8cbd-4015-b785-d09fbe80ba26','AND','4a4609b1-b83a-4784-b1f9-c5a3393cac1a','0',NULL,NULL);
INSERT INTO DECISION VALUES ('59403b6d-16a8-461b-a458-74c92e4e7a81','CLAUSE',NULL,NULL,NULL,NULL);
INSERT INTO DECISION VALUES ('5b73994a-4369-4c06-871a-f5c1944fbff6','CLAUSE',NULL,NULL,NULL,NULL);
INSERT INTO DECISION VALUES ('5eaa50b6-3df3-40df-9919-732fda9ad016','CLAUSE',NULL,NULL,NULL,NULL);
INSERT INTO DECISION VALUES ('61411220-f41b-4339-9112-5c0b100f9b62','CLAUSE',NULL,NULL,NULL,NULL);
INSERT INTO DECISION VALUES ('6518f0ad-2555-417c-b69b-9478f34c1dd3','CLAUSE',NULL,NULL,NULL,NULL);
INSERT INTO DECISION VALUES ('6873c667-b834-4a39-8772-f32eaaaa183f','DURING','3f475f5b-994c-4be9-9c5c-21f2f64e18f9','0',NULL,NULL);
INSERT INTO DECISION VALUES ('68c495bf-1a84-48f3-bab4-1e9cce15c83d','DURING','2d18d625-b9e2-4e5d-aafe-ed4c89b7454e','0',NULL,NULL);
INSERT INTO DECISION VALUES ('6b942320-18ed-4b8d-a89f-7fe9fe88b0e2','CLAUSE',NULL,NULL,NULL,NULL);
INSERT INTO DECISION VALUES ('6e05a818-dd2d-4ec4-b197-15269a5d4afc','AND','59403b6d-16a8-461b-a458-74c92e4e7a81','0',NULL,NULL);
INSERT INTO DECISION VALUES ('70f35cf1-483a-4e7b-a28c-0df4d51bbab6','CLAUSE',NULL,NULL,NULL,NULL);
INSERT INTO DECISION VALUES ('7157f0c6-dbb1-44a9-a3f4-fe053285206e','AND','327fc53b-9c35-4ca5-923e-51bb34d23c00','0',NULL,NULL);
INSERT INTO DECISION VALUES ('7614e3e7-9208-4130-a3be-bfc86df049a9','CLAUSE',NULL,NULL,NULL,NULL);
INSERT INTO DECISION VALUES ('78997547-b89e-40f5-b8d4-3f19fdc7756e','CLAUSE',NULL,NULL,NULL,NULL);
INSERT INTO DECISION VALUES ('7db2a828-2299-4617-aee3-1cb1275f6b40','CLAUSE',NULL,NULL,NULL,NULL);
INSERT INTO DECISION VALUES ('7dd7c0b7-c7cd-4aad-811a-f7d1bd0dd476','CLAUSE',NULL,NULL,NULL,NULL);
INSERT INTO DECISION VALUES ('7fb30044-afcc-4905-8c38-9d2a19715ef4','CLAUSE',NULL,NULL,NULL,NULL);
INSERT INTO DECISION VALUES ('81d2ad28-ccfd-4f48-a3a4-6f70322aa0e5','CLAUSE',NULL,NULL,NULL,NULL);
INSERT INTO DECISION VALUES ('85a32b59-9db8-402a-a8e9-dbeaabd83ae9','CLAUSE',NULL,NULL,NULL,NULL);
INSERT INTO DECISION VALUES ('87d725cb-308b-4907-a673-8024cb001660','AND','61411220-f41b-4339-9112-5c0b100f9b62','0',NULL,NULL);
INSERT INTO DECISION VALUES ('8ae1568f-6445-4709-a7f5-7de38d1b6d8b','QDSTERM','15911a99-1386-4c7d-adc9-07c1e5e7aa95','1',NULL,NULL);
INSERT INTO DECISION VALUES ('8b293418-cce5-40a8-8a72-6551ceef900b','CLAUSE',NULL,NULL,NULL,NULL);
INSERT INTO DECISION VALUES ('8e8b5a34-abe9-4410-9976-216093a9f879','DURING','385c060b-94e0-4226-a69b-03ce144e88ba','0',NULL,NULL);
INSERT INTO DECISION VALUES ('91643d4b-d317-4610-924a-a88ac4c0f0db','CLAUSE',NULL,NULL,NULL,NULL);
INSERT INTO DECISION VALUES ('95c6b718-6528-4d8b-981d-d9c808a92f75','DURING','2ef0c1b1-3e1d-4bff-8202-b2a96e0e15fc','0',NULL,NULL);
INSERT INTO DECISION VALUES ('966a87ca-236b-48d6-8609-7a249904a3bb','DURING','5b73994a-4369-4c06-871a-f5c1944fbff6','0',NULL,NULL);
INSERT INTO DECISION VALUES ('99bda40d-7ab2-4cd1-aae7-da04d4915e94','CLAUSE',NULL,NULL,NULL,NULL);
INSERT INTO DECISION VALUES ('9cdc2d4c-e8ae-4bb4-90f9-a214b9022f04','CLAUSE',NULL,NULL,NULL,NULL);
INSERT INTO DECISION VALUES ('9e4bd046-0c26-4503-997e-46b0ecb7d657','QDSTERM','78997547-b89e-40f5-b8d4-3f19fdc7756e','0',NULL,NULL);
INSERT INTO DECISION VALUES ('9eee5a98-91e7-46ba-8a32-1210b1ead7b7','CLAUSE',NULL,NULL,NULL,NULL);
INSERT INTO DECISION VALUES ('a40937f0-3ae5-4cdc-8f9a-d67a73003e2a','CLAUSE',NULL,NULL,NULL,NULL);
INSERT INTO DECISION VALUES ('a5694aff-4e7f-4025-8f25-9d17f6b69317','QDSTERM','15911a99-1386-4c7d-adc9-07c1e5e7aa95','0',NULL,NULL);
INSERT INTO DECISION VALUES ('a665ade8-f500-48e2-a35e-df94b00ff9ae','CLAUSE',NULL,NULL,NULL,NULL);
INSERT INTO DECISION VALUES ('a6774184-c604-4ac0-91b3-0c97f18f3a94','CLAUSE',NULL,NULL,NULL,NULL);
INSERT INTO DECISION VALUES ('a9186782-a416-4883-ba66-6247c6ff9fc1','CLAUSE',NULL,NULL,NULL,NULL);
INSERT INTO DECISION VALUES ('a9e091b9-7866-4ee4-9c24-437410158075','CLAUSE',NULL,NULL,NULL,NULL);
INSERT INTO DECISION VALUES ('a9eaa8c8-dc04-4cec-9851-dae02bd1b0d3','CLAUSE',NULL,NULL,NULL,NULL);
INSERT INTO DECISION VALUES ('a9fc6521-94ad-48cf-a8e1-44eb4358f38e','CLAUSE',NULL,NULL,NULL,NULL);
INSERT INTO DECISION VALUES ('acaa2c5c-7278-48b4-bd49-15131671f30a','CLAUSE',NULL,NULL,NULL,NULL);
INSERT INTO DECISION VALUES ('af11d4a8-cab2-4a61-b22d-8b9c64c1becd','CLAUSE',NULL,NULL,NULL,NULL);
INSERT INTO DECISION VALUES ('b15248b7-64c5-454b-8ee6-3ff37ff13cef','AND','4030927e-27ba-44b6-bcf4-1e0ba651b9e2','0',NULL,NULL);
INSERT INTO DECISION VALUES ('b1779e6d-19fc-4808-825a-3ab33749d45e','QDSTERM','097179c8-9667-4bbf-b40a-d6948a61441a','0',NULL,NULL);
INSERT INTO DECISION VALUES ('b195374b-baf2-4f75-847d-a53bf38549e3','CLAUSE',NULL,NULL,NULL,NULL);
INSERT INTO DECISION VALUES ('b2780af0-ade6-4b97-9815-c314a5a85ae4','QDSTERM','95c6b718-6528-4d8b-981d-d9c808a92f75','0',NULL,NULL);

INSERT INTO DECISION VALUES ('5f13bf99-925b-4679-9503-995fc0ecde05','CLAUSE',NULL,NULL,NULL,NULL);
INSERT INTO DECISION VALUES ('b39a44f5-a557-4031-a6e0-fb2b85417b7e','DURING','5f13bf99-925b-4679-9503-995fc0ecde05','0',NULL,NULL);

INSERT INTO DECISION VALUES ('b52471ba-df89-4759-9f31-6f19d6d4e298','A_EQUAL_TO','9e4bd046-0c26-4503-997e-46b0ecb7d657','0',NULL,NULL);
INSERT INTO DECISION VALUES ('b819e8da-8116-4718-8dd4-b471f3be4a41','DURING','a6774184-c604-4ac0-91b3-0c97f18f3a94','0',NULL,NULL);
INSERT INTO DECISION VALUES ('b8711a2b-7efb-47d9-a5a8-a6727aaa4fdf','CLAUSE',NULL,NULL,NULL,NULL);

INSERT INTO DECISION VALUES ('9a4171cc-5749-456b-9fa5-33fc400262e0','CLAUSE',NULL,NULL,NULL,NULL);
INSERT INTO DECISION VALUES ('bc1d6457-eb15-4223-98ba-6a393ef81ad3','AND','9a4171cc-5749-456b-9fa5-33fc400262e0','0',NULL,NULL);

INSERT INTO DECISION VALUES ('bc8705c0-fa4d-4816-9866-5562d9a61efa','CLAUSE','7f9855de-83ed-469d-b00e-d80575792c43','1','8a4d92b2356da09e01359c77f7090303',NULL);
INSERT INTO DECISION VALUES ('bd691668-aae4-45da-9d26-3f91f0d77aa9','QDSTERM','8e8b5a34-abe9-4410-9976-216093a9f879','0',NULL,NULL);
INSERT INTO DECISION VALUES ('bdcb0363-22fc-4b6c-aa27-59b459334ea3','CLAUSE',NULL,NULL,NULL,NULL);
INSERT INTO DECISION VALUES ('bf0eb3c6-83c8-4a5f-adfa-4604c3f014cf','DURING','af11d4a8-cab2-4a61-b22d-8b9c64c1becd','0',NULL,NULL);
INSERT INTO DECISION VALUES ('c11dd0b8-b64c-42e8-b9a7-39d91ffa3cf0','AND','a665ade8-f500-48e2-a35e-df94b00ff9ae','0',NULL,NULL);
INSERT INTO DECISION VALUES ('c20bb61a-a517-4da3-bec0-0800558ccbf4','CLAUSE',NULL,NULL,NULL,NULL);
INSERT INTO DECISION VALUES ('ca13be60-56f9-4dfe-90a0-302a7d50175e','AND','272d71e1-6e6b-4010-821a-e3b20a2301d5','0',NULL,NULL);
INSERT INTO DECISION VALUES ('cdf6326a-7001-482a-bac1-65296c097288','CLAUSE',NULL,NULL,NULL,NULL);
INSERT INTO DECISION VALUES ('cf485c5b-5622-4841-af4c-1661ecf7f530','OR','106caac7-519d-4fad-be49-6a4ad2152df1','0',NULL,NULL);
INSERT INTO DECISION VALUES ('d0d81feb-21fc-4300-b10a-317aea1d9c86','AND','a40937f0-3ae5-4cdc-8f9a-d67a73003e2a','0',NULL,NULL);
INSERT INTO DECISION VALUES ('d1b5abd4-a122-4610-a722-2c0822f40abd','CLAUSE',NULL,NULL,NULL,NULL);
INSERT INTO DECISION VALUES ('d25ea998-95fc-4f93-9aa6-108402320097','CLAUSE','7f9855de-83ed-469d-b00e-d80575792c43','0','8a4d92b2356da09e01359c77954502ff',NULL);
INSERT INTO DECISION VALUES ('d48137db-5766-4bd9-9e0c-6e1970fa362a','QDSTERM','68c495bf-1a84-48f3-bab4-1e9cce15c83d','0',NULL,NULL);
INSERT INTO DECISION VALUES ('d5cc736f-5daf-44fb-9ae7-da7aedcd3d83','DURING','99bda40d-7ab2-4cd1-aae7-da04d4915e94','0',NULL,NULL);
INSERT INTO DECISION VALUES ('d84d606a-d9c6-4158-80a1-55ef4d9fa0c3','QDSTERM','8e8b5a34-abe9-4410-9976-216093a9f879','1',NULL,NULL);
INSERT INTO DECISION VALUES ('d8a56930-5c6f-4906-a747-4cca5015695c','AND','a9e091b9-7866-4ee4-9c24-437410158075','0',NULL,NULL);
INSERT INTO DECISION VALUES ('d8d9a6a9-26ef-4e3e-9ced-d794ae6d6ec4','AND','03cae783-f2f5-4811-ad89-47fd16311906','0',NULL,NULL);
INSERT INTO DECISION VALUES ('d9d5ac51-65f5-4eb0-90ff-1dfa3de5af61','QDSTERM','95c6b718-6528-4d8b-981d-d9c808a92f75','1',NULL,NULL);
INSERT INTO DECISION VALUES ('da1033ac-9a01-4068-ac12-ddc9586ac0c9','CLAUSE','7cf7c662-ac19-446b-ae8c-c8846d705aa7','1','8a4d92b23512a40201355f3a429d26df',NULL);
INSERT INTO DECISION VALUES ('da228e65-0293-4e31-b4aa-655a994fb1d7','QDSTERM','6873c667-b834-4a39-8772-f32eaaaa183f','1',NULL,NULL);
INSERT INTO DECISION VALUES ('dbcb9cb5-3cde-4dad-8b28-c6029ad5378d','CLAUSE',NULL,NULL,NULL,NULL);
INSERT INTO DECISION VALUES ('ddd2250e-19ad-4ba4-8247-bce8c3101e1e','CLAUSE',NULL,NULL,NULL,NULL);
INSERT INTO DECISION VALUES ('df8251c9-ba45-4228-ab94-2649bfda2c0c','DURING','5eaa50b6-3df3-40df-9919-732fda9ad016','0',NULL,NULL);
INSERT INTO DECISION VALUES ('e1680d7b-d042-4a65-932f-5431f629cece','DURING','0dbf723a-58d7-4985-93e9-65a8994bf332','0',NULL,NULL);
INSERT INTO DECISION VALUES ('e17d0609-2197-4027-8e76-d1a3d2192e24','CLAUSE',NULL,NULL,NULL,NULL);
INSERT INTO DECISION VALUES ('e40cf75a-949f-4d65-84b8-5adb7ed1400c','QDSTERM','55977def-8cbd-4015-b785-d09fbe80ba26','1',NULL,NULL);
INSERT INTO DECISION VALUES ('e44b4c61-99ce-4ed2-9793-774dfa52ce97','AND','a9186782-a416-4883-ba66-6247c6ff9fc1','0',NULL,NULL);
INSERT INTO DECISION VALUES ('e72b6b45-02f9-4cdd-b79b-d30a29e5be13','AND','1c388d1b-b800-49ad-b5c7-75b191e56a2f','0',NULL,NULL);
INSERT INTO DECISION VALUES ('e88784ef-339f-4b8a-a613-6d63141c32ba','QDSATTRIBUTE','b52471ba-df89-4759-9f31-6f19d6d4e298','0',NULL,'211');
INSERT INTO DECISION VALUES ('e8e931df-162a-48d0-a017-f6a879229054','CLAUSE',NULL,NULL,NULL,NULL);
INSERT INTO DECISION VALUES ('ea185e29-bda1-4732-9614-3b3b2e1f97ba','QDSTERM','6873c667-b834-4a39-8772-f32eaaaa183f','0',NULL,NULL);
INSERT INTO DECISION VALUES ('eaf00012-64da-4d44-acf2-0530afaef7f9','CLAUSE',NULL,NULL,NULL,NULL);
INSERT INTO DECISION VALUES ('eaf538c8-b296-44c7-b8df-977002e5606e','QDSTERM','df8251c9-ba45-4228-ab94-2649bfda2c0c','1',NULL,NULL);
INSERT INTO DECISION VALUES ('ec5d122a-c37e-49fd-84ca-efbd4d83e484','AND','25941bd6-3b96-4957-852f-40b21741dbb3','0',NULL,NULL);
INSERT INTO DECISION VALUES ('eec1b151-c948-44c1-8788-2f0f45cf6d4c','CLAUSE','85dcb0ec-2343-4f52-a663-6230341c7131','0','8a4d92b23512a4020135602ac8e22845',NULL);
INSERT INTO DECISION VALUES ('efa5aa8e-1774-4e3d-916e-457a4d532020','CLAUSE',NULL,NULL,NULL,NULL);
INSERT INTO DECISION VALUES ('f0a10ea7-f14d-4592-ac1b-5cf7b84be602','CLAUSE',NULL,NULL,NULL,NULL);
INSERT INTO DECISION VALUES ('f0b59b05-f5c0-41aa-aaae-155eb9b6f857','CLAUSE',NULL,NULL,NULL,NULL);
INSERT INTO DECISION VALUES ('f18fbe4e-c8b4-4749-996f-ccca403dae26','CLAUSE',NULL,NULL,NULL,NULL);
INSERT INTO DECISION VALUES ('f278b2b4-6198-4f2b-b58c-222d440a5efc','CLAUSE',NULL,NULL,NULL,NULL);
INSERT INTO DECISION VALUES ('f34b0e49-8bc0-41a6-bdf7-1550d814d365','AND','6b942320-18ed-4b8d-a89f-7fe9fe88b0e2','0',NULL,NULL);
INSERT INTO DECISION VALUES ('f3840f6d-3519-4bf3-a1aa-2e950b933489','CLAUSE',NULL,NULL,NULL,NULL);
INSERT INTO DECISION VALUES ('f64bd7c7-5bdf-471e-aace-5b843daf425a','SAS','7db2a828-2299-4617-aee3-1cb1275f6b40','0',NULL,NULL);
INSERT INTO DECISION VALUES ('f6971cbf-3deb-46b7-9344-ef25af0c43c6','CLAUSE',NULL,NULL,NULL,NULL);

INSERT INTO DECISION VALUES ('fa9cf943-dfc2-449a-8e50-3adc996a9480','DURING','cdf6326a-7001-482a-bac1-65296c097288','0',NULL,NULL);
INSERT INTO DECISION VALUES ('c7a79df8-3940-415e-83ac-68738cd0a940','QDSTERM','fa9cf943-dfc2-449a-8e50-3adc996a9480','0',NULL,NULL);

INSERT INTO QDM_TERM VALUES ('0cc9711c-3578-4beb-b829-ba9c7b7ec4bb','8a4d928134ddf5850134edc876d634cb','da228e65-0293-4e31-b4aa-655a994fb1d7');
INSERT INTO QDM_TERM VALUES ('0edfbc78-f5a9-4929-b4f6-8b13951101ca','8a4d92b23512a4020135358e644b35ac','45661610-ce2e-4e0e-8acf-fff3620e6146');
INSERT INTO QDM_TERM VALUES ('0fc17e18-c0c2-4714-9ff0-c863e9ffda09','8a4d92b234eed9d70134f24d69690e74','eaf538c8-b296-44c7-b8df-977002e5606e');
INSERT INTO QDM_TERM VALUES ('10672e1c-81d2-4561-bb17-e6129b17934b','8a4d92b23512a402013534f1bcab338f','5a040240-d0b1-48ab-b159-249f30dfd9bf');
INSERT INTO QDM_TERM VALUES ('1439be7b-f35b-4ed3-8d6a-312a9b6ab828','8a4d92b23512a402013535075ff633c6','570e886f-d143-47b1-8db9-a7096ad7b076');
INSERT INTO QDM_TERM VALUES ('14b95c7a-7aee-4fb6-8fb7-1808caa34e76','8a4d928134ddf5850134e7e33d9513cb','d84d606a-d9c6-4158-80a1-55ef4d9fa0c3');
INSERT INTO QDM_TERM VALUES ('165bed45-77a4-4f69-a152-a55a09d69e4d','8a4d92b2356da09e0135afaa1a1265d5','947e358e-a08d-4210-94fd-eccfd92798ba');
INSERT INTO QDM_TERM VALUES ('1c0fb7ac-bb80-4c36-a0c1-69b2fcded531','8a4d92b23512a4020135365e661839ca','7750d640-cb15-47db-b261-f64174471072');
INSERT INTO QDM_TERM VALUES ('200e823f-5409-4733-94f3-5f0913499129','8a4d92b23512a4020135358e644b35ac','f0c3151e-30f1-48bd-a3c4-5cc38b4c91d9');
INSERT INTO QDM_TERM VALUES ('30209137-8fe9-4c73-b391-0b86cdf0329b','8a4d92b23512a402013535943f4135df','36be50ad-30c6-4fcf-ad80-aa5d52957dcf');
INSERT INTO QDM_TERM VALUES ('30b4c3d4-5298-425d-94c7-21e065570662','8a4d928134ddf5850134e7aa23401063','2245db0a-f2b4-4ff7-bdab-3d8db0690225');
INSERT INTO QDM_TERM VALUES ('30da7ec4-17a9-4896-971a-3723c6391f1f','8a4d928134d53c3c0134d911c2b43162','c163bf9b-4c10-42df-9b01-8b62168ce408');
INSERT INTO QDM_TERM VALUES ('3177fc17-0461-4c2c-b273-1de17f1b05f8','8a4d92b23512a4020135473513c367c3','ea185e29-bda1-4732-9614-3b3b2e1f97ba');
INSERT INTO QDM_TERM VALUES ('34daa9bb-04c8-4624-9984-a29200a61a3a','8a4d928134d53c3c0134d914bb66317e','debca3e7-5a89-44dd-aaed-32e23dbefd79');
INSERT INTO QDM_TERM VALUES ('34e19f13-59ec-4e5b-8ab2-7bc150059a80','8a4d92b2356da09e0135afa8197a65cf','cc38a849-e708-4d44-a6b7-473f38271494');
INSERT INTO QDM_TERM VALUES ('34ee9c97-4f7d-4125-b049-12fdadeda17f','8a4d92b23512a4020135473339f367bd','f72643a1-6a57-4162-a68a-017b7eb54516');
INSERT INTO QDM_TERM VALUES ('35b597c1-6ca9-42bd-90f0-4b8a7de6dcaa','8a4d92b23512a40201354738159567c8','14d0ad99-d743-4e0a-bc08-ccf965f8d1de');
INSERT INTO QDM_TERM VALUES ('4186a4f0-fdf3-4c9d-8a16-50c0a32b80e3','8a4d92b23512a4020135358e644b35ac','2ff87522-c041-4e50-a8cf-4410005683f1');
INSERT INTO QDM_TERM VALUES ('422705ec-db72-47a6-a282-c35be79e9827','8a4d928134d53c3c0134d912098d3165','1e05195e-612d-4a9c-9f9a-ea8df27ea801');
INSERT INTO QDM_TERM VALUES ('432b8fb6-8f0e-4f21-a8c2-17b223b4684e','8a4d928134d53c3c0134d9b15a4d33ac','9f2d8173-b803-4074-847d-dd6343e49179');
INSERT INTO QDM_TERM VALUES ('441477cb-7a50-44e0-b4f2-4b75aed9b323','8a4d92b23512a40201354b4595496a49','c79d2423-9ba5-4068-81f9-f7f52c4e89e3');
INSERT INTO QDM_TERM VALUES ('47d5bdc1-6f45-4154-b212-82fabbb98f57','8a4d92b23512a40201356967b9e74c91','3bbd7902-6113-4e5b-916d-ad87fa3c4278');
INSERT INTO QDM_TERM VALUES ('4be35a68-9229-41ce-8061-d6e36c5b7a10','8a4d92b23512a402013564ae1eb5387a','bb959483-3d65-4d43-b711-f296c2ffe09c');
INSERT INTO QDM_TERM VALUES ('4c0b8917-bd97-4b94-bc6e-2379affa2df3','8a4d92b23512a4020135647bfc153501','c1ea5bd3-1f36-4aaf-baa6-0569f0938743');
INSERT INTO QDM_TERM VALUES ('4ce24bb7-3aa7-4db6-8da3-864093660983','8a4d928134d53c3c0134d983974632f0','0e6d2aa2-3b0f-4a78-9eab-571af7c17eab');
INSERT INTO QDM_TERM VALUES ('4fc7d111-2c3a-4b48-83ec-73da5b46333b','8a4d92b23512a4020135358e644b35ac','6111f2a5-15b6-48d4-b1ea-394bfecff780');
INSERT INTO QDM_TERM VALUES ('5705feac-70d6-45a0-ac4d-386c9208e8db','8a4d92b23512a402013564ae1eb5387a','0f4cd5b4-6eba-464d-9a7a-dd6acd32fd21');
INSERT INTO QDM_TERM VALUES ('57a2bd59-d8d8-451f-9915-230f9aaed577','8a4d92b2356da09e0135afa8197a65cf','0740bcbf-c63c-4677-bfd6-baad9cf46c6d');
INSERT INTO QDM_TERM VALUES ('5a10e902-0410-4697-91b2-358033938bc6','8a4d92b2356da09e0135afb904c56626','7aaa24be-5753-4c47-92ad-8b6c9a893344');
INSERT INTO QDM_TERM VALUES ('5affdd17-4a9a-4acd-939c-482471065051','8a4d928134d53c3c0134d9a69c783382','c7a79df8-3940-415e-83ac-68738cd0a940');
INSERT INTO QDM_TERM VALUES ('5d973b55-6f41-4420-88e9-afc817cc0c29','8a4d92b2356da09e0135b08a1a6e7045','eb79b989-cf81-490a-b695-6b590abdf4d2');
INSERT INTO QDM_TERM VALUES ('5dbe9dd3-4fa8-4a12-a3dd-3109b06c6f93','8a4d92b23512a40201356999ce584d70','73580043-ba3a-44c0-a663-93ea04856e15');
INSERT INTO QDM_TERM VALUES ('63082b24-4587-4e26-8150-fd3f9410ac32','8a4d928134d53c3c0134d9b15a4d33ac','c9076799-a9c1-4f6d-b8a6-127733092e22');
INSERT INTO QDM_TERM VALUES ('6424547b-e1fa-480c-8d6a-19460c3c9452','8a4d928134d53c3c0134d912098d3165','dc751e37-6a5e-40ee-a201-c0ef276c5d79');
INSERT INTO QDM_TERM VALUES ('64e4da9d-0a04-4863-baac-a05c57753b31','8a4d928134ddf5850134e7c481271254','b2780af0-ade6-4b97-9815-c314a5a85ae4');
INSERT INTO QDM_TERM VALUES ('6da44c98-4901-40fc-9349-ba595d176dee','8a4d92b23512a4020135358e644b35ac','9e4bd046-0c26-4503-997e-46b0ecb7d657');
INSERT INTO QDM_TERM VALUES ('8074603d-ab02-4b3e-85bf-ca6f74ff2266','8a4d928134ddf5850134edc876d634cb','b87f1030-df3f-4138-b4be-3da0f29d9f2a');
INSERT INTO QDM_TERM VALUES ('80d3da26-95b5-4ded-bfe2-0f476689786a','8a4d92b23512a4020135358e644b35ac','3f2fb84a-6d20-43be-89c0-79b3923af0b1');
INSERT INTO QDM_TERM VALUES ('82bd867e-ab9e-4e07-8106-09cbab916039','8a4d92b23512a4020135358e644b35ac','3b1fa0df-f079-4142-b122-aeaa4ffa53ac');
INSERT INTO QDM_TERM VALUES ('8cf22fdf-2883-4198-9001-45544ad3ea06','8a4d92b2356da09e0135b08a3a337047','8273de5c-95c0-4068-813b-251d1ca80515');
INSERT INTO QDM_TERM VALUES ('9215eec9-f362-4702-be79-006bc70d2c78','8a4d92b23512a4020135358f7e4b35ae','c8c9d5da-af0b-4540-b9e1-13def7b216d6');
INSERT INTO QDM_TERM VALUES ('9bd9c6d8-53b1-4261-a153-7bb9830d6e27','8a4d92b234eed9d70134f250ae7a0ea5','2d22d8ba-1e68-49a2-bea2-15c7ea27e656');
INSERT INTO QDM_TERM VALUES ('9beff14d-4cd6-4f9e-a49c-414f1e86f865','8a4d92b2356da09e0135afb8ceda6624','0ecdc28e-6fee-42ae-a875-a820944e970e');
INSERT INTO QDM_TERM VALUES ('a1d9743c-557b-415c-82b7-6450784f1cd9','8a4d92b23512a40201354734394067bf','24d0e592-e399-4ba8-a88e-f5dac94a8977');
INSERT INTO QDM_TERM VALUES ('a1da7910-5cb5-4f20-b1de-017d2b1fca82','8a4d92b2356da09e0135afa8197a65cf','4238dc49-1078-4d52-8122-0d29022237fb');
INSERT INTO QDM_TERM VALUES ('a3292b36-3142-4ccc-97b7-2a2ba1f9c0f4','8a4d92b234eed9d70134f25041e50ea1','a5694aff-4e7f-4025-8f25-9d17f6b69317');
INSERT INTO QDM_TERM VALUES ('a6255854-0881-4378-b859-00b8bdf5e4be','8a4d92b23512a4020135358e644b35ac','a45b8f69-9b77-4d1d-bcf4-35c46ce3eab8');
INSERT INTO QDM_TERM VALUES ('a83fb8d9-a023-478a-bb4f-aa99a71334ac','8a4d928134ddf5850134e7bfaac011bc','b1779e6d-19fc-4808-825a-3ab33749d45e');
INSERT INTO QDM_TERM VALUES ('aa91b5b6-5934-4b56-a528-23185604683a','8a4d92b2356da09e0135afa654e765cd','887fcff0-6392-4eb0-a92e-4326e474aee8');
INSERT INTO QDM_TERM VALUES ('ab2f7fda-0d0e-46c9-82b5-b1d6b0f4b595','8a4d92b2356da09e0135afaa645c65d7','dec2933e-60f4-410d-a466-1a46bd14446b');
INSERT INTO QDM_TERM VALUES ('b0c87e0c-b3e7-4e76-a86e-f3a278ef4c1c','8a4d92b23512a4020135358e644b35ac','780035d8-2236-4db9-b8a6-b3cdd74a140b');
INSERT INTO QDM_TERM VALUES ('c30ba8ee-faff-4c45-bd59-eb105a6904ba','8a4d928134ddf5850134e76dc9960c23','872b2246-8632-4b3d-84b4-7250fcedbf09');
INSERT INTO QDM_TERM VALUES ('cf35f957-bdd7-451d-b2fc-f9af3a2916fb','8a4d92b23512a4020135358e644b35ac','554cf246-152a-423b-acbd-2a3f17379289');
INSERT INTO QDM_TERM VALUES ('d0b3e709-1e39-42e8-aeae-c4889e00d750','8a4d92b23512a402013534bbc5873215','b3adeffc-a86c-4db0-ae28-5a5f08ccbef3');
INSERT INTO QDM_TERM VALUES ('d8e5254e-0fd9-4689-af86-7daa637b8e1d','8a4d92b23512a4020135358e644b35ac','e291e263-8d0d-4e47-a135-2265b38c5e07');
INSERT INTO QDM_TERM VALUES ('dc3bfda1-e8b0-4b41-b0cb-70b8dc5109e5','8a4d928134ddf5850134ecec4e782d0f','d48137db-5766-4bd9-9e0c-6e1970fa362a');
INSERT INTO QDM_TERM VALUES ('dda8d3d8-4af9-4649-a66b-2abf8edf3447','8a4d928134ddf5850134ed45224831a6','06dedccb-7231-4eda-94c1-718f5130d0f7');
INSERT INTO QDM_TERM VALUES ('debee510-ec27-406f-8d95-28901044bd37','8a4d92b23512a4020135358e644b35ac','bd691668-aae4-45da-9d26-3f91f0d77aa9');
INSERT INTO QDM_TERM VALUES ('e0288b9c-5dd5-45b0-922d-65ed880fc6b6','8a4d928134d53c3c0134d9119cc83160','5082c774-bc47-4856-b955-b2aecffcd29a');
INSERT INTO QDM_TERM VALUES ('e11b7304-f3cb-42cc-801d-b7a764fdff57','8a4d928134ddf5850134e7e33d9513cb','1b37c7c9-9a05-4b16-8533-94a18ae48a38');
INSERT INTO QDM_TERM VALUES ('e33e4b28-5c3c-47d1-ab74-bc646d5a0896','8a4d928134ddf5850134ecec23ee2d0d','0f42f2f8-5704-4711-bfd4-0f7f2c23413e');
INSERT INTO QDM_TERM VALUES ('e4ef9b60-2fb9-47c2-b212-062221a34b49','8a4d92b2356da09e0135afb2b6f365dd','e40cf75a-949f-4d65-84b8-5adb7ed1400c');
INSERT INTO QDM_TERM VALUES ('e6f04a84-1649-4d85-a580-63678943e958','8a4d92b23512a4020135358e644b35ac','55334653-b4e6-49a2-b209-4594ebcd173a');
INSERT INTO QDM_TERM VALUES ('ebadb797-59c0-446d-8e55-11ccf9f729c0','8a4d928134ddf5850134ecec23ee2d0d','b252feee-765c-4a0d-8fe0-a280a8da193f');
INSERT INTO QDM_TERM VALUES ('edc122ca-fa14-41ce-a965-7a7c540ca78d','8a4d92b23512a4020135699c85514d75','9a7af9da-a331-4a6d-a856-11800f022748');
INSERT INTO QDM_TERM VALUES ('ee4c0709-1e08-4c1d-97af-c89bc99f7233','8a4d92b23512a402013534f1bcab338f','56f28268-b5d5-4354-839e-d482e1874a64');
INSERT INTO QDM_TERM VALUES ('f1bcda6f-c14e-4a25-8d27-7f41ca3e566f','8a4d92b23512a4020135358e644b35ac','a6aad6d3-a438-4ea3-9e28-dbcbf377044e');
INSERT INTO QDM_TERM VALUES ('f5be642e-e9a7-4d66-9080-9ddd77cc3810','8a4d928134ddf5850134ed441b86319a','3156227e-c9f3-4693-948a-88ae295abfbf');
INSERT INTO QDM_TERM VALUES ('ffa74b43-2637-4496-aca5-cc688195fffb','8a4d92b234eed9d70134f25077920ea3','8ae1568f-6445-4709-a7f5-7de38d1b6d8b');
INSERT INTO QDM_TERM VALUES ('ffbcd76c-da82-45fb-baf2-afbcfa535a33','8a4d92b23512a4020135358e644b35ac','0f3380de-4e52-4643-9f18-fe8604e5dc48');