-- MySQL dump 10.13  Distrib 5.1.51, for Win32 (ia32)
--
-- Host: localhost    Database: mat_app
-- ------------------------------------------------------
-- Server version	5.1.51-community

/*!40101 SET @OLD_CHARACTER_SET_CLIENT=@@CHARACTER_SET_CLIENT */;
/*!40101 SET @OLD_CHARACTER_SET_RESULTS=@@CHARACTER_SET_RESULTS */;
/*!40101 SET @OLD_COLLATION_CONNECTION=@@COLLATION_CONNECTION */;
/*!40101 SET NAMES utf8 */;
/*!40103 SET @OLD_TIME_ZONE=@@TIME_ZONE */;
/*!40103 SET TIME_ZONE='+00:00' */;
/*!40014 SET @OLD_UNIQUE_CHECKS=@@UNIQUE_CHECKS, UNIQUE_CHECKS=0 */;
/*!40014 SET @OLD_FOREIGN_KEY_CHECKS=@@FOREIGN_KEY_CHECKS, FOREIGN_KEY_CHECKS=0 */;
/*!40101 SET @OLD_SQL_MODE=@@SQL_MODE, SQL_MODE='NO_AUTO_VALUE_ON_ZERO' */;
/*!40111 SET @OLD_SQL_NOTES=@@SQL_NOTES, SQL_NOTES=0 */;

--
-- Table structure for table `audit_log`
--

DROP TABLE IF EXISTS `audit_log`;
/*!40101 SET @saved_cs_client     = @@character_set_client */;
/*!40101 SET character_set_client = utf8 */;
CREATE TABLE `audit_log` (
  `AUDIT_LOG_ID` varchar(32) NOT NULL,
  `CREATE_DATE` timestamp NOT NULL DEFAULT CURRENT_TIMESTAMP ON UPDATE CURRENT_TIMESTAMP,
  `CREATE_USER` varchar(40) NOT NULL,
  `UPDATE_DATE` timestamp NULL DEFAULT NULL,
  `UPDATE_USER` varchar(40) DEFAULT NULL,
  `ACTIVITY_TYPE` varchar(32) DEFAULT NULL,
  `MEASURE_ID` varchar(32) DEFAULT NULL,
  `LIST_OBJECT_ID` varchar(32) DEFAULT NULL,
  `CLAUSE_ID` varchar(32) DEFAULT NULL,
  `QDS_ID` varchar(32) DEFAULT NULL,
  PRIMARY KEY (`AUDIT_LOG_ID`)
) ENGINE=InnoDB DEFAULT CHARSET=latin1;
/*!40101 SET character_set_client = @saved_cs_client */;

--
-- Dumping data for table `audit_log`
--

LOCK TABLES `audit_log` WRITE;
/*!40000 ALTER TABLE `audit_log` DISABLE KEYS */;
INSERT INTO `audit_log` VALUES ('1','2010-10-28 20:08:27','Admin',NULL,NULL,NULL,NULL,NULL,NULL,NULL),('8ae44ffa2d7bb214012d7bb3a0ce00f1','2011-01-12 19:28:45','8ae458ab2ceb6182012ceb88bf0a0001','2011-01-12 19:28:45','8ae458ab2ceb6182012ceb88bf0a0001','Update',NULL,NULL,'8ae458ab2d3283ff012d32a49dbe000a',NULL),('8ae44ffa2d7bb214012d7bb3a27400f2','2011-01-12 19:28:46','8ae458ab2ceb6182012ceb88bf0a0001','2011-01-12 19:28:46','8ae458ab2ceb6182012ceb88bf0a0001','Update',NULL,NULL,'8ae458ab2d7641cd012d76b5ab740085',NULL),('8ae44ffa2d7bb214012d7bb3a32f00f3','2011-01-12 19:28:46','8ae458ab2ceb6182012ceb88bf0a0001','2011-01-12 19:28:46','8ae458ab2ceb6182012ceb88bf0a0001','Update',NULL,NULL,'8ae458ab2d51da97012d51db9aad0002',NULL),('8ae44ffa2d7bb214012d7bb3a51300f4','2011-01-12 19:28:46','8ae458ab2ceb6182012ceb88bf0a0001','2011-01-12 19:28:46','8ae458ab2ceb6182012ceb88bf0a0001','Update',NULL,NULL,'8ae458ab2d51da97012d51db9b490004',NULL),('8ae44ffa2d7bb214012d7bb3a6e800f5','2011-01-12 19:28:47','8ae458ab2ceb6182012ceb88bf0a0001','2011-01-12 19:28:47','8ae458ab2ceb6182012ceb88bf0a0001','Update',NULL,NULL,'8ae458ab2d51da97012d51db9be50006',NULL),('8ae44ffa2d7bb214012d7bb3a85f00f6','2011-01-12 19:28:47','8ae458ab2ceb6182012ceb88bf0a0001','2011-01-12 19:28:47','8ae458ab2ceb6182012ceb88bf0a0001','Update',NULL,NULL,'8ae458ab2d3283ff012d329f719d0006',NULL),('8ae44ffa2d7bb214012d7bb3a91b00f7','2011-01-12 19:28:47','8ae458ab2ceb6182012ceb88bf0a0001','2011-01-12 19:28:47','8ae458ab2ceb6182012ceb88bf0a0001','Update',NULL,NULL,'8ae458ab2d76c195012d76cd73c40007',NULL),('8ae44ffa2d7bc800012d7bc99e540001','2011-01-12 19:52:46','8ae458ab2ceb6182012ceb88bf0a0001','2011-01-12 19:52:46','8ae458ab2ceb6182012ceb88bf0a0001','Update',NULL,NULL,'8ae458ab2d3283ff012d32a49dbe000a',NULL),('8ae44ffa2d7bc800012d7bc99fac0002','2011-01-12 19:52:47','8ae458ab2ceb6182012ceb88bf0a0001','2011-01-12 19:52:47','8ae458ab2ceb6182012ceb88bf0a0001','Update',NULL,NULL,'8ae458ab2d7641cd012d76b5ab740085',NULL),('8ae44ffa2d7bc800012d7bc9a1bf0003','2011-01-12 19:52:47','8ae458ab2ceb6182012ceb88bf0a0001','2011-01-12 19:52:47','8ae458ab2ceb6182012ceb88bf0a0001','Update',NULL,NULL,'8ae458ab2d51da97012d51db9aad0002',NULL),('8ae44ffa2d7bc800012d7bc9a4300004','2011-01-12 19:52:48','8ae458ab2ceb6182012ceb88bf0a0001','2011-01-12 19:52:48','8ae458ab2ceb6182012ceb88bf0a0001','Update',NULL,NULL,'8ae458ab2d51da97012d51db9b490004',NULL),('8ae44ffa2d7bc800012d7bc9a70e0005','2011-01-12 19:52:49','8ae458ab2ceb6182012ceb88bf0a0001','2011-01-12 19:52:49','8ae458ab2ceb6182012ceb88bf0a0001','Update',NULL,NULL,'8ae458ab2d51da97012d51db9be50006',NULL),('8ae44ffa2d7bc800012d7bc9a9be0006','2011-01-12 19:52:49','8ae458ab2ceb6182012ceb88bf0a0001','2011-01-12 19:52:49','8ae458ab2ceb6182012ceb88bf0a0001','Update',NULL,NULL,'8ae458ab2d3283ff012d329f719d0006',NULL),('8ae44ffa2d7bc800012d7bc9acea0007','2011-01-12 19:52:50','8ae458ab2ceb6182012ceb88bf0a0001','2011-01-12 19:52:50','8ae458ab2ceb6182012ceb88bf0a0001','Update',NULL,NULL,'8ae458ab2d76c195012d76cd73c40007',NULL),('8ae44ffa2d7bc800012d7bca66760008','2011-01-12 19:53:38','8ae458ab2ceb6182012ceb88bf0a0001','2011-01-12 19:53:38','8ae458ab2ceb6182012ceb88bf0a0001','Update','8ae458ab2ceb6182012ceb8c4b060008',NULL,NULL,NULL),('8ae44ffa2d7bc800012d7bcb2bca0009','2011-01-12 19:54:28','8ae458ab2ceb6182012ceb88bf0a0001','2011-01-12 19:54:28','8ae458ab2ceb6182012ceb88bf0a0001','Update',NULL,NULL,'8ae458ab2d670c40012d670e58e90004',NULL),('8ae44ffa2d7bc800012d7bcb2dbe000a','2011-01-12 19:54:29','8ae458ab2ceb6182012ceb88bf0a0001','2011-01-12 19:54:29','8ae458ab2ceb6182012ceb88bf0a0001','Update',NULL,NULL,'8ae458ab2d670c40012d670f20af0016',NULL),('8ae44ffa2d7bc800012d7bcb2f93000b','2011-01-12 19:54:29','8ae458ab2ceb6182012ceb88bf0a0001','2011-01-12 19:54:29','8ae458ab2ceb6182012ceb88bf0a0001','Update',NULL,NULL,'8ae458ab2d670c40012d670f213c0018',NULL),('8ae44ffa2d7bc800012d7bcb3196000c','2011-01-12 19:54:30','8ae458ab2ceb6182012ceb88bf0a0001','2011-01-12 19:54:30','8ae458ab2ceb6182012ceb88bf0a0001','Update',NULL,NULL,'8ae458ab2d670c40012d670f21c9001a',NULL),('8ae44ffa2d7bc800012d7bcb333c000d','2011-01-12 19:54:30','8ae458ab2ceb6182012ceb88bf0a0001','2011-01-12 19:54:30','8ae458ab2ceb6182012ceb88bf0a0001','Update',NULL,NULL,'8ae458ab2d670c40012d670f2255001c',NULL),('8ae44ffa2d7bc800012d7bcbe1cd000e','2011-01-12 19:55:15','8ae458ab2ceb6182012ceb88bf0a0001','2011-01-12 19:55:15','8ae458ab2ceb6182012ceb88bf0a0001','Update',NULL,NULL,'8ae458ab2d67134b012d6716b89f0006',NULL),('8ae44ffa2d7bc800012d7bcbe5d4000f','2011-01-12 19:55:16','8ae458ab2ceb6182012ceb88bf0a0001','2011-01-12 19:55:16','8ae458ab2ceb6182012ceb88bf0a0001','Update',NULL,NULL,'8ae458ab2d67134b012d6716b94b0008',NULL),('8ae44ffa2d7bc800012d7bcbeb330010','2011-01-12 19:55:17','8ae458ab2ceb6182012ceb88bf0a0001','2011-01-12 19:55:17','8ae458ab2ceb6182012ceb88bf0a0001','Update',NULL,NULL,'8ae458ab2d67134b012d6716b9f6000a',NULL),('8ae44ffa2d7bc800012d7bcbee020011','2011-01-12 19:55:18','8ae458ab2ceb6182012ceb88bf0a0001','2011-01-12 19:55:18','8ae458ab2ceb6182012ceb88bf0a0001','Update',NULL,NULL,'8ae458ab2d67134b012d6716ba93000c',NULL),('8ae44ffa2d7bc800012d7bcbf0a20012','2011-01-12 19:55:19','8ae458ab2ceb6182012ceb88bf0a0001','2011-01-12 19:55:19','8ae458ab2ceb6182012ceb88bf0a0001','Update',NULL,NULL,'8ae458ab2d67134b012d6716bb5e000e',NULL),('8ae44ffa2d7bc800012d7bcc104f0013','2011-01-12 19:55:27','8ae458ab2ceb6182012ceb88bf0a0001','2011-01-12 19:55:27','8ae458ab2ceb6182012ceb88bf0a0001','Update',NULL,NULL,'8ae458ab2d3283ff012d32a49dbe000a',NULL),('8ae44ffa2d7bc800012d7bcc12b10014','2011-01-12 19:55:27','8ae458ab2ceb6182012ceb88bf0a0001','2011-01-12 19:55:27','8ae458ab2ceb6182012ceb88bf0a0001','Update',NULL,NULL,'8ae458ab2d7641cd012d76b5ab740085',NULL),('8ae44ffa2d7bc800012d7bcc15510015','2011-01-12 19:55:28','8ae458ab2ceb6182012ceb88bf0a0001','2011-01-12 19:55:28','8ae458ab2ceb6182012ceb88bf0a0001','Update',NULL,NULL,'8ae458ab2d51da97012d51db9aad0002',NULL),('8ae44ffa2d7bc800012d7bcc1f920016','2011-01-12 19:55:31','8ae458ab2ceb6182012ceb88bf0a0001','2011-01-12 19:55:31','8ae458ab2ceb6182012ceb88bf0a0001','Update',NULL,NULL,'8ae458ab2d51da97012d51db9b490004',NULL),('8ae44ffa2d7bc800012d7bcc21d40017','2011-01-12 19:55:31','8ae458ab2ceb6182012ceb88bf0a0001','2011-01-12 19:55:31','8ae458ab2ceb6182012ceb88bf0a0001','Update',NULL,NULL,'8ae458ab2d51da97012d51db9be50006',NULL),('8ae44ffa2d7bc800012d7bcc25ac0018','2011-01-12 19:55:32','8ae458ab2ceb6182012ceb88bf0a0001','2011-01-12 19:55:32','8ae458ab2ceb6182012ceb88bf0a0001','Update',NULL,NULL,'8ae458ab2d3283ff012d329f719d0006',NULL),('8ae44ffa2d7bc800012d7bcc39350019','2011-01-12 19:55:37','8ae458ab2ceb6182012ceb88bf0a0001','2011-01-12 19:55:37','8ae458ab2ceb6182012ceb88bf0a0001','Update',NULL,NULL,'8ae458ab2d76c195012d76cd73c40007',NULL),('8ae44ffa2d7bc800012d7bcc4d97001a','2011-01-12 19:55:42','8ae458ab2ceb6182012ceb88bf0a0001','2011-01-12 19:55:42','8ae458ab2ceb6182012ceb88bf0a0001','Update','8ae458ab2ceb6182012ceb8c4b060008',NULL,NULL,NULL),('8ae44ffa2d7bc800012d7bce373b001b','2011-01-12 19:57:48','8ae458ab2ceb6182012ceb88bf0a0001','2011-01-12 19:57:48','8ae458ab2ceb6182012ceb88bf0a0001','Update','8ae458ab2ceb6182012ceb8c4b060008',NULL,NULL,NULL),('8ae44ffa2d7bdaa8012d7bdc88800001','2011-01-12 20:13:26','8ae458ab2ceb6182012ceb88bf0a0001','2011-01-12 20:13:26','8ae458ab2ceb6182012ceb88bf0a0001','Update','8ae458ab2ceb6182012ceb8c4b060008',NULL,NULL,NULL),('8ae44ffa2d7bdaa8012d7bdecefd0002','2011-01-12 20:15:55','8ae458ab2ceb6182012ceb88bf0a0001','2011-01-12 20:15:55','8ae458ab2ceb6182012ceb88bf0a0001','Update','8ae458ab2ceb6182012ceb8c4b060008',NULL,NULL,NULL),('8ae44ffa2d7bdaa8012d7be0cf970003','2011-01-12 20:18:06','8ae458ab2ceb6182012ceb88bf0a0001','2011-01-12 20:18:06','8ae458ab2ceb6182012ceb88bf0a0001','Update','8ae458ab2ceb6182012ceb8c4b060008',NULL,NULL,NULL),('8ae44ffa2d7bdaa8012d7be25e980004','2011-01-12 20:19:49','8ae458ab2ceb6182012ceb88bf0a0001','2011-01-12 20:19:49','8ae458ab2ceb6182012ceb88bf0a0001','Update','8ae458ab2ceb6182012ceb8c4b060008',NULL,NULL,NULL),('8ae44ffa2d7be281012d7be3c0dd0001','2011-01-12 20:21:19','8ae458ab2ceb6182012ceb88bf0a0001','2011-01-12 20:21:19','8ae458ab2ceb6182012ceb88bf0a0001','Update','8ae458ab2ceb6182012ceb8c4b060008',NULL,NULL,NULL),('8ae44ffa2d7be281012d7be74ada0002','2011-01-12 20:25:11','8ae458ab2ceb6182012ceb88bf0a0001','2011-01-12 20:25:11','8ae458ab2ceb6182012ceb88bf0a0001','Update','8ae458ab2ceb6182012ceb8c4b060008',NULL,NULL,NULL),('8ae44ffa2d7c276c012d7c29ae0a003b','2011-01-12 21:37:42','8ae458ab2ceb6182012ceb88bf0a0001','2011-01-12 21:37:42','8ae458ab2ceb6182012ceb88bf0a0001','Update','8ae458ab2ceb6182012ceb8c4b060008',NULL,NULL,NULL),('8ae44ffa2d7c276c012d7c29d902003d','2011-01-12 21:37:53','8ae458ab2ceb6182012ceb88bf0a0001',NULL,NULL,'Insert','8ae44ffa2d7c276c012d7c29d902003c',NULL,NULL,NULL),('8ae44ffa2d7c276c012d7c2a14180078','2011-01-12 21:38:08','8ae458ab2ceb6182012ceb88bf0a0001','2011-01-12 21:38:08','8ae458ab2ceb6182012ceb88bf0a0001','Update','8ae458ab2ceb6182012ceb8c4b060008',NULL,NULL,NULL),('8ae44ffa2d7c276c012d7c2a90eb00ed','2011-01-12 21:38:40','8ae458ab2ceb6182012ceb88bf0a0001','2011-01-12 21:38:40','8ae458ab2ceb6182012ceb88bf0a0001','Update',NULL,NULL,'8ae458ab2d3283ff012d32a49dbe000a',NULL),('8ae44ffa2d7c276c012d7c2a922300ee','2011-01-12 21:38:40','8ae458ab2ceb6182012ceb88bf0a0001','2011-01-12 21:38:40','8ae458ab2ceb6182012ceb88bf0a0001','Update',NULL,NULL,'8ae458ab2d7641cd012d76b5ab740085',NULL),('8ae44ffa2d7c276c012d7c2a92c000ef','2011-01-12 21:38:40','8ae458ab2ceb6182012ceb88bf0a0001','2011-01-12 21:38:40','8ae458ab2ceb6182012ceb88bf0a0001','Update',NULL,NULL,'8ae458ab2d51da97012d51db9aad0002',NULL),('8ae44ffa2d7c276c012d7c2a935c00f0','2011-01-12 21:38:41','8ae458ab2ceb6182012ceb88bf0a0001','2011-01-12 21:38:41','8ae458ab2ceb6182012ceb88bf0a0001','Update',NULL,NULL,'8ae458ab2d51da97012d51db9b490004',NULL),('8ae44ffa2d7c276c012d7c2a946600f1','2011-01-12 21:38:41','8ae458ab2ceb6182012ceb88bf0a0001','2011-01-12 21:38:41','8ae458ab2ceb6182012ceb88bf0a0001','Update',NULL,NULL,'8ae458ab2d51da97012d51db9be50006',NULL),('8ae44ffa2d7c276c012d7c2a95cd00f2','2011-01-12 21:38:41','8ae458ab2ceb6182012ceb88bf0a0001','2011-01-12 21:38:41','8ae458ab2ceb6182012ceb88bf0a0001','Update',NULL,NULL,'8ae458ab2d3283ff012d329f719d0006',NULL),('8ae44ffa2d7c276c012d7c2a967900f3','2011-01-12 21:38:41','8ae458ab2ceb6182012ceb88bf0a0001','2011-01-12 21:38:41','8ae458ab2ceb6182012ceb88bf0a0001','Update',NULL,NULL,'8ae458ab2d76c195012d76cd73c40007',NULL),('8ae44ffa2d7c276c012d7c316992012f','2011-01-12 21:46:09','8ae458ab2ceb6182012ceb88bf0a0001',NULL,NULL,'Insert',NULL,NULL,'8ae44ffa2d7c276c012d7c316992012e',NULL),('8ae44ffa2d7c276c012d7c31b9e60131','2011-01-12 21:46:29','8ae458ab2ceb6182012ceb88bf0a0001',NULL,NULL,'Insert',NULL,NULL,'8ae44ffa2d7c276c012d7c31b9b70130',NULL),('8ae44ffa2d7c276c012d7c34c5660132','2011-01-12 21:49:49','8ae458ab2ceb6182012ceb88bf0a0001','2011-01-12 21:49:49','8ae458ab2ceb6182012ceb88bf0a0001','Update',NULL,NULL,'8ae458ab2d3283ff012d32a49dbe000a',NULL),('8ae44ffa2d7c276c012d7c34ce4f0133','2011-01-12 21:49:51','8ae458ab2ceb6182012ceb88bf0a0001','2011-01-12 21:49:51','8ae458ab2ceb6182012ceb88bf0a0001','Update',NULL,NULL,'8ae458ab2d7641cd012d76b5ab740085',NULL),('8ae44ffa2d7c276c012d7c34d5d10134','2011-01-12 21:49:53','8ae458ab2ceb6182012ceb88bf0a0001','2011-01-12 21:49:53','8ae458ab2ceb6182012ceb88bf0a0001','Update',NULL,NULL,'8ae458ab2d51da97012d51db9aad0002',NULL),('8ae44ffa2d7c276c012d7c34d66d0135','2011-01-12 21:49:53','8ae458ab2ceb6182012ceb88bf0a0001','2011-01-12 21:49:53','8ae458ab2ceb6182012ceb88bf0a0001','Update',NULL,NULL,'8ae458ab2d51da97012d51db9b490004',NULL),('8ae44ffa2d7c276c012d7c34d6fa0136','2011-01-12 21:49:53','8ae458ab2ceb6182012ceb88bf0a0001','2011-01-12 21:49:53','8ae458ab2ceb6182012ceb88bf0a0001','Update',NULL,NULL,'8ae44ffa2d7c276c012d7c316992012e',NULL),('8ae44ffa2d7c276c012d7c34d7a50137','2011-01-12 21:49:53','8ae458ab2ceb6182012ceb88bf0a0001','2011-01-12 21:49:53','8ae458ab2ceb6182012ceb88bf0a0001','Update',NULL,NULL,'8ae458ab2d51da97012d51db9be50006',NULL),('8ae44ffa2d7c276c012d7c34d8420138','2011-01-12 21:49:54','8ae458ab2ceb6182012ceb88bf0a0001','2011-01-12 21:49:54','8ae458ab2ceb6182012ceb88bf0a0001','Update',NULL,NULL,'8ae458ab2d3283ff012d329f719d0006',NULL),('8ae44ffa2d7c276c012d7c34d92c0139','2011-01-12 21:49:54','8ae458ab2ceb6182012ceb88bf0a0001','2011-01-12 21:49:54','8ae458ab2ceb6182012ceb88bf0a0001','Update',NULL,NULL,'8ae458ab2d76c195012d76cd73c40007',NULL),('8ae44ffa2d7c276c012d7c36cb1f013a','2011-01-12 21:52:01','8ae458ab2ceb6182012ceb88bf0a0001','2011-01-12 21:52:01','8ae458ab2ceb6182012ceb88bf0a0001','Update',NULL,NULL,'8ae458ab2d3283ff012d32a49dbe000a',NULL),('8ae44ffa2d7c276c012d7c36cbdb013b','2011-01-12 21:52:02','8ae458ab2ceb6182012ceb88bf0a0001','2011-01-12 21:52:02','8ae458ab2ceb6182012ceb88bf0a0001','Update',NULL,NULL,'8ae458ab2d7641cd012d76b5ab740085',NULL),('8ae44ffa2d7c276c012d7c36cca6013c','2011-01-12 21:52:02','8ae458ab2ceb6182012ceb88bf0a0001','2011-01-12 21:52:02','8ae458ab2ceb6182012ceb88bf0a0001','Update',NULL,NULL,'8ae458ab2d7641cd012d76b5ab740085',NULL),('8ae44ffa2d7c276c012d7c36cd52013d','2011-01-12 21:52:02','8ae458ab2ceb6182012ceb88bf0a0001','2011-01-12 21:52:02','8ae458ab2ceb6182012ceb88bf0a0001','Update',NULL,NULL,'8ae458ab2d51da97012d51db9aad0002',NULL),('8ae44ffa2d7c276c012d7c36ce0d013e','2011-01-12 21:52:02','8ae458ab2ceb6182012ceb88bf0a0001','2011-01-12 21:52:02','8ae458ab2ceb6182012ceb88bf0a0001','Update',NULL,NULL,'8ae458ab2d51da97012d51db9b490004',NULL),('8ae44ffa2d7c276c012d7c36cec9013f','2011-01-12 21:52:02','8ae458ab2ceb6182012ceb88bf0a0001','2011-01-12 21:52:02','8ae458ab2ceb6182012ceb88bf0a0001','Update',NULL,NULL,'8ae44ffa2d7c276c012d7c316992012e',NULL),('8ae44ffa2d7c276c012d7c36cf650140','2011-01-12 21:52:02','8ae458ab2ceb6182012ceb88bf0a0001','2011-01-12 21:52:02','8ae458ab2ceb6182012ceb88bf0a0001','Update',NULL,NULL,'8ae44ffa2d7c276c012d7c316992012e',NULL),('8ae44ffa2d7c276c012d7c36d0010142','2011-01-12 21:52:03','8ae458ab2ceb6182012ceb88bf0a0001',NULL,NULL,'Insert',NULL,NULL,'8ae44ffa2d7c276c012d7c36d0010141',NULL),('8ae44ffa2d7c276c012d7c36d0fb0144','2011-01-12 21:52:03','8ae458ab2ceb6182012ceb88bf0a0001',NULL,NULL,'Insert',NULL,NULL,'8ae44ffa2d7c276c012d7c36d0fb0143',NULL),('8ae44ffa2d7c276c012d7c37f9590145','2011-01-12 21:53:19','8ae458ab2ceb6182012ceb88bf0a0001','2011-01-12 21:53:19','8ae458ab2ceb6182012ceb88bf0a0001','Update',NULL,NULL,'8ae458ab2d3283ff012d32a49dbe000a',NULL),('8ae44ffa2d7c276c012d7c37fa240146','2011-01-12 21:53:19','8ae458ab2ceb6182012ceb88bf0a0001','2011-01-12 21:53:19','8ae458ab2ceb6182012ceb88bf0a0001','Update',NULL,NULL,'8ae458ab2d7641cd012d76b5ab740085',NULL),('8ae44ffa2d7c276c012d7c37fae00147','2011-01-12 21:53:19','8ae458ab2ceb6182012ceb88bf0a0001','2011-01-12 21:53:19','8ae458ab2ceb6182012ceb88bf0a0001','Update',NULL,NULL,'8ae458ab2d51da97012d51db9aad0002',NULL),('8ae44ffa2d7c276c012d7c37fb8b0148','2011-01-12 21:53:19','8ae458ab2ceb6182012ceb88bf0a0001','2011-01-12 21:53:19','8ae458ab2ceb6182012ceb88bf0a0001','Update',NULL,NULL,'8ae458ab2d51da97012d51db9b490004',NULL),('8ae44ffa2d7c276c012d7c37fc280149','2011-01-12 21:53:19','8ae458ab2ceb6182012ceb88bf0a0001','2011-01-12 21:53:19','8ae458ab2ceb6182012ceb88bf0a0001','Update',NULL,NULL,'8ae44ffa2d7c276c012d7c316992012e',NULL),('8ae44ffa2d7c276c012d7c37fd70014a','2011-01-12 21:53:20','8ae458ab2ceb6182012ceb88bf0a0001','2011-01-12 21:53:20','8ae458ab2ceb6182012ceb88bf0a0001','Update',NULL,NULL,'8ae44ffa2d7c276c012d7c36d0010141',NULL),('8ae44ffa2d7c276c012d7c37fe0c014b','2011-01-12 21:53:20','8ae458ab2ceb6182012ceb88bf0a0001','2011-01-12 21:53:20','8ae458ab2ceb6182012ceb88bf0a0001','Update',NULL,NULL,'8ae44ffa2d7c276c012d7c36d0fb0143',NULL),('8ae44ffa2d7c276c012d7c37ff25014c','2011-01-12 21:53:20','8ae458ab2ceb6182012ceb88bf0a0001','2011-01-12 21:53:20','8ae458ab2ceb6182012ceb88bf0a0001','Update',NULL,NULL,'8ae458ab2d51da97012d51db9be50006',NULL),('8ae44ffa2d7c276c012d7c38002f014d','2011-01-12 21:53:20','8ae458ab2ceb6182012ceb88bf0a0001','2011-01-12 21:53:20','8ae458ab2ceb6182012ceb88bf0a0001','Update',NULL,NULL,'8ae458ab2d3283ff012d329f719d0006',NULL),('8ae44ffa2d7c276c012d7c380290014e','2011-01-12 21:53:21','8ae458ab2ceb6182012ceb88bf0a0001','2011-01-12 21:53:21','8ae458ab2ceb6182012ceb88bf0a0001','Update',NULL,NULL,'8ae458ab2d76c195012d76cd73c40007',NULL),('8ae44ffa2d7fae70012d7fb0aa8e003e','2011-01-13 14:04:00','8ae458ab2ceb6182012ceb88bf0a0001',NULL,NULL,'Insert','8ae44ffa2d7fae70012d7fb0aa8e003d',NULL,NULL,NULL),('8ae44ffa2d7fae70012d7fb699ba00b7','2011-01-13 14:10:29','8ae458ab2ceb6182012ceb88bf0a0001','2011-01-13 14:10:29','8ae458ab2ceb6182012ceb88bf0a0001','Update','8ae458ab2ceb6182012ceb8c4b060008',NULL,NULL,NULL),('8ae44ffa2d7fb9c0012d7fc120f30041','2011-01-13 14:21:59','8ae458ab2ceb6182012ceb88bf0a0001','2011-01-13 14:21:59','8ae458ab2ceb6182012ceb88bf0a0001','Update','8ae44ffa2d7fae70012d7fb0aa8e003d',NULL,NULL,NULL),('8ae44ffa2d7fb9c0012d7fe22999007e','2011-01-13 14:58:04','8ae458ab2ceb6182012ceb88bf0a0001','2011-01-13 14:58:04','8ae458ab2ceb6182012ceb88bf0a0001','Update',NULL,NULL,'8ae458ab2d3283ff012d32a49dbe000a',NULL),('8ae44ffa2d7fb9c0012d7fe22aa3007f','2011-01-13 14:58:04','8ae458ab2ceb6182012ceb88bf0a0001','2011-01-13 14:58:04','8ae458ab2ceb6182012ceb88bf0a0001','Update',NULL,NULL,'8ae458ab2d7641cd012d76b5ab740085',NULL),('8ae44ffa2d7fb9c0012d7fe22b5e0080','2011-01-13 14:58:04','8ae458ab2ceb6182012ceb88bf0a0001','2011-01-13 14:58:04','8ae458ab2ceb6182012ceb88bf0a0001','Update',NULL,NULL,'8ae458ab2d51da97012d51db9aad0002',NULL),('8ae44ffa2d7fb9c0012d7fe22c0a0081','2011-01-13 14:58:04','8ae458ab2ceb6182012ceb88bf0a0001','2011-01-13 14:58:04','8ae458ab2ceb6182012ceb88bf0a0001','Update',NULL,NULL,'8ae458ab2d51da97012d51db9b490004',NULL),('8ae44ffa2d7fb9c0012d7fe22ca70082','2011-01-13 14:58:05','8ae458ab2ceb6182012ceb88bf0a0001','2011-01-13 14:58:05','8ae458ab2ceb6182012ceb88bf0a0001','Update',NULL,NULL,'8ae44ffa2d7c276c012d7c316992012e',NULL),('8ae44ffa2d7fb9c0012d7fe22d520083','2011-01-13 14:58:05','8ae458ab2ceb6182012ceb88bf0a0001','2011-01-13 14:58:05','8ae458ab2ceb6182012ceb88bf0a0001','Update',NULL,NULL,'8ae44ffa2d7c276c012d7c36d0010141',NULL),('8ae44ffa2d7fb9c0012d7fe22dfe0084','2011-01-13 14:58:05','8ae458ab2ceb6182012ceb88bf0a0001','2011-01-13 14:58:05','8ae458ab2ceb6182012ceb88bf0a0001','Update',NULL,NULL,'8ae44ffa2d7c276c012d7c36d0fb0143',NULL),('8ae44ffa2d7fb9c0012d7fe22eaa0085','2011-01-13 14:58:05','8ae458ab2ceb6182012ceb88bf0a0001','2011-01-13 14:58:05','8ae458ab2ceb6182012ceb88bf0a0001','Update',NULL,NULL,'8ae458ab2d51da97012d51db9be50006',NULL),('8ae44ffa2d7fb9c0012d7fe22f560086','2011-01-13 14:58:05','8ae458ab2ceb6182012ceb88bf0a0001','2011-01-13 14:58:05','8ae458ab2ceb6182012ceb88bf0a0001','Update',NULL,NULL,'8ae458ab2d3283ff012d329f719d0006',NULL),('8ae44ffa2d7fb9c0012d7fe2311b0087','2011-01-13 14:58:06','8ae458ab2ceb6182012ceb88bf0a0001','2011-01-13 14:58:06','8ae458ab2ceb6182012ceb88bf0a0001','Update',NULL,NULL,'8ae458ab2d76c195012d76cd73c40007',NULL),('8ae44ffa2d8043e9012d80449a7b0006','2011-01-13 16:45:35','8ae458ab2ceb6182012ceb88bf0a0001','2011-01-13 16:45:35','8ae458ab2ceb6182012ceb88bf0a0001','Update','8ae44ffa2d7c276c012d7c29d902003c',NULL,NULL,NULL),('8ae44ffa2d804ba7012d804cf687000b','2011-01-13 16:54:43','8ae458ab2ceb6182012ceb88bf0a0001',NULL,NULL,'Insert','8ae44ffa2d804ba7012d804cf6390001',NULL,NULL,NULL),('8ae44ffa2d804ba7012d804cf6f5000c','2011-01-13 16:54:43','8ae458ab2ceb6182012ceb88bf0a0001',NULL,NULL,'Insert',NULL,NULL,NULL,'8ae44ffa2d804ba7012d804cf6490002'),('8ae44ffa2d804ba7012d804cf723000d','2011-01-13 16:54:43','8ae458ab2ceb6182012ceb88bf0a0001',NULL,NULL,'Insert',NULL,NULL,NULL,'8ae44ffa2d804ba7012d804cf6490003'),('8ae44ffa2d804ba7012d804cf772000e','2011-01-13 16:54:43','8ae458ab2ceb6182012ceb88bf0a0001',NULL,NULL,'Insert',NULL,NULL,NULL,'8ae44ffa2d804ba7012d804cf6490004'),('8ae44ffa2d804ba7012d804cf7b0000f','2011-01-13 16:54:43','8ae458ab2ceb6182012ceb88bf0a0001',NULL,NULL,'Insert',NULL,NULL,NULL,'8ae44ffa2d804ba7012d804cf6490005'),('8ae44ffa2d804ba7012d804cf7fe0010','2011-01-13 16:54:43','8ae458ab2ceb6182012ceb88bf0a0001',NULL,NULL,'Insert',NULL,NULL,NULL,'8ae44ffa2d804ba7012d804cf6490006'),('8ae44ffa2d804ba7012d804cf82d0011','2011-01-13 16:54:44','8ae458ab2ceb6182012ceb88bf0a0001',NULL,NULL,'Insert',NULL,NULL,'8ae44ffa2d804ba7012d804cf6580007',NULL),('8ae44ffa2d804ba7012d804cf8c90012','2011-01-13 16:54:44','8ae458ab2ceb6182012ceb88bf0a0001',NULL,NULL,'Insert',NULL,NULL,'8ae44ffa2d804ba7012d804cf6680008',NULL),('8ae44ffa2d804ba7012d804cf9c30013','2011-01-13 16:54:44','8ae458ab2ceb6182012ceb88bf0a0001',NULL,NULL,'Insert',NULL,NULL,'8ae44ffa2d804ba7012d804cf6780009',NULL),('8ae44ffa2d804ba7012d804cfa6f0014','2011-01-13 16:54:44','8ae458ab2ceb6182012ceb88bf0a0001',NULL,NULL,'Insert',NULL,NULL,'8ae44ffa2d804ba7012d804cf687000a',NULL),('8ae44ffa2d804ba7012d804cfb4a0017','2011-01-13 16:54:44','8ae458ab2ceb6182012ceb88bf0a0001',NULL,NULL,'Insert',NULL,NULL,'8ae44ffa2d804ba7012d804cfb3a0015',NULL),('8ae44ffa2d804ba7012d804cfb980018','2011-01-13 16:54:44','8ae458ab2ceb6182012ceb88bf0a0001',NULL,NULL,'Insert',NULL,NULL,'8ae44ffa2d804ba7012d804cfb3a0016',NULL),('8ae44ffa2d804ba7012d80f68bf3005c','2011-01-13 19:59:57','8ae458ab2ceb6182012ceb88bf0a0001','2011-01-13 19:59:57','8ae458ab2ceb6182012ceb88bf0a0001','Update','8ae44ffa2d7fae70012d7fb0aa8e003d',NULL,NULL,NULL),('8ae44ffa2d804ba7012d80f8651d00dd','2011-01-13 20:01:58','8ae458ab2ceb6182012ceb88bf0a0001',NULL,NULL,'Insert','8ae44ffa2d804ba7012d80f8651d00dc',NULL,NULL,NULL),('8ae44ffa2d9575f9012d9576f8e50001','2011-01-17 19:32:38','8ae458ab2ceb6182012ceb88bf0a0001','2011-01-17 19:32:38','8ae458ab2ceb6182012ceb88bf0a0001','Update',NULL,NULL,'8ae458ab2d3283ff012d32a49dbe000a',NULL),('8ae44ffa2d9575f9012d9576fa0e0002','2011-01-17 19:32:38','8ae458ab2ceb6182012ceb88bf0a0001','2011-01-17 19:32:38','8ae458ab2ceb6182012ceb88bf0a0001','Update',NULL,NULL,'8ae458ab2d7641cd012d76b5ab740085',NULL),('8ae44ffa2d9575f9012d9576fb650003','2011-01-17 19:32:38','8ae458ab2ceb6182012ceb88bf0a0001','2011-01-17 19:32:38','8ae458ab2ceb6182012ceb88bf0a0001','Update',NULL,NULL,'8ae458ab2d51da97012d51db9aad0002',NULL),('8ae44ffa2d9575f9012d9576fc210004','2011-01-17 19:32:39','8ae458ab2ceb6182012ceb88bf0a0001','2011-01-17 19:32:39','8ae458ab2ceb6182012ceb88bf0a0001','Update',NULL,NULL,'8ae458ab2d51da97012d51db9b490004',NULL),('8ae44ffa2d9575f9012d9576fcdc0005','2011-01-17 19:32:39','8ae458ab2ceb6182012ceb88bf0a0001','2011-01-17 19:32:39','8ae458ab2ceb6182012ceb88bf0a0001','Update',NULL,NULL,'8ae44ffa2d7c276c012d7c316992012e',NULL),('8ae44ffa2d9575f9012d9576fda70006','2011-01-17 19:32:39','8ae458ab2ceb6182012ceb88bf0a0001','2011-01-17 19:32:39','8ae458ab2ceb6182012ceb88bf0a0001','Update',NULL,NULL,'8ae44ffa2d7c276c012d7c36d0010141',NULL),('8ae44ffa2d9575f9012d9576fef00007','2011-01-17 19:32:39','8ae458ab2ceb6182012ceb88bf0a0001','2011-01-17 19:32:39','8ae458ab2ceb6182012ceb88bf0a0001','Update',NULL,NULL,'8ae44ffa2d7c276c012d7c36d0fb0143',NULL),('8ae44ffa2d9575f9012d957700570008','2011-01-17 19:32:40','8ae458ab2ceb6182012ceb88bf0a0001','2011-01-17 19:32:40','8ae458ab2ceb6182012ceb88bf0a0001','Update',NULL,NULL,'8ae458ab2d51da97012d51db9be50006',NULL),('8ae44ffa2d9575f9012d957701220009','2011-01-17 19:32:40','8ae458ab2ceb6182012ceb88bf0a0001','2011-01-17 19:32:40','8ae458ab2ceb6182012ceb88bf0a0001','Update',NULL,NULL,'8ae458ab2d3283ff012d329f719d0006',NULL),('8ae44ffa2d9575f9012d9577020d000a','2011-01-17 19:32:40','8ae458ab2ceb6182012ceb88bf0a0001','2011-01-17 19:32:40','8ae458ab2ceb6182012ceb88bf0a0001','Update',NULL,NULL,'8ae458ab2d76c195012d76cd73c40007',NULL),('8ae44ffa2d9575f9012d957702c8000c','2011-01-17 19:32:40','8ae458ab2ceb6182012ceb88bf0a0001',NULL,NULL,'Insert',NULL,NULL,'8ae44ffa2d9575f9012d957702c8000b',NULL),('8ae44ffa2d9575f9012d9578d58a000d','2011-01-17 19:34:40','8ae458ab2ceb6182012ceb88bf0a0001','2011-01-17 19:34:40','8ae458ab2ceb6182012ceb88bf0a0001','Update',NULL,NULL,'8ae458ab2d3283ff012d32a49dbe000a',NULL),('8ae44ffa2d9575f9012d957c5015000e','2011-01-17 19:38:28','8ae458ab2ceb6182012ceb88bf0a0001','2011-01-17 19:38:28','8ae458ab2ceb6182012ceb88bf0a0001','Update',NULL,NULL,'8ae458ab2d3283ff012d32a49dbe000a',NULL),('8ae44ffa2d9575f9012d957d877f000f','2011-01-17 19:39:47','8ae458ab2ceb6182012ceb88bf0a0001','2011-01-17 19:39:47','8ae458ab2ceb6182012ceb88bf0a0001','Update',NULL,NULL,'8ae458ab2d3283ff012d32a49dbe000a',NULL),('8ae44ffa2d9575f9012d957d883b0010','2011-01-17 19:39:48','8ae458ab2ceb6182012ceb88bf0a0001','2011-01-17 19:39:48','8ae458ab2ceb6182012ceb88bf0a0001','Update',NULL,NULL,'8ae458ab2d7641cd012d76b5ab740085',NULL),('8ae44ffa2d9575f9012d957d89060011','2011-01-17 19:39:48','8ae458ab2ceb6182012ceb88bf0a0001','2011-01-17 19:39:48','8ae458ab2ceb6182012ceb88bf0a0001','Update',NULL,NULL,'8ae458ab2d51da97012d51db9aad0002',NULL),('8ae44ffa2d9575f9012d957d89c10013','2011-01-17 19:39:48','8ae458ab2ceb6182012ceb88bf0a0001',NULL,NULL,'Insert',NULL,NULL,'8ae44ffa2d9575f9012d957d89b20012',NULL),('8ae44ffa2d9575f9012d957d8a6d0014','2011-01-17 19:39:48','8ae458ab2ceb6182012ceb88bf0a0001','2011-01-17 19:39:48','8ae458ab2ceb6182012ceb88bf0a0001','Update',NULL,NULL,'8ae458ab2d51da97012d51db9b490004',NULL),('8ae44ffa2d9575f9012d957d8b290015','2011-01-17 19:39:48','8ae458ab2ceb6182012ceb88bf0a0001','2011-01-17 19:39:48','8ae458ab2ceb6182012ceb88bf0a0001','Update',NULL,NULL,'8ae44ffa2d7c276c012d7c316992012e',NULL),('8ae44ffa2d9575f9012d957d8bf40016','2011-01-17 19:39:49','8ae458ab2ceb6182012ceb88bf0a0001','2011-01-17 19:39:49','8ae458ab2ceb6182012ceb88bf0a0001','Update',NULL,NULL,'8ae44ffa2d7c276c012d7c36d0010141',NULL),('8ae44ffa2d9575f9012d957d8ca00017','2011-01-17 19:39:49','8ae458ab2ceb6182012ceb88bf0a0001','2011-01-17 19:39:49','8ae458ab2ceb6182012ceb88bf0a0001','Update',NULL,NULL,'8ae44ffa2d7c276c012d7c36d0fb0143',NULL),('8ae44ffa2d9575f9012d957d8d6b0018','2011-01-17 19:39:49','8ae458ab2ceb6182012ceb88bf0a0001','2011-01-17 19:39:49','8ae458ab2ceb6182012ceb88bf0a0001','Update',NULL,NULL,'8ae458ab2d51da97012d51db9be50006',NULL),('8ae44ffa2d9575f9012d957d8e260019','2011-01-17 19:39:49','8ae458ab2ceb6182012ceb88bf0a0001','2011-01-17 19:39:49','8ae458ab2ceb6182012ceb88bf0a0001','Update',NULL,NULL,'8ae458ab2d3283ff012d329f719d0006',NULL),('8ae44ffa2d9575f9012d957d8f01001a','2011-01-17 19:39:49','8ae458ab2ceb6182012ceb88bf0a0001','2011-01-17 19:39:49','8ae458ab2ceb6182012ceb88bf0a0001','Update',NULL,NULL,'8ae458ab2d76c195012d76cd73c40007',NULL),('8ae44ffa2d9575f9012d957d8fad001b','2011-01-17 19:39:50','8ae458ab2ceb6182012ceb88bf0a0001','2011-01-17 19:39:50','8ae458ab2ceb6182012ceb88bf0a0001','Update',NULL,NULL,'8ae44ffa2d9575f9012d957702c8000b',NULL),('8ae44ffa2d9575f9012d957e4488001c','2011-01-17 19:40:36','8ae458ab2ceb6182012ceb88bf0a0001','2011-01-17 19:40:36','8ae458ab2ceb6182012ceb88bf0a0001','Update',NULL,NULL,'8ae458ab2d3283ff012d32a49dbe000a',NULL),('8ae44ffa2d9575f9012d957e4543001d','2011-01-17 19:40:36','8ae458ab2ceb6182012ceb88bf0a0001','2011-01-17 19:40:36','8ae458ab2ceb6182012ceb88bf0a0001','Update',NULL,NULL,'8ae458ab2d7641cd012d76b5ab740085',NULL),('8ae44ffa2d9575f9012d957e45ff001e','2011-01-17 19:40:36','8ae458ab2ceb6182012ceb88bf0a0001','2011-01-17 19:40:36','8ae458ab2ceb6182012ceb88bf0a0001','Update',NULL,NULL,'8ae458ab2d51da97012d51db9aad0002',NULL),('8ae44ffa2d9575f9012d957e46ca001f','2011-01-17 19:40:36','8ae458ab2ceb6182012ceb88bf0a0001','2011-01-17 19:40:36','8ae458ab2ceb6182012ceb88bf0a0001','Update',NULL,NULL,'8ae44ffa2d9575f9012d957d89b20012',NULL),('8ae44ffa2d9575f9012d957e47850020','2011-01-17 19:40:37','8ae458ab2ceb6182012ceb88bf0a0001','2011-01-17 19:40:37','8ae458ab2ceb6182012ceb88bf0a0001','Update',NULL,NULL,'8ae458ab2d51da97012d51db9b490004',NULL),('8ae44ffa2d9575f9012d957e48410021','2011-01-17 19:40:37','8ae458ab2ceb6182012ceb88bf0a0001','2011-01-17 19:40:37','8ae458ab2ceb6182012ceb88bf0a0001','Update',NULL,NULL,'8ae44ffa2d7c276c012d7c316992012e',NULL),('8ae44ffa2d9575f9012d957e48fd0022','2011-01-17 19:40:37','8ae458ab2ceb6182012ceb88bf0a0001','2011-01-17 19:40:37','8ae458ab2ceb6182012ceb88bf0a0001','Update',NULL,NULL,'8ae44ffa2d7c276c012d7c36d0010141',NULL),('8ae44ffa2d9575f9012d957e49c80023','2011-01-17 19:40:37','8ae458ab2ceb6182012ceb88bf0a0001','2011-01-17 19:40:37','8ae458ab2ceb6182012ceb88bf0a0001','Update',NULL,NULL,'8ae44ffa2d7c276c012d7c36d0fb0143',NULL),('8ae44ffa2d9575f9012d957e4a930024','2011-01-17 19:40:37','8ae458ab2ceb6182012ceb88bf0a0001','2011-01-17 19:40:37','8ae458ab2ceb6182012ceb88bf0a0001','Update',NULL,NULL,'8ae458ab2d51da97012d51db9be50006',NULL),('8ae44ffa2d9575f9012d957e4b6e0025','2011-01-17 19:40:38','8ae458ab2ceb6182012ceb88bf0a0001','2011-01-17 19:40:38','8ae458ab2ceb6182012ceb88bf0a0001','Update',NULL,NULL,'8ae458ab2d3283ff012d329f719d0006',NULL),('8ae44ffa2d9575f9012d957e4c390026','2011-01-17 19:40:38','8ae458ab2ceb6182012ceb88bf0a0001','2011-01-17 19:40:38','8ae458ab2ceb6182012ceb88bf0a0001','Update',NULL,NULL,'8ae458ab2d76c195012d76cd73c40007',NULL),('8ae44ffa2d9575f9012d957e4cf40027','2011-01-17 19:40:38','8ae458ab2ceb6182012ceb88bf0a0001','2011-01-17 19:40:38','8ae458ab2ceb6182012ceb88bf0a0001','Update',NULL,NULL,'8ae44ffa2d9575f9012d957702c8000b',NULL),('8ae44ffa2d9fc0ec012d9fc1fb390002','2011-01-19 19:30:46','8ae458ab2ceb6182012ceb88bf0a0001',NULL,NULL,'Insert','8ae44ffa2d9fc0ec012d9fc1fb390001',NULL,NULL,NULL),('8ae44ffa2d9fc0ec012d9fc2a0f00004','2011-01-19 19:31:28','8ae458ab2ceb6182012ceb88bf0a0001',NULL,NULL,'Insert',NULL,NULL,NULL,'8ae44ffa2d9fc0ec012d9fc2a0f00003'),('8ae44ffa2d9fc0ec012d9fc2acd70006','2011-01-19 19:31:31','8ae458ab2ceb6182012ceb88bf0a0001',NULL,NULL,'Insert',NULL,NULL,NULL,'8ae44ffa2d9fc0ec012d9fc2acd70005'),('8ae44ffa2d9fc0ec012d9fc2ef10000b','2011-01-19 19:31:48','8ae458ab2ceb6182012ceb88bf0a0001','2011-01-19 19:31:48','8ae458ab2ceb6182012ceb88bf0a0001','Update','8ae44ffa2d9fc0ec012d9fc1fb390001',NULL,NULL,NULL),('8ae44ffa2d9fc778012d9fc813fc0001','2011-01-19 19:37:25','8ae458ab2ceb6182012ceb88bf0a0001','2011-01-19 19:37:25','8ae458ab2ceb6182012ceb88bf0a0001','Update',NULL,NULL,'8ae458ab2d3283ff012d32a49dbe000a',NULL),('8ae44ffa2d9fc778012d9fc814c70002','2011-01-19 19:37:25','8ae458ab2ceb6182012ceb88bf0a0001','2011-01-19 19:37:25','8ae458ab2ceb6182012ceb88bf0a0001','Update',NULL,NULL,'8ae458ab2d7641cd012d76b5ab740085',NULL),('8ae44ffa2d9fc778012d9fc815920003','2011-01-19 19:37:26','8ae458ab2ceb6182012ceb88bf0a0001','2011-01-19 19:37:26','8ae458ab2ceb6182012ceb88bf0a0001','Update',NULL,NULL,'8ae458ab2d51da97012d51db9aad0002',NULL),('8ae44ffa2d9fc778012d9fc8166d0004','2011-01-19 19:37:26','8ae458ab2ceb6182012ceb88bf0a0001','2011-01-19 19:37:26','8ae458ab2ceb6182012ceb88bf0a0001','Update',NULL,NULL,'8ae44ffa2d9575f9012d957d89b20012',NULL),('8ae44ffa2d9fc778012d9fc817480005','2011-01-19 19:37:26','8ae458ab2ceb6182012ceb88bf0a0001','2011-01-19 19:37:26','8ae458ab2ceb6182012ceb88bf0a0001','Update',NULL,NULL,'8ae458ab2d51da97012d51db9b490004',NULL),('8ae44ffa2d9fc778012d9fc818220006','2011-01-19 19:37:26','8ae458ab2ceb6182012ceb88bf0a0001','2011-01-19 19:37:26','8ae458ab2ceb6182012ceb88bf0a0001','Update',NULL,NULL,'8ae44ffa2d7c276c012d7c316992012e',NULL),('8ae44ffa2d9fc778012d9fc8190d0007','2011-01-19 19:37:27','8ae458ab2ceb6182012ceb88bf0a0001','2011-01-19 19:37:27','8ae458ab2ceb6182012ceb88bf0a0001','Update',NULL,NULL,'8ae44ffa2d7c276c012d7c36d0010141',NULL),('8ae44ffa2d9fc778012d9fc819b90008','2011-01-19 19:37:27','8ae458ab2ceb6182012ceb88bf0a0001','2011-01-19 19:37:27','8ae458ab2ceb6182012ceb88bf0a0001','Update',NULL,NULL,'8ae44ffa2d7c276c012d7c36d0fb0143',NULL),('8ae44ffa2d9fc778012d9fc81a930009','2011-01-19 19:37:27','8ae458ab2ceb6182012ceb88bf0a0001','2011-01-19 19:37:27','8ae458ab2ceb6182012ceb88bf0a0001','Update',NULL,NULL,'8ae458ab2d51da97012d51db9be50006',NULL),('8ae44ffa2d9fc778012d9fc81b4f000a','2011-01-19 19:37:27','8ae458ab2ceb6182012ceb88bf0a0001','2011-01-19 19:37:27','8ae458ab2ceb6182012ceb88bf0a0001','Update',NULL,NULL,'8ae458ab2d3283ff012d329f719d0006',NULL),('8ae44ffa2d9fc778012d9fc81c0a000b','2011-01-19 19:37:27','8ae458ab2ceb6182012ceb88bf0a0001','2011-01-19 19:37:27','8ae458ab2ceb6182012ceb88bf0a0001','Update',NULL,NULL,'8ae458ab2d76c195012d76cd73c40007',NULL),('8ae44ffa2d9fc778012d9fc81d14000c','2011-01-19 19:37:28','8ae458ab2ceb6182012ceb88bf0a0001','2011-01-19 19:37:28','8ae458ab2ceb6182012ceb88bf0a0001','Update',NULL,NULL,'8ae44ffa2d9575f9012d957702c8000b',NULL),('8ae44ffa2da4e392012da4e468b4003d','2011-01-20 19:26:28','8ae458ab2ceb6182012ceb88bf0a0001','2011-01-20 19:26:28','8ae458ab2ceb6182012ceb88bf0a0001','Update','8ae458ab2ceb6182012ceb8c4b060008',NULL,NULL,NULL),('8ae44ffa2dbde052012dbde05d470002','2011-01-25 15:52:33','Junit Test User',NULL,NULL,NULL,NULL,NULL,NULL,NULL),('8ae44ffa2dbdf8b5012dbdf8d0c90026','2011-01-25 16:19:16','8ae458ab2d61536e012d615973c80030',NULL,NULL,'Insert',NULL,NULL,NULL,'8ae44ffa2dbdf8b5012dbdf8d0b90025'),('8ae44ffa2dbe1c28012dbe1c331f0002','2011-01-25 16:57:55','8ae458ab2d61536e012d615973c80030',NULL,NULL,NULL,NULL,NULL,NULL,NULL),('8ae44ffa2dbe1c28012dbe1c339c0005','2011-01-25 16:57:55','8ae458ab2d61536e012d615973c80030',NULL,NULL,NULL,NULL,NULL,NULL,NULL),('8ae44ffa2dbe1c28012dbe1c33cb0008','2011-01-25 16:57:55','8ae458ab2d61536e012d615973c80030',NULL,NULL,NULL,NULL,NULL,NULL,NULL),('8ae44ffa2dbe1c28012dbe1c33ea000b','2011-01-25 16:57:55','8ae458ab2d61536e012d615973c80030',NULL,NULL,NULL,NULL,NULL,NULL,NULL),('8ae44ffa2dbe392b012dbe3946cb0026','2011-01-25 17:29:40','8ae458ab2d61536e012d615973c80030',NULL,NULL,'Insert',NULL,NULL,NULL,'8ae44ffa2dbe392b012dbe3946bc0025'),('8ae44ffa2dbe3c9d012dbe3ca8c90023','2011-01-25 17:33:22','8ae458ab2d61536e012d615973c80030',NULL,NULL,'Insert',NULL,NULL,NULL,'8ae44ffa2dbe3c9d012dbe3ca8a90022'),('8ae44ffa2dbe3da3012dbe3daed00002','2011-01-25 17:34:29','8ae458ab2d61536e012d615973c80030',NULL,NULL,'Insert',NULL,'8ae44ffa2dbe3da3012dbe3daeb10001',NULL,NULL),('8ae44ffa2dbe3da3012dbe3daf9c0024','2011-01-25 17:34:29','8ae458ab2d61536e012d615973c80030',NULL,NULL,'Insert',NULL,NULL,NULL,'8ae44ffa2dbe3da3012dbe3daf9c0023'),('8ae44ffa2dbe4000012dbe400b810002','2011-01-25 17:37:04','8ae458ab2d61536e012d615973c80030',NULL,NULL,'Insert',NULL,'8ae44ffa2dbe4000012dbe400b720001',NULL,NULL),('8ae44ffa2dbe4000012dbe400cc90005','2011-01-25 17:37:04','8ae458ab2d61536e012d615973c80030',NULL,NULL,'Insert',NULL,'8ae44ffa2dbe4000012dbe400cc90003',NULL,NULL),('8ae44ffa2dbe4000012dbe400dc30026','2011-01-25 17:37:04','8ae458ab2d61536e012d615973c80030',NULL,NULL,'Insert',NULL,'8ae44ffa2dbe4000012dbe400db40006',NULL,NULL),('8ae44ffa2dbe4000012dbe400e500028','2011-01-25 17:37:05','8ae458ab2d61536e012d615973c80030',NULL,NULL,'Insert',NULL,NULL,NULL,'8ae44ffa2dbe4000012dbe400e500027'),('8ae44ffa2dbe40ce012dbe40d9420021','2011-01-25 17:37:57','8ae458ab2d61536e012d615973c80030',NULL,NULL,'Insert',NULL,'8ae44ffa2dbe40ce012dbe40d9230001',NULL,NULL),('8ae44ffa2dbe40ce012dbe40d9cf0023','2011-01-25 17:37:57','8ae458ab2d61536e012d615973c80030',NULL,NULL,'Insert',NULL,NULL,NULL,'8ae44ffa2dbe40ce012dbe40d9bf0022'),('8ae44ffa2dbe44dc012dbe44e7020021','2011-01-25 17:42:22','8ae458ab2d61536e012d615973c80030',NULL,NULL,'Insert',NULL,'8ae44ffa2dbe44dc012dbe44e6e20001',NULL,NULL),('8ae44ffa2dbe44dc012dbe44e7cd0023','2011-01-25 17:42:22','8ae458ab2d61536e012d615973c80030',NULL,NULL,'Insert',NULL,NULL,NULL,'8ae44ffa2dbe44dc012dbe44e7bd0022'),('8ae44ffa2dbe45a4012dbe45af160021','2011-01-25 17:43:13','8ae458ab2d61536e012d615973c80030',NULL,NULL,'Insert',NULL,'8ae44ffa2dbe45a4012dbe45aef60001',NULL,NULL),('8ae44ffa2dbe45a4012dbe45b01f0023','2011-01-25 17:43:14','8ae458ab2d61536e012d615973c80030',NULL,NULL,'Insert',NULL,NULL,NULL,'8ae44ffa2dbe45a4012dbe45b01f0022'),('8ae44ffa2dbe4624012dbe462f430021','2011-01-25 17:43:46','8ae458ab2d61536e012d615973c80030',NULL,NULL,'Insert',NULL,'8ae44ffa2dbe4624012dbe462f240001',NULL,NULL),('8ae44ffa2dbe4624012dbe46303d0023','2011-01-25 17:43:47','8ae458ab2d61536e012d615973c80030',NULL,NULL,'Insert',NULL,NULL,NULL,'8ae44ffa2dbe4624012dbe46303d0022'),('8ae44ffa2dbe4687012dbe4692430021','2011-01-25 17:44:12','8ae458ab2d61536e012d615973c80030',NULL,NULL,'Insert',NULL,'8ae44ffa2dbe4687012dbe4692240001',NULL,NULL),('8ae44ffa2dbe4687012dbe46935d0023','2011-01-25 17:44:12','8ae458ab2d61536e012d615973c80030',NULL,NULL,'Insert',NULL,NULL,NULL,'8ae44ffa2dbe4687012dbe46934d0022'),('8ae44ffa2dbe471d012dbe4738480005','2011-01-25 17:44:54','8ae458ab2d61536e012d615973c80030',NULL,NULL,'Insert',NULL,'8ae44ffa2dbe471d012dbe4738390004',NULL,NULL),('8ae44ffa2dbe471d012dbe4739ee0008','2011-01-25 17:44:55','8ae458ab2d61536e012d615973c80030',NULL,NULL,'Insert',NULL,'8ae44ffa2dbe471d012dbe4739ee0006',NULL,NULL),('8ae44ffa2dbe471d012dbe473b75002b','2011-01-25 17:44:55','8ae458ab2d61536e012d615973c80030',NULL,NULL,'Insert',NULL,'8ae44ffa2dbe471d012dbe473b650009',NULL,NULL),('8ae44ffa2dbe471d012dbe473c50002d','2011-01-25 17:44:55','8ae458ab2d61536e012d615973c80030',NULL,NULL,'Insert',NULL,NULL,NULL,'8ae44ffa2dbe471d012dbe473c40002c'),('8ae458ab2ce12264012ce122dee80002','2010-12-13 19:09:07','Admin',NULL,NULL,'Insert','8ae458ab2ce12264012ce122dee80001',NULL,NULL,NULL),('8ae458ab2ce12264012ce123859a0004','2010-12-13 19:09:50','Admin',NULL,NULL,'Insert',NULL,'8ae458ab2ce12264012ce123859a0003',NULL,NULL),('8ae458ab2ce12264012ce123af980006','2010-12-13 19:10:01','Admin',NULL,NULL,'Insert',NULL,NULL,NULL,'8ae458ab2ce12264012ce123af980005'),('8ae458ab2ce12264012ce123bd830008','2010-12-13 19:10:04','Admin',NULL,NULL,'Insert',NULL,NULL,NULL,'8ae458ab2ce12264012ce123bd830007'),('8ae458ab2ce12264012ce12404ed000a','2010-12-13 19:10:22','Admin',NULL,NULL,'Insert',NULL,NULL,'8ae458ab2ce12264012ce12404dd0009',NULL),('8ae458ab2ce12264012ce12a5499000c','2010-12-13 19:17:16','Admin',NULL,NULL,'Insert',NULL,NULL,'8ae458ab2ce12264012ce12a5499000b',NULL),('8ae458ab2ce5c5c0012ce5c6a5f90002','2010-12-14 16:46:29','Admin',NULL,NULL,'Insert','8ae458ab2ce5c5c0012ce5c6a5e90001',NULL,NULL,NULL),('8ae458ab2ce5c5c0012ce5c6fca50004','2010-12-14 16:46:52','Admin',NULL,NULL,'Insert',NULL,NULL,NULL,'8ae458ab2ce5c5c0012ce5c6fca50003'),('8ae458ab2ce627aa012ce6286c350002','2010-12-14 18:33:17','Admin',NULL,NULL,'Insert',NULL,NULL,NULL,'8ae458ab2ce627aa012ce6286c350001'),('8ae458ab2ce627aa012ce629a2470004','2010-12-14 18:34:36','Admin',NULL,NULL,'Insert',NULL,NULL,'8ae458ab2ce627aa012ce629a2470003',NULL),('8ae458ab2ce627aa012ce629a3030006','2010-12-14 18:34:37','Admin',NULL,NULL,'Insert',NULL,NULL,'8ae458ab2ce627aa012ce629a3030005',NULL),('8ae458ab2ce627aa012ce629a3af0008','2010-12-14 18:34:37','Admin',NULL,NULL,'Insert',NULL,NULL,'8ae458ab2ce627aa012ce629a3af0007',NULL),('8ae458ab2ce627aa012ce629a4a9000a','2010-12-14 18:34:37','Admin',NULL,NULL,'Insert',NULL,NULL,'8ae458ab2ce627aa012ce629a4990009',NULL),('8ae458ab2ceae84d012ceaeb90fb0003','2010-12-15 16:44:55','Admin',NULL,NULL,'Insert',NULL,'8ae458ab2ceae84d012ceaeb90eb0001',NULL,NULL),('8ae458ab2ceb6182012ceb88bf1a0002','2010-12-15 19:36:36','Admin',NULL,NULL,NULL,NULL,NULL,NULL,NULL),('8ae458ab2ceb6182012ceb88c1aa0005','2010-12-15 19:36:37','Admin',NULL,NULL,'Insert',NULL,'8ae458ab2ceb6182012ceb88c1aa0004',NULL,NULL),('8ae458ab2ceb6182012ceb8c4b060009','2010-12-15 19:40:28','8ae458ab2ceb6182012ceb88bf0a0001',NULL,NULL,'Insert','8ae458ab2ceb6182012ceb8c4b060008',NULL,NULL,NULL),('8ae458ab2ceb6182012ceb8cb28b000b','2010-12-15 19:40:55','8ae458ab2ceb6182012ceb88bf0a0001',NULL,NULL,'Insert',NULL,'8ae458ab2ceb6182012ceb8cb28b000a',NULL,NULL),('8ae458ab2cf102e9012cf10436460003','2010-12-16 21:09:33','8ae458ab2ceb6182012ceb88bf0a0001',NULL,NULL,'Insert',NULL,'8ae458ab2cf102e9012cf10436460001',NULL,NULL),('8ae458ab2cf59b54012cf59cd0ba0002','2010-12-17 18:34:43','Admin',NULL,NULL,'Insert','8ae458ab2cf59b54012cf59cd0ab0001',NULL,NULL,NULL),('8ae458ab2d096a1d012d096ba7550002','2010-12-21 14:53:26','Admin',NULL,NULL,'Insert',NULL,NULL,NULL,'8ae458ab2d096a1d012d096ba7550001'),('8ae458ab2d096a1d012d096c96f70004','2010-12-21 14:54:27','Admin',NULL,NULL,'Insert',NULL,NULL,'8ae458ab2d096a1d012d096c96e70003',NULL),('8ae458ab2d096a1d012d096c991a0006','2010-12-21 14:54:28','Admin',NULL,NULL,'Insert',NULL,NULL,'8ae458ab2d096a1d012d096c990a0005',NULL),('8ae458ab2d09da99012d09dc52540002','2010-12-21 16:56:30','Admin',NULL,NULL,'Insert',NULL,'8ae458ab2d09da99012d09dc52540001',NULL,NULL),('8ae458ab2d09da99012d09dc70b00004','2010-12-21 16:56:37','Admin',NULL,NULL,'Insert',NULL,NULL,NULL,'8ae458ab2d09da99012d09dc70b00003'),('8ae458ab2d09da99012d09dc7e110006','2010-12-21 16:56:41','Admin',NULL,NULL,'Insert',NULL,NULL,NULL,'8ae458ab2d09da99012d09dc7e110005'),('8ae458ab2d09da99012d09dc8a680008','2010-12-21 16:56:44','Admin',NULL,NULL,'Insert',NULL,NULL,NULL,'8ae458ab2d09da99012d09dc8a680007'),('8ae458ab2d09dd9a012d09de83b10001','2010-12-21 16:58:53','Admin','2010-12-21 16:58:53','Admin','Update',NULL,NULL,'8ae458ab2ce627aa012ce629a2470003',NULL),('8ae458ab2d09dd9a012d09defc120002','2010-12-21 16:59:24','Admin','2010-12-21 16:59:24','Admin','Update',NULL,NULL,'8ae458ab2ce627aa012ce629a2470003',NULL),('8ae458ab2d09dd9a012d09defcae0004','2010-12-21 16:59:24','Admin',NULL,NULL,'Insert',NULL,NULL,'8ae458ab2d09dd9a012d09defc9e0003',NULL),('8ae458ab2d09dd9a012d09df32260005','2010-12-21 16:59:38','Admin','2010-12-21 16:59:38','Admin','Update',NULL,NULL,'8ae458ab2ce627aa012ce629a2470003',NULL),('8ae458ab2d09dd9a012d09df32d20006','2010-12-21 16:59:38','Admin','2010-12-21 16:59:38','Admin','Update',NULL,NULL,'8ae458ab2d09dd9a012d09defc9e0003',NULL),('8ae458ab2d09dd9a012d09df338e0007','2010-12-21 16:59:38','Admin','2010-12-21 16:59:38','Admin','Update',NULL,NULL,'8ae458ab2ce627aa012ce629a3030005',NULL),('8ae458ab2d09dd9a012d09df79ef0008','2010-12-21 16:59:56','Admin','2010-12-21 16:59:56','Admin','Update',NULL,NULL,'8ae458ab2ce627aa012ce629a2470003',NULL),('8ae458ab2d09dd9a012d09df7aaa0009','2010-12-21 16:59:56','Admin','2010-12-21 16:59:56','Admin','Update',NULL,NULL,'8ae458ab2d09dd9a012d09defc9e0003',NULL),('8ae458ab2d09dd9a012d09df7b66000a','2010-12-21 16:59:57','Admin','2010-12-21 16:59:57','Admin','Update',NULL,NULL,'8ae458ab2ce627aa012ce629a3030005',NULL),('8ae458ab2d09dd9a012d09df7c21000c','2010-12-21 16:59:57','Admin',NULL,NULL,'Insert',NULL,NULL,'8ae458ab2d09dd9a012d09df7c21000b',NULL),('8ae458ab2d09dd9a012d09dfd2af000d','2010-12-21 17:00:19','Admin','2010-12-21 17:00:19','Admin','Update',NULL,NULL,'8ae458ab2ce627aa012ce629a2470003',NULL),('8ae458ab2d09dd9a012d09dfd32c000e','2010-12-21 17:00:19','Admin','2010-12-21 17:00:19','Admin','Update',NULL,NULL,'8ae458ab2d09dd9a012d09defc9e0003',NULL),('8ae458ab2d09dd9a012d09dfd3e8000f','2010-12-21 17:00:19','Admin','2010-12-21 17:00:19','Admin','Update',NULL,NULL,'8ae458ab2ce627aa012ce629a3030005',NULL),('8ae458ab2d09dd9a012d09dfd4c20010','2010-12-21 17:00:20','Admin','2010-12-21 17:00:20','Admin','Update',NULL,NULL,'8ae458ab2d09dd9a012d09df7c21000b',NULL),('8ae458ab2d09dd9a012d09dfd57e0011','2010-12-21 17:00:20','Admin','2010-12-21 17:00:20','Admin','Update',NULL,NULL,'8ae458ab2ce627aa012ce629a3af0007',NULL),('8ae458ab2d09dd9a012d09dfd61a0013','2010-12-21 17:00:20','Admin',NULL,NULL,'Insert',NULL,NULL,'8ae458ab2d09dd9a012d09dfd61a0012',NULL),('8ae458ab2d09dd9a012d09e03cd50014','2010-12-21 17:00:46','Admin','2010-12-21 17:00:46','Admin','Update',NULL,NULL,'8ae458ab2ce627aa012ce629a2470003',NULL),('8ae458ab2d09dd9a012d09e03d810015','2010-12-21 17:00:46','Admin','2010-12-21 17:00:46','Admin','Update',NULL,NULL,'8ae458ab2d09dd9a012d09defc9e0003',NULL),('8ae458ab2d09dd9a012d09e03e3c0016','2010-12-21 17:00:47','Admin','2010-12-21 17:00:47','Admin','Update',NULL,NULL,'8ae458ab2ce627aa012ce629a3030005',NULL),('8ae458ab2d09dd9a012d09e03ef80017','2010-12-21 17:00:47','Admin','2010-12-21 17:00:47','Admin','Update',NULL,NULL,'8ae458ab2d09dd9a012d09df7c21000b',NULL),('8ae458ab2d09dd9a012d09e03fa40018','2010-12-21 17:00:47','Admin','2010-12-21 17:00:47','Admin','Update',NULL,NULL,'8ae458ab2ce627aa012ce629a3af0007',NULL),('8ae458ab2d09dd9a012d09e0408e0019','2010-12-21 17:00:47','Admin','2010-12-21 17:00:47','Admin','Update',NULL,NULL,'8ae458ab2d09dd9a012d09dfd61a0012',NULL),('8ae458ab2d09dd9a012d09e0413a001b','2010-12-21 17:00:47','Admin',NULL,NULL,'Insert',NULL,NULL,'8ae458ab2d09dd9a012d09e0413a001a',NULL),('8ae458ab2d09dd9a012d09e041d6001d','2010-12-21 17:00:47','Admin',NULL,NULL,'Insert',NULL,NULL,'8ae458ab2d09dd9a012d09e041d6001c',NULL),('8ae458ab2d09dd9a012d09e0faf8001e','2010-12-21 17:01:35','Admin','2010-12-21 17:01:35','Admin','Update',NULL,NULL,'8ae458ab2ce627aa012ce629a2470003',NULL),('8ae458ab2d09dd9a012d09e0fbb4001f','2010-12-21 17:01:35','Admin','2010-12-21 17:01:35','Admin','Update',NULL,NULL,'8ae458ab2d09dd9a012d09defc9e0003',NULL),('8ae458ab2d09dd9a012d09e0fc6f0020','2010-12-21 17:01:35','Admin','2010-12-21 17:01:35','Admin','Update',NULL,NULL,'8ae458ab2ce627aa012ce629a3030005',NULL),('8ae458ab2d09dd9a012d09e0fd1b0021','2010-12-21 17:01:35','Admin','2010-12-21 17:01:35','Admin','Update',NULL,NULL,'8ae458ab2d09dd9a012d09df7c21000b',NULL),('8ae458ab2d09dd9a012d09e0fd880022','2010-12-21 17:01:36','Admin','2010-12-21 17:01:36','Admin','Update',NULL,NULL,'8ae458ab2ce627aa012ce629a3af0007',NULL),('8ae458ab2d09dd9a012d09e0fe340023','2010-12-21 17:01:36','Admin','2010-12-21 17:01:36','Admin','Update',NULL,NULL,'8ae458ab2d09dd9a012d09dfd61a0012',NULL),('8ae458ab2d09dd9a012d09e0ff6d0024','2010-12-21 17:01:36','Admin','2010-12-21 17:01:36','Admin','Update',NULL,NULL,'8ae458ab2d09dd9a012d09e0413a001a',NULL),('8ae458ab2d09dd9a012d09e100190025','2010-12-21 17:01:36','Admin','2010-12-21 17:01:36','Admin','Update',NULL,NULL,'8ae458ab2d09dd9a012d09e041d6001c',NULL),('8ae458ab2d09dd9a012d09e17da80027','2010-12-21 17:02:08','Admin',NULL,NULL,'Insert',NULL,NULL,NULL,'8ae458ab2d09dd9a012d09e17da80026'),('8ae458ab2d09dd9a012d09e188c40029','2010-12-21 17:02:11','Admin',NULL,NULL,'Insert',NULL,NULL,NULL,'8ae458ab2d09dd9a012d09e188c40028'),('8ae458ab2d09dd9a012d09e196ae002b','2010-12-21 17:02:15','Admin',NULL,NULL,'Insert',NULL,NULL,NULL,'8ae458ab2d09dd9a012d09e196ae002a'),('8ae458ab2d09dd9a012d09e1a16d002d','2010-12-21 17:02:17','Admin',NULL,NULL,'Insert',NULL,NULL,NULL,'8ae458ab2d09dd9a012d09e1a16d002c'),('8ae458ab2d09dd9a012d09e3146c002e','2010-12-21 17:03:52','Admin','2010-12-21 17:03:52','Admin','Update',NULL,NULL,'8ae458ab2ce12264012ce12a5499000b',NULL),('8ae458ab2d09dd9a012d09e315950030','2010-12-21 17:03:53','Admin',NULL,NULL,'Insert',NULL,NULL,'8ae458ab2d09dd9a012d09e31576002f',NULL),('8ae458ab2d09dd9a012d09e38bc00031','2010-12-21 17:04:23','Admin','2010-12-21 17:04:23','Admin','Update',NULL,NULL,'8ae458ab2ce12264012ce12a5499000b',NULL),('8ae458ab2d09dd9a012d09e38c7b0032','2010-12-21 17:04:23','Admin','2010-12-21 17:04:23','Admin','Update',NULL,NULL,'8ae458ab2d09dd9a012d09e31576002f',NULL),('8ae458ab2d09dd9a012d09e38cf80034','2010-12-21 17:04:23','Admin',NULL,NULL,'Insert',NULL,NULL,'8ae458ab2d09dd9a012d09e38ce80033',NULL),('8ae458ab2d09dd9a012d09e3ac850035','2010-12-21 17:04:31','Admin','2010-12-21 17:04:31','Admin','Update',NULL,NULL,'8ae458ab2ce12264012ce12a5499000b',NULL),('8ae458ab2d09dd9a012d09e3ad500036','2010-12-21 17:04:32','Admin','2010-12-21 17:04:32','Admin','Update',NULL,NULL,'8ae458ab2d09dd9a012d09e31576002f',NULL),('8ae458ab2d09dd9a012d09e3adfb0037','2010-12-21 17:04:32','Admin','2010-12-21 17:04:32','Admin','Update',NULL,NULL,'8ae458ab2d09dd9a012d09e38ce80033',NULL),('8ae458ab2d09dd9a012d09e3ae980039','2010-12-21 17:04:32','Admin',NULL,NULL,'Insert',NULL,NULL,'8ae458ab2d09dd9a012d09e3ae980038',NULL),('8ae458ab2d09dd9a012d09e3d1dd003a','2010-12-21 17:04:41','Admin','2010-12-21 17:04:41','Admin','Update',NULL,NULL,'8ae458ab2ce12264012ce12a5499000b',NULL),('8ae458ab2d09dd9a012d09e3d299003b','2010-12-21 17:04:41','Admin','2010-12-21 17:04:41','Admin','Update',NULL,NULL,'8ae458ab2d09dd9a012d09e31576002f',NULL),('8ae458ab2d09dd9a012d09e3d345003c','2010-12-21 17:04:41','Admin','2010-12-21 17:04:41','Admin','Update',NULL,NULL,'8ae458ab2d09dd9a012d09e38ce80033',NULL),('8ae458ab2d09dd9a012d09e3d3f0003d','2010-12-21 17:04:41','Admin','2010-12-21 17:04:41','Admin','Update',NULL,NULL,'8ae458ab2d09dd9a012d09e3ae980038',NULL),('8ae458ab2d09dd9a012d09e3d48d003f','2010-12-21 17:04:42','Admin',NULL,NULL,'Insert',NULL,NULL,'8ae458ab2d09dd9a012d09e3d48d003e',NULL),('8ae458ab2d09dd9a012d09e409a40040','2010-12-21 17:04:55','Admin','2010-12-21 17:04:55','Admin','Update',NULL,NULL,'8ae458ab2ce12264012ce12a5499000b',NULL),('8ae458ab2d09dd9a012d09e40a500041','2010-12-21 17:04:55','Admin','2010-12-21 17:04:55','Admin','Update',NULL,NULL,'8ae458ab2d09dd9a012d09e31576002f',NULL),('8ae458ab2d09dd9a012d09e40afb0042','2010-12-21 17:04:56','Admin','2010-12-21 17:04:56','Admin','Update',NULL,NULL,'8ae458ab2d09dd9a012d09e38ce80033',NULL),('8ae458ab2d09dd9a012d09e40bb70043','2010-12-21 17:04:56','Admin','2010-12-21 17:04:56','Admin','Update',NULL,NULL,'8ae458ab2d09dd9a012d09e3ae980038',NULL),('8ae458ab2d09dd9a012d09e40c630044','2010-12-21 17:04:56','Admin','2010-12-21 17:04:56','Admin','Update',NULL,NULL,'8ae458ab2d09dd9a012d09e3d48d003e',NULL),('8ae458ab2d09dd9a012d09e40cef0046','2010-12-21 17:04:56','Admin',NULL,NULL,'Insert',NULL,NULL,'8ae458ab2d09dd9a012d09e40cef0045',NULL),('8ae458ab2d09dd9a012d09e40d8c0048','2010-12-21 17:04:56','Admin',NULL,NULL,'Insert',NULL,NULL,'8ae458ab2d09dd9a012d09e40d8c0047',NULL),('8ae458ab2d09dd9a012d09e43c0c0049','2010-12-21 17:05:08','Admin','2010-12-21 17:05:08','Admin','Update',NULL,NULL,'8ae458ab2ce12264012ce12a5499000b',NULL),('8ae458ab2d09dd9a012d09e43cc7004a','2010-12-21 17:05:08','Admin','2010-12-21 17:05:08','Admin','Update',NULL,NULL,'8ae458ab2d09dd9a012d09e31576002f',NULL),('8ae458ab2d09dd9a012d09e43d73004b','2010-12-21 17:05:08','Admin','2010-12-21 17:05:08','Admin','Update',NULL,NULL,'8ae458ab2d09dd9a012d09e38ce80033',NULL),('8ae458ab2d09dd9a012d09e43e0f004c','2010-12-21 17:05:09','Admin','2010-12-21 17:05:09','Admin','Update',NULL,NULL,'8ae458ab2d09dd9a012d09e3ae980038',NULL),('8ae458ab2d09dd9a012d09e43eca004d','2010-12-21 17:05:09','Admin','2010-12-21 17:05:09','Admin','Update',NULL,NULL,'8ae458ab2d09dd9a012d09e3d48d003e',NULL),('8ae458ab2d09dd9a012d09e43f76004e','2010-12-21 17:05:09','Admin','2010-12-21 17:05:09','Admin','Update',NULL,NULL,'8ae458ab2d09dd9a012d09e40cef0045',NULL),('8ae458ab2d09dd9a012d09e44022004f','2010-12-21 17:05:09','Admin','2010-12-21 17:05:09','Admin','Update',NULL,NULL,'8ae458ab2d09dd9a012d09e40d8c0047',NULL),('8ae458ab2d09dd9a012d09e440be0051','2010-12-21 17:05:09','Admin',NULL,NULL,'Insert',NULL,NULL,'8ae458ab2d09dd9a012d09e440be0050',NULL),('8ae458ab2d09dd9a012d09e4414b0053','2010-12-21 17:05:09','Admin',NULL,NULL,'Insert',NULL,NULL,'8ae458ab2d09dd9a012d09e4414b0052',NULL),('8ae458ab2d0a0416012d0a08ac2b0002','2010-12-21 17:44:56','Admin',NULL,NULL,'Insert','8ae458ab2d0a0416012d0a08ac2b0001',NULL,NULL,NULL),('8ae458ab2d0a0416012d0a08f9bb0004','2010-12-21 17:45:16','Admin',NULL,NULL,'Insert',NULL,NULL,NULL,'8ae458ab2d0a0416012d0a08f9bb0003'),('8ae458ab2d0a0416012d0a0904010006','2010-12-21 17:45:19','Admin',NULL,NULL,'Insert',NULL,NULL,NULL,'8ae458ab2d0a0416012d0a0904010005'),('8ae458ab2d0a0416012d0a0919f60008','2010-12-21 17:45:24','Admin',NULL,NULL,'Insert',NULL,NULL,'8ae458ab2d0a0416012d0a0919f60007',NULL),('8ae458ab2d0a0416012d0a094d660009','2010-12-21 17:45:37','Admin','2010-12-21 17:45:37','Admin','Update',NULL,NULL,'8ae458ab2d0a0416012d0a0919f60007',NULL),('8ae458ab2d0a0416012d0a094df3000b','2010-12-21 17:45:38','Admin',NULL,NULL,'Insert',NULL,NULL,'8ae458ab2d0a0416012d0a094df3000a',NULL),('8ae458ab2d0a0416012d0a09830a000c','2010-12-21 17:45:51','Admin','2010-12-21 17:45:51','Admin','Update',NULL,NULL,'8ae458ab2d0a0416012d0a0919f60007',NULL),('8ae458ab2d0a0416012d0a0983c6000d','2010-12-21 17:45:51','Admin','2010-12-21 17:45:51','Admin','Update',NULL,NULL,'8ae458ab2d0a0416012d0a094df3000a',NULL),('8ae458ab2d0a0416012d0a098463000f','2010-12-21 17:45:51','Admin',NULL,NULL,'Insert',NULL,NULL,'8ae458ab2d0a0416012d0a098463000e',NULL),('8ae458ab2d0a0416012d0a0984ff0011','2010-12-21 17:45:52','Admin',NULL,NULL,'Insert',NULL,NULL,'8ae458ab2d0a0416012d0a0984ef0010',NULL),('8ae458ab2d0a37b6012d0a3a33920002','2010-12-21 18:39:02','Admin',NULL,NULL,'Insert','8ae458ab2d0a37b6012d0a3a33920001',NULL,NULL,NULL),('8ae458ab2d0a37b6012d0a3a4d530004','2010-12-21 18:39:09','Admin',NULL,NULL,'Insert',NULL,NULL,NULL,'8ae458ab2d0a37b6012d0a3a4d530003'),('8ae458ab2d0a37b6012d0a3a59390006','2010-12-21 18:39:12','Admin',NULL,NULL,'Insert',NULL,NULL,NULL,'8ae458ab2d0a37b6012d0a3a59390005'),('8ae458ab2d0a37b6012d0a3b06c80008','2010-12-21 18:39:56','Admin',NULL,NULL,'Insert',NULL,NULL,'8ae458ab2d0a37b6012d0a3b06c80007',NULL),('8ae458ab2d0a37b6012d0a3b0764000a','2010-12-21 18:39:56','Admin',NULL,NULL,'Insert',NULL,NULL,'8ae458ab2d0a37b6012d0a3b07640009',NULL),('8ae458ab2d0a37b6012d0a3b0800000c','2010-12-21 18:39:56','Admin',NULL,NULL,'Insert',NULL,NULL,'8ae458ab2d0a37b6012d0a3b0800000b',NULL),('8ae458ab2d2e9fec012d2ea066e10001','2010-12-28 20:17:00','Admin','2010-12-28 20:17:00','Admin','Update','8ae458ab2ce5c5c0012ce5c6a5e90001',NULL,NULL,NULL),('8ae458ab2d3283ff012d3298dfde0003','2010-12-29 14:47:15','8ae458ab2ceb6182012ceb88bf0a0001','2010-12-29 14:47:15','8ae458ab2ceb6182012ceb88bf0a0001','Update',NULL,NULL,'8ae458ab2ce627aa012ce629a2470003',NULL),('8ae458ab2d3283ff012d329f303e0005','2010-12-29 14:54:09','8ae458ab2ceb6182012ceb88bf0a0001',NULL,NULL,'Insert',NULL,NULL,NULL,'8ae458ab2d3283ff012d329f303e0004'),('8ae458ab2d3283ff012d329f719d0007','2010-12-29 14:54:26','8ae458ab2ceb6182012ceb88bf0a0001',NULL,NULL,'Insert',NULL,NULL,'8ae458ab2d3283ff012d329f719d0006',NULL),('8ae458ab2d3283ff012d32a468940009','2010-12-29 14:59:51','8ae458ab2ceb6182012ceb88bf0a0001',NULL,NULL,'Insert',NULL,NULL,NULL,'8ae458ab2d3283ff012d32a468850008'),('8ae458ab2d3283ff012d32a49dce000b','2010-12-29 15:00:05','8ae458ab2ceb6182012ceb88bf0a0001',NULL,NULL,'Insert',NULL,NULL,'8ae458ab2d3283ff012d32a49dbe000a',NULL),('8ae458ab2d3283ff012d32af08ed000c','2010-12-29 15:11:27','8ae458ab2ceb6182012ceb88bf0a0001','2010-12-29 15:11:27','8ae458ab2ceb6182012ceb88bf0a0001','Update',NULL,NULL,'8ae458ab2d3283ff012d32a49dbe000a',NULL),('8ae458ab2d3283ff012d32af6f48000d','2010-12-29 15:11:54','8ae458ab2ceb6182012ceb88bf0a0001','2010-12-29 15:11:54','8ae458ab2ceb6182012ceb88bf0a0001','Update',NULL,NULL,'8ae458ab2d3283ff012d32a49dbe000a',NULL),('8ae458ab2d32c846012d32ca369f0001','2010-12-29 15:41:09','8ae458ab2ceb6182012ceb88bf0a0001','2010-12-29 15:41:09','8ae458ab2ceb6182012ceb88bf0a0001','Update','8ae458ab2ceb6182012ceb8c4b060008',NULL,NULL,NULL),('8ae458ab2d37fbd9012d381a20c80001','2010-12-30 16:26:32','8ae458ab2ceb6182012ceb88bf0a0001','2010-12-30 16:26:32','8ae458ab2ceb6182012ceb88bf0a0001','Update',NULL,NULL,'8ae458ab2ce627aa012ce629a2470003',NULL),('8ae458ab2d37fbd9012d381a21650003','2010-12-30 16:26:32','8ae458ab2ceb6182012ceb88bf0a0001',NULL,NULL,'Insert',NULL,NULL,'8ae458ab2d37fbd9012d381a21650002',NULL),('8ae458ab2d37fbd9012d381a22200004','2010-12-30 16:26:32','8ae458ab2ceb6182012ceb88bf0a0001','2010-12-30 16:26:32','8ae458ab2ceb6182012ceb88bf0a0001','Update',NULL,NULL,'8ae458ab2ce627aa012ce629a3030005',NULL),('8ae458ab2d37fbd9012d381a22eb0006','2010-12-30 16:26:33','8ae458ab2ceb6182012ceb88bf0a0001',NULL,NULL,'Insert',NULL,NULL,'8ae458ab2d37fbd9012d381a22eb0005',NULL),('8ae458ab2d37fbd9012d381a24330007','2010-12-30 16:26:33','8ae458ab2ceb6182012ceb88bf0a0001','2010-12-30 16:26:33','8ae458ab2ceb6182012ceb88bf0a0001','Update',NULL,NULL,'8ae458ab2ce627aa012ce629a3af0007',NULL),('8ae458ab2d37fbd9012d381a24c00009','2010-12-30 16:26:33','8ae458ab2ceb6182012ceb88bf0a0001',NULL,NULL,'Insert',NULL,NULL,'8ae458ab2d37fbd9012d381a24c00008',NULL),('8ae458ab2d37fbd9012d381a256c000a','2010-12-30 16:26:33','8ae458ab2ceb6182012ceb88bf0a0001','2010-12-30 16:26:33','8ae458ab2ceb6182012ceb88bf0a0001','Update',NULL,NULL,'8ae458ab2d09dd9a012d09e0413a001a',NULL),('8ae458ab2d37fbd9012d381a2627000b','2010-12-30 16:26:33','8ae458ab2ceb6182012ceb88bf0a0001','2010-12-30 16:26:33','8ae458ab2ceb6182012ceb88bf0a0001','Update',NULL,NULL,'8ae458ab2d09dd9a012d09e041d6001c',NULL),('8ae458ab2d37fbd9012d381a4548002e','2010-12-30 16:26:41','8ae458ab2ceb6182012ceb88bf0a0001','2010-12-30 16:26:41','8ae458ab2ceb6182012ceb88bf0a0001','Update',NULL,NULL,'8ae458ab2ce627aa012ce629a2470003',NULL),('8ae458ab2d37fbd9012d381a4614002f','2010-12-30 16:26:42','8ae458ab2ceb6182012ceb88bf0a0001','2010-12-30 16:26:42','8ae458ab2ceb6182012ceb88bf0a0001','Update',NULL,NULL,'8ae458ab2d37fbd9012d381a21650002',NULL),('8ae458ab2d37fbd9012d381a46bf0030','2010-12-30 16:26:42','8ae458ab2ceb6182012ceb88bf0a0001','2010-12-30 16:26:42','8ae458ab2ceb6182012ceb88bf0a0001','Update',NULL,NULL,'8ae458ab2ce627aa012ce629a3030005',NULL),('8ae458ab2d37fbd9012d381a478b0031','2010-12-30 16:26:42','8ae458ab2ceb6182012ceb88bf0a0001','2010-12-30 16:26:42','8ae458ab2ceb6182012ceb88bf0a0001','Update',NULL,NULL,'8ae458ab2d37fbd9012d381a22eb0005',NULL),('8ae458ab2d37fbd9012d381a48360032','2010-12-30 16:26:42','8ae458ab2ceb6182012ceb88bf0a0001','2010-12-30 16:26:42','8ae458ab2ceb6182012ceb88bf0a0001','Update',NULL,NULL,'8ae458ab2ce627aa012ce629a3af0007',NULL),('8ae458ab2d37fbd9012d381a48e20033','2010-12-30 16:26:42','8ae458ab2ceb6182012ceb88bf0a0001','2010-12-30 16:26:42','8ae458ab2ceb6182012ceb88bf0a0001','Update',NULL,NULL,'8ae458ab2d37fbd9012d381a24c00008',NULL),('8ae458ab2d37fbd9012d381a499e0034','2010-12-30 16:26:42','8ae458ab2ceb6182012ceb88bf0a0001','2010-12-30 16:26:42','8ae458ab2ceb6182012ceb88bf0a0001','Update',NULL,NULL,'8ae458ab2d09dd9a012d09e0413a001a',NULL),('8ae458ab2d37fbd9012d381a4a690035','2010-12-30 16:26:43','8ae458ab2ceb6182012ceb88bf0a0001','2010-12-30 16:26:43','8ae458ab2ceb6182012ceb88bf0a0001','Update',NULL,NULL,'8ae458ab2d09dd9a012d09e041d6001c',NULL),('8ae458ab2d37fbd9012d381a8fdf0047','2010-12-30 16:27:00','8ae458ab2ceb6182012ceb88bf0a0001','2010-12-30 16:27:00','8ae458ab2ceb6182012ceb88bf0a0001','Update',NULL,NULL,'8ae458ab2ce627aa012ce629a2470003',NULL),('8ae458ab2d37fbd9012d381a909a0048','2010-12-30 16:27:01','8ae458ab2ceb6182012ceb88bf0a0001','2010-12-30 16:27:01','8ae458ab2ceb6182012ceb88bf0a0001','Update',NULL,NULL,'8ae458ab2d37fbd9012d381a21650002',NULL),('8ae458ab2d37fbd9012d381a91650049','2010-12-30 16:27:01','8ae458ab2ceb6182012ceb88bf0a0001','2010-12-30 16:27:01','8ae458ab2ceb6182012ceb88bf0a0001','Update',NULL,NULL,'8ae458ab2ce627aa012ce629a3030005',NULL),('8ae458ab2d37fbd9012d381a9240004a','2010-12-30 16:27:01','8ae458ab2ceb6182012ceb88bf0a0001','2010-12-30 16:27:01','8ae458ab2ceb6182012ceb88bf0a0001','Update',NULL,NULL,'8ae458ab2d37fbd9012d381a22eb0005',NULL),('8ae458ab2d37fbd9012d381a92ec004b','2010-12-30 16:27:01','8ae458ab2ceb6182012ceb88bf0a0001','2010-12-30 16:27:01','8ae458ab2ceb6182012ceb88bf0a0001','Update',NULL,NULL,'8ae458ab2ce627aa012ce629a3af0007',NULL),('8ae458ab2d37fbd9012d381a9444004c','2010-12-30 16:27:02','8ae458ab2ceb6182012ceb88bf0a0001','2010-12-30 16:27:02','8ae458ab2ceb6182012ceb88bf0a0001','Update',NULL,NULL,'8ae458ab2d37fbd9012d381a24c00008',NULL),('8ae458ab2d37fbd9012d381a94e0004d','2010-12-30 16:27:02','8ae458ab2ceb6182012ceb88bf0a0001','2010-12-30 16:27:02','8ae458ab2ceb6182012ceb88bf0a0001','Update',NULL,NULL,'8ae458ab2d09dd9a012d09e0413a001a',NULL),('8ae458ab2d37fbd9012d381a959c004e','2010-12-30 16:27:02','8ae458ab2ceb6182012ceb88bf0a0001','2010-12-30 16:27:02','8ae458ab2ceb6182012ceb88bf0a0001','Update',NULL,NULL,'8ae458ab2d09dd9a012d09e041d6001c',NULL),('8ae458ab2d37fbd9012d381a9a4f0060','2010-12-30 16:27:03','8ae458ab2ceb6182012ceb88bf0a0001','2010-12-30 16:27:03','8ae458ab2ceb6182012ceb88bf0a0001','Update',NULL,NULL,'8ae458ab2ce627aa012ce629a2470003',NULL),('8ae458ab2d37fbd9012d381a9afb0061','2010-12-30 16:27:03','8ae458ab2ceb6182012ceb88bf0a0001','2010-12-30 16:27:03','8ae458ab2ceb6182012ceb88bf0a0001','Update',NULL,NULL,'8ae458ab2d37fbd9012d381a21650002',NULL),('8ae458ab2d37fbd9012d381a9b970062','2010-12-30 16:27:03','8ae458ab2ceb6182012ceb88bf0a0001','2010-12-30 16:27:03','8ae458ab2ceb6182012ceb88bf0a0001','Update',NULL,NULL,'8ae458ab2ce627aa012ce629a3030005',NULL),('8ae458ab2d37fbd9012d381a9c430063','2010-12-30 16:27:04','8ae458ab2ceb6182012ceb88bf0a0001','2010-12-30 16:27:04','8ae458ab2ceb6182012ceb88bf0a0001','Update',NULL,NULL,'8ae458ab2d37fbd9012d381a22eb0005',NULL),('8ae458ab2d37fbd9012d381a9cdf0064','2010-12-30 16:27:04','8ae458ab2ceb6182012ceb88bf0a0001','2010-12-30 16:27:04','8ae458ab2ceb6182012ceb88bf0a0001','Update',NULL,NULL,'8ae458ab2ce627aa012ce629a3af0007',NULL),('8ae458ab2d37fbd9012d381a9e560065','2010-12-30 16:27:04','8ae458ab2ceb6182012ceb88bf0a0001','2010-12-30 16:27:04','8ae458ab2ceb6182012ceb88bf0a0001','Update',NULL,NULL,'8ae458ab2d37fbd9012d381a24c00008',NULL),('8ae458ab2d37fbd9012d381a9fae0066','2010-12-30 16:27:05','8ae458ab2ceb6182012ceb88bf0a0001','2010-12-30 16:27:05','8ae458ab2ceb6182012ceb88bf0a0001','Update',NULL,NULL,'8ae458ab2d09dd9a012d09e0413a001a',NULL),('8ae458ab2d37fbd9012d381aa0690067','2010-12-30 16:27:05','8ae458ab2ceb6182012ceb88bf0a0001','2010-12-30 16:27:05','8ae458ab2ceb6182012ceb88bf0a0001','Update',NULL,NULL,'8ae458ab2d09dd9a012d09e041d6001c',NULL),('8ae458ab2d37fbd9012d381aa3570068','2010-12-30 16:27:05','8ae458ab2ceb6182012ceb88bf0a0001','2010-12-30 16:27:05','8ae458ab2ceb6182012ceb88bf0a0001','Update',NULL,NULL,'8ae458ab2ce627aa012ce629a2470003',NULL),('8ae458ab2d37fbd9012d381aa4420069','2010-12-30 16:27:06','8ae458ab2ceb6182012ceb88bf0a0001','2010-12-30 16:27:06','8ae458ab2ceb6182012ceb88bf0a0001','Update',NULL,NULL,'8ae458ab2d37fbd9012d381a21650002',NULL),('8ae458ab2d37fbd9012d381aa4ee006a','2010-12-30 16:27:06','8ae458ab2ceb6182012ceb88bf0a0001','2010-12-30 16:27:06','8ae458ab2ceb6182012ceb88bf0a0001','Update',NULL,NULL,'8ae458ab2ce627aa012ce629a3030005',NULL),('8ae458ab2d37fbd9012d381aa5a9006b','2010-12-30 16:27:06','8ae458ab2ceb6182012ceb88bf0a0001','2010-12-30 16:27:06','8ae458ab2ceb6182012ceb88bf0a0001','Update',NULL,NULL,'8ae458ab2d37fbd9012d381a22eb0005',NULL),('8ae458ab2d37fbd9012d381aa655006c','2010-12-30 16:27:06','8ae458ab2ceb6182012ceb88bf0a0001','2010-12-30 16:27:06','8ae458ab2ceb6182012ceb88bf0a0001','Update',NULL,NULL,'8ae458ab2ce627aa012ce629a3af0007',NULL),('8ae458ab2d37fbd9012d381aa76e007e','2010-12-30 16:27:06','8ae458ab2ceb6182012ceb88bf0a0001','2010-12-30 16:27:06','8ae458ab2ceb6182012ceb88bf0a0001','Update',NULL,NULL,'8ae458ab2d37fbd9012d381a24c00008',NULL),('8ae458ab2d37fbd9012d381aa80b007f','2010-12-30 16:27:07','8ae458ab2ceb6182012ceb88bf0a0001','2010-12-30 16:27:07','8ae458ab2ceb6182012ceb88bf0a0001','Update',NULL,NULL,'8ae458ab2d09dd9a012d09e0413a001a',NULL),('8ae458ab2d37fbd9012d381aa8b60080','2010-12-30 16:27:07','8ae458ab2ceb6182012ceb88bf0a0001','2010-12-30 16:27:07','8ae458ab2ceb6182012ceb88bf0a0001','Update',NULL,NULL,'8ae458ab2d09dd9a012d09e041d6001c',NULL),('8ae458ab2d37fbd9012d381aafdb0092','2010-12-30 16:27:09','8ae458ab2ceb6182012ceb88bf0a0001','2010-12-30 16:27:09','8ae458ab2ceb6182012ceb88bf0a0001','Update',NULL,NULL,'8ae458ab2ce627aa012ce629a2470003',NULL),('8ae458ab2d37fbd9012d381ab0860093','2010-12-30 16:27:09','8ae458ab2ceb6182012ceb88bf0a0001','2010-12-30 16:27:09','8ae458ab2ceb6182012ceb88bf0a0001','Update',NULL,NULL,'8ae458ab2d37fbd9012d381a21650002',NULL),('8ae458ab2d37fbd9012d381ab1420094','2010-12-30 16:27:09','8ae458ab2ceb6182012ceb88bf0a0001','2010-12-30 16:27:09','8ae458ab2ceb6182012ceb88bf0a0001','Update',NULL,NULL,'8ae458ab2ce627aa012ce629a3030005',NULL),('8ae458ab2d37fbd9012d381ab1ee0095','2010-12-30 16:27:09','8ae458ab2ceb6182012ceb88bf0a0001','2010-12-30 16:27:09','8ae458ab2ceb6182012ceb88bf0a0001','Update',NULL,NULL,'8ae458ab2d37fbd9012d381a22eb0005',NULL),('8ae458ab2d37fbd9012d381ab2a90096','2010-12-30 16:27:09','8ae458ab2ceb6182012ceb88bf0a0001','2010-12-30 16:27:09','8ae458ab2ceb6182012ceb88bf0a0001','Update',NULL,NULL,'8ae458ab2ce627aa012ce629a3af0007',NULL),('8ae458ab2d37fbd9012d381ab3460097','2010-12-30 16:27:10','8ae458ab2ceb6182012ceb88bf0a0001','2010-12-30 16:27:10','8ae458ab2ceb6182012ceb88bf0a0001','Update',NULL,NULL,'8ae458ab2d37fbd9012d381a24c00008',NULL),('8ae458ab2d37fbd9012d381ab3e20098','2010-12-30 16:27:10','8ae458ab2ceb6182012ceb88bf0a0001','2010-12-30 16:27:10','8ae458ab2ceb6182012ceb88bf0a0001','Update',NULL,NULL,'8ae458ab2d09dd9a012d09e0413a001a',NULL),('8ae458ab2d37fbd9012d381ab49d0099','2010-12-30 16:27:10','8ae458ab2ceb6182012ceb88bf0a0001','2010-12-30 16:27:10','8ae458ab2ceb6182012ceb88bf0a0001','Update',NULL,NULL,'8ae458ab2d09dd9a012d09e041d6001c',NULL),('8ae458ab2d37fbd9012d384d32a0009a','2010-12-30 17:22:19','8ae458ab2ceb6182012ceb88bf0a0001','2010-12-30 17:22:19','8ae458ab2ceb6182012ceb88bf0a0001','Update',NULL,NULL,'8ae458ab2ce627aa012ce629a2470003',NULL),('8ae458ab2d37fbd9012d384d337b009b','2010-12-30 17:22:19','8ae458ab2ceb6182012ceb88bf0a0001','2010-12-30 17:22:19','8ae458ab2ceb6182012ceb88bf0a0001','Update',NULL,NULL,'8ae458ab2d37fbd9012d381a21650002',NULL),('8ae458ab2d37fbd9012d384d3417009c','2010-12-30 17:22:19','8ae458ab2ceb6182012ceb88bf0a0001','2010-12-30 17:22:19','8ae458ab2ceb6182012ceb88bf0a0001','Update',NULL,NULL,'8ae458ab2ce627aa012ce629a3030005',NULL),('8ae458ab2d37fbd9012d384d34f2009d','2010-12-30 17:22:20','8ae458ab2ceb6182012ceb88bf0a0001','2010-12-30 17:22:20','8ae458ab2ceb6182012ceb88bf0a0001','Update',NULL,NULL,'8ae458ab2d37fbd9012d381a22eb0005',NULL),('8ae458ab2d37fbd9012d384d369800af','2010-12-30 17:22:20','8ae458ab2ceb6182012ceb88bf0a0001','2010-12-30 17:22:20','8ae458ab2ceb6182012ceb88bf0a0001','Update',NULL,NULL,'8ae458ab2ce627aa012ce629a3af0007',NULL),('8ae458ab2d37fbd9012d384d380f00b0','2010-12-30 17:22:20','8ae458ab2ceb6182012ceb88bf0a0001','2010-12-30 17:22:20','8ae458ab2ceb6182012ceb88bf0a0001','Update',NULL,NULL,'8ae458ab2d37fbd9012d381a24c00008',NULL),('8ae458ab2d37fbd9012d384d38bb00b1','2010-12-30 17:22:20','8ae458ab2ceb6182012ceb88bf0a0001','2010-12-30 17:22:20','8ae458ab2ceb6182012ceb88bf0a0001','Update',NULL,NULL,'8ae458ab2d09dd9a012d09e0413a001a',NULL),('8ae458ab2d37fbd9012d384d39b500b2','2010-12-30 17:22:21','8ae458ab2ceb6182012ceb88bf0a0001','2010-12-30 17:22:21','8ae458ab2ceb6182012ceb88bf0a0001','Update',NULL,NULL,'8ae458ab2d09dd9a012d09e041d6001c',NULL),('8ae458ab2d37fbd9012d385aba8b00c4','2010-12-30 17:37:06','8ae458ab2ceb6182012ceb88bf0a0001','2010-12-30 17:37:06','8ae458ab2ceb6182012ceb88bf0a0001','Update',NULL,NULL,'8ae458ab2ce627aa012ce629a2470003',NULL),('8ae458ab2d37fbd9012d385abc0200c5','2010-12-30 17:37:06','8ae458ab2ceb6182012ceb88bf0a0001','2010-12-30 17:37:06','8ae458ab2ceb6182012ceb88bf0a0001','Update',NULL,NULL,'8ae458ab2d37fbd9012d381a21650002',NULL),('8ae458ab2d37fbd9012d385abd5a00c6','2010-12-30 17:37:06','8ae458ab2ceb6182012ceb88bf0a0001','2010-12-30 17:37:06','8ae458ab2ceb6182012ceb88bf0a0001','Update',NULL,NULL,'8ae458ab2ce627aa012ce629a3030005',NULL),('8ae458ab2d37fbd9012d385abe0600c7','2010-12-30 17:37:07','8ae458ab2ceb6182012ceb88bf0a0001','2010-12-30 17:37:07','8ae458ab2ceb6182012ceb88bf0a0001','Update',NULL,NULL,'8ae458ab2d37fbd9012d381a22eb0005',NULL),('8ae458ab2d37fbd9012d385abea200c8','2010-12-30 17:37:07','8ae458ab2ceb6182012ceb88bf0a0001','2010-12-30 17:37:07','8ae458ab2ceb6182012ceb88bf0a0001','Update',NULL,NULL,'8ae458ab2ce627aa012ce629a3af0007',NULL),('8ae458ab2d37fbd9012d385abf4e00c9','2010-12-30 17:37:07','8ae458ab2ceb6182012ceb88bf0a0001','2010-12-30 17:37:07','8ae458ab2ceb6182012ceb88bf0a0001','Update',NULL,NULL,'8ae458ab2d37fbd9012d381a24c00008',NULL),('8ae458ab2d37fbd9012d385abffa00ca','2010-12-30 17:37:07','8ae458ab2ceb6182012ceb88bf0a0001','2010-12-30 17:37:07','8ae458ab2ceb6182012ceb88bf0a0001','Update',NULL,NULL,'8ae458ab2d09dd9a012d09e0413a001a',NULL),('8ae458ab2d37fbd9012d385ac05800cb','2010-12-30 17:37:07','8ae458ab2ceb6182012ceb88bf0a0001','2010-12-30 17:37:07','8ae458ab2ceb6182012ceb88bf0a0001','Update',NULL,NULL,'8ae458ab2d09dd9a012d09e041d6001c',NULL),('8ae458ab2d37fbd9012d385ac9be00cc','2010-12-30 17:37:10','8ae458ab2ceb6182012ceb88bf0a0001','2010-12-30 17:37:10','8ae458ab2ceb6182012ceb88bf0a0001','Update',NULL,NULL,'8ae458ab2ce627aa012ce629a2470003',NULL),('8ae458ab2d37fbd9012d385acb3500cd','2010-12-30 17:37:10','8ae458ab2ceb6182012ceb88bf0a0001','2010-12-30 17:37:10','8ae458ab2ceb6182012ceb88bf0a0001','Update',NULL,NULL,'8ae458ab2d37fbd9012d381a21650002',NULL),('8ae458ab2d37fbd9012d385acbf000ce','2010-12-30 17:37:10','8ae458ab2ceb6182012ceb88bf0a0001','2010-12-30 17:37:10','8ae458ab2ceb6182012ceb88bf0a0001','Update',NULL,NULL,'8ae458ab2ce627aa012ce629a3030005',NULL),('8ae458ab2d37fbd9012d385accac00cf','2010-12-30 17:37:10','8ae458ab2ceb6182012ceb88bf0a0001','2010-12-30 17:37:10','8ae458ab2ceb6182012ceb88bf0a0001','Update',NULL,NULL,'8ae458ab2d37fbd9012d381a22eb0005',NULL),('8ae458ab2d37fbd9012d385acd6700d0','2010-12-30 17:37:11','8ae458ab2ceb6182012ceb88bf0a0001','2010-12-30 17:37:11','8ae458ab2ceb6182012ceb88bf0a0001','Update',NULL,NULL,'8ae458ab2ce627aa012ce629a3af0007',NULL),('8ae458ab2d37fbd9012d385ace2300d1','2010-12-30 17:37:11','8ae458ab2ceb6182012ceb88bf0a0001','2010-12-30 17:37:11','8ae458ab2ceb6182012ceb88bf0a0001','Update',NULL,NULL,'8ae458ab2d37fbd9012d381a24c00008',NULL),('8ae458ab2d37fbd9012d385acecf00d2','2010-12-30 17:37:11','8ae458ab2ceb6182012ceb88bf0a0001','2010-12-30 17:37:11','8ae458ab2ceb6182012ceb88bf0a0001','Update',NULL,NULL,'8ae458ab2d09dd9a012d09e0413a001a',NULL),('8ae458ab2d37fbd9012d385acfaa00d3','2010-12-30 17:37:11','8ae458ab2ceb6182012ceb88bf0a0001','2010-12-30 17:37:11','8ae458ab2ceb6182012ceb88bf0a0001','Update',NULL,NULL,'8ae458ab2d09dd9a012d09e041d6001c',NULL),('8ae458ab2d37fbd9012d385b2de700d4','2010-12-30 17:37:35','8ae458ab2ceb6182012ceb88bf0a0001','2010-12-30 17:37:35','8ae458ab2ceb6182012ceb88bf0a0001','Update',NULL,NULL,'8ae458ab2ce627aa012ce629a2470003',NULL),('8ae458ab2d37fbd9012d385b2f9d00d5','2010-12-30 17:37:36','8ae458ab2ceb6182012ceb88bf0a0001','2010-12-30 17:37:36','8ae458ab2ceb6182012ceb88bf0a0001','Update',NULL,NULL,'8ae458ab2d37fbd9012d381a21650002',NULL),('8ae458ab2d37fbd9012d385b305800d6','2010-12-30 17:37:36','8ae458ab2ceb6182012ceb88bf0a0001','2010-12-30 17:37:36','8ae458ab2ceb6182012ceb88bf0a0001','Update',NULL,NULL,'8ae458ab2ce627aa012ce629a3030005',NULL),('8ae458ab2d37fbd9012d385b310400d7','2010-12-30 17:37:36','8ae458ab2ceb6182012ceb88bf0a0001','2010-12-30 17:37:36','8ae458ab2ceb6182012ceb88bf0a0001','Update',NULL,NULL,'8ae458ab2d37fbd9012d381a22eb0005',NULL),('8ae458ab2d37fbd9012d385b31b000d8','2010-12-30 17:37:36','8ae458ab2ceb6182012ceb88bf0a0001','2010-12-30 17:37:36','8ae458ab2ceb6182012ceb88bf0a0001','Update',NULL,NULL,'8ae458ab2ce627aa012ce629a3af0007',NULL),('8ae458ab2d37fbd9012d385b32aa00d9','2010-12-30 17:37:36','8ae458ab2ceb6182012ceb88bf0a0001','2010-12-30 17:37:36','8ae458ab2ceb6182012ceb88bf0a0001','Update',NULL,NULL,'8ae458ab2d37fbd9012d381a24c00008',NULL),('8ae458ab2d37fbd9012d385b335600da','2010-12-30 17:37:37','8ae458ab2ceb6182012ceb88bf0a0001','2010-12-30 17:37:37','8ae458ab2ceb6182012ceb88bf0a0001','Update',NULL,NULL,'8ae458ab2d09dd9a012d09e0413a001a',NULL),('8ae458ab2d37fbd9012d385b33f200db','2010-12-30 17:37:37','8ae458ab2ceb6182012ceb88bf0a0001','2010-12-30 17:37:37','8ae458ab2ceb6182012ceb88bf0a0001','Update',NULL,NULL,'8ae458ab2d09dd9a012d09e041d6001c',NULL),('8ae458ab2d37fbd9012d38638db600ed','2010-12-30 17:46:44','8ae458ab2ceb6182012ceb88bf0a0001','2010-12-30 17:46:44','8ae458ab2ceb6182012ceb88bf0a0001','Update',NULL,NULL,'8ae458ab2ce627aa012ce629a2470003',NULL),('8ae458ab2d37fbd9012d3863bff200ee','2010-12-30 17:46:57','8ae458ab2ceb6182012ceb88bf0a0001','2010-12-30 17:46:57','8ae458ab2ceb6182012ceb88bf0a0001','Update',NULL,NULL,'8ae458ab2ce627aa012ce629a2470003',NULL),('8ae458ab2d37fbd9012d3863c0bd00ef','2010-12-30 17:46:57','8ae458ab2ceb6182012ceb88bf0a0001','2010-12-30 17:46:57','8ae458ab2ceb6182012ceb88bf0a0001','Update',NULL,NULL,'8ae458ab2d37fbd9012d381a21650002',NULL),('8ae458ab2d37fbd9012d3863c17800f0','2010-12-30 17:46:57','8ae458ab2ceb6182012ceb88bf0a0001','2010-12-30 17:46:57','8ae458ab2ceb6182012ceb88bf0a0001','Update',NULL,NULL,'8ae458ab2ce627aa012ce629a3030005',NULL),('8ae458ab2d37fbd9012d3863c22400f1','2010-12-30 17:46:57','8ae458ab2ceb6182012ceb88bf0a0001','2010-12-30 17:46:57','8ae458ab2ceb6182012ceb88bf0a0001','Update',NULL,NULL,'8ae458ab2d37fbd9012d381a22eb0005',NULL),('8ae458ab2d37fbd9012d3863c2d000f2','2010-12-30 17:46:58','8ae458ab2ceb6182012ceb88bf0a0001','2010-12-30 17:46:58','8ae458ab2ceb6182012ceb88bf0a0001','Update',NULL,NULL,'8ae458ab2ce627aa012ce629a3af0007',NULL),('8ae458ab2d37fbd9012d3863c33d00f3','2010-12-30 17:46:58','8ae458ab2ceb6182012ceb88bf0a0001','2010-12-30 17:46:58','8ae458ab2ceb6182012ceb88bf0a0001','Update',NULL,NULL,'8ae458ab2d37fbd9012d381a24c00008',NULL),('8ae458ab2d37fbd9012d3863c41800f4','2010-12-30 17:46:58','8ae458ab2ceb6182012ceb88bf0a0001','2010-12-30 17:46:58','8ae458ab2ceb6182012ceb88bf0a0001','Update',NULL,NULL,'8ae458ab2d09dd9a012d09e0413a001a',NULL),('8ae458ab2d37fbd9012d3863c5ed0106','2010-12-30 17:46:58','8ae458ab2ceb6182012ceb88bf0a0001','2010-12-30 17:46:58','8ae458ab2ceb6182012ceb88bf0a0001','Update',NULL,NULL,'8ae458ab2d09dd9a012d09e041d6001c',NULL),('8ae458ab2d37fbd9012d386672d30118','2010-12-30 17:49:54','8ae458ab2ceb6182012ceb88bf0a0001','2010-12-30 17:49:54','8ae458ab2ceb6182012ceb88bf0a0001','Update',NULL,NULL,'8ae458ab2ce627aa012ce629a2470003',NULL),('8ae458ab2d37fbd9012d38673fe8012a','2010-12-30 17:50:46','8ae458ab2ceb6182012ceb88bf0a0001','2010-12-30 17:50:46','8ae458ab2ceb6182012ceb88bf0a0001','Update',NULL,NULL,'8ae458ab2ce627aa012ce629a2470003',NULL),('8ae458ab2d37fbd9012d386740d3012b','2010-12-30 17:50:46','8ae458ab2ceb6182012ceb88bf0a0001','2010-12-30 17:50:46','8ae458ab2ceb6182012ceb88bf0a0001','Update',NULL,NULL,'8ae458ab2d37fbd9012d381a21650002',NULL),('8ae458ab2d37fbd9012d3867418e012c','2010-12-30 17:50:47','8ae458ab2ceb6182012ceb88bf0a0001','2010-12-30 17:50:47','8ae458ab2ceb6182012ceb88bf0a0001','Update',NULL,NULL,'8ae458ab2ce627aa012ce629a3030005',NULL),('8ae458ab2d37fbd9012d3867423a012d','2010-12-30 17:50:47','8ae458ab2ceb6182012ceb88bf0a0001','2010-12-30 17:50:47','8ae458ab2ceb6182012ceb88bf0a0001','Update',NULL,NULL,'8ae458ab2d37fbd9012d381a22eb0005',NULL),('8ae458ab2d37fbd9012d386742f6012e','2010-12-30 17:50:47','8ae458ab2ceb6182012ceb88bf0a0001','2010-12-30 17:50:47','8ae458ab2ceb6182012ceb88bf0a0001','Update',NULL,NULL,'8ae458ab2ce627aa012ce629a3af0007',NULL),('8ae458ab2d37fbd9012d386743a1012f','2010-12-30 17:50:47','8ae458ab2ceb6182012ceb88bf0a0001','2010-12-30 17:50:47','8ae458ab2ceb6182012ceb88bf0a0001','Update',NULL,NULL,'8ae458ab2d37fbd9012d381a24c00008',NULL),('8ae458ab2d37fbd9012d3867443e0130','2010-12-30 17:50:47','8ae458ab2ceb6182012ceb88bf0a0001','2010-12-30 17:50:47','8ae458ab2ceb6182012ceb88bf0a0001','Update',NULL,NULL,'8ae458ab2d09dd9a012d09e0413a001a',NULL),('8ae458ab2d37fbd9012d386744f90131','2010-12-30 17:50:48','8ae458ab2ceb6182012ceb88bf0a0001','2010-12-30 17:50:48','8ae458ab2ceb6182012ceb88bf0a0001','Update',NULL,NULL,'8ae458ab2d09dd9a012d09e041d6001c',NULL),('8ae458ab2d37fbd9012d3868f79e0132','2010-12-30 17:52:39','8ae458ab2ceb6182012ceb88bf0a0001','2010-12-30 17:52:39','8ae458ab2ceb6182012ceb88bf0a0001','Update',NULL,NULL,'8ae458ab2ce627aa012ce629a2470003',NULL),('8ae458ab2d37fbd9012d3869396b0133','2010-12-30 17:52:56','8ae458ab2ceb6182012ceb88bf0a0001','2010-12-30 17:52:56','8ae458ab2ceb6182012ceb88bf0a0001','Update',NULL,NULL,'8ae458ab2ce627aa012ce629a2470003',NULL),('8ae458ab2d37fbd9012d38693a170134','2010-12-30 17:52:56','8ae458ab2ceb6182012ceb88bf0a0001','2010-12-30 17:52:56','8ae458ab2ceb6182012ceb88bf0a0001','Update',NULL,NULL,'8ae458ab2d37fbd9012d381a21650002',NULL),('8ae458ab2d37fbd9012d38693b300135','2010-12-30 17:52:56','8ae458ab2ceb6182012ceb88bf0a0001','2010-12-30 17:52:56','8ae458ab2ceb6182012ceb88bf0a0001','Update',NULL,NULL,'8ae458ab2ce627aa012ce629a3030005',NULL),('8ae458ab2d37fbd9012d38693bdc0136','2010-12-30 17:52:56','8ae458ab2ceb6182012ceb88bf0a0001','2010-12-30 17:52:56','8ae458ab2ceb6182012ceb88bf0a0001','Update',NULL,NULL,'8ae458ab2d37fbd9012d381a22eb0005',NULL),('8ae458ab2d37fbd9012d38693c970137','2010-12-30 17:52:56','8ae458ab2ceb6182012ceb88bf0a0001','2010-12-30 17:52:56','8ae458ab2ceb6182012ceb88bf0a0001','Update',NULL,NULL,'8ae458ab2ce627aa012ce629a3af0007',NULL),('8ae458ab2d37fbd9012d38693d430138','2010-12-30 17:52:57','8ae458ab2ceb6182012ceb88bf0a0001','2010-12-30 17:52:57','8ae458ab2ceb6182012ceb88bf0a0001','Update',NULL,NULL,'8ae458ab2d37fbd9012d381a24c00008',NULL),('8ae458ab2d37fbd9012d38693ddf0139','2010-12-30 17:52:57','8ae458ab2ceb6182012ceb88bf0a0001','2010-12-30 17:52:57','8ae458ab2ceb6182012ceb88bf0a0001','Update',NULL,NULL,'8ae458ab2d09dd9a012d09e0413a001a',NULL),('8ae458ab2d37fbd9012d38693e6c013a','2010-12-30 17:52:57','8ae458ab2ceb6182012ceb88bf0a0001','2010-12-30 17:52:57','8ae458ab2ceb6182012ceb88bf0a0001','Update',NULL,NULL,'8ae458ab2d09dd9a012d09e041d6001c',NULL),('8ae458ab2d37fbd9012d386dc9f9014c','2010-12-30 17:57:55','8ae458ab2ceb6182012ceb88bf0a0001','2010-12-30 17:57:55','8ae458ab2ceb6182012ceb88bf0a0001','Update',NULL,NULL,'8ae458ab2ce627aa012ce629a2470003',NULL),('8ae458ab2d37fbd9012d386dcaa5014d','2010-12-30 17:57:55','8ae458ab2ceb6182012ceb88bf0a0001','2010-12-30 17:57:55','8ae458ab2ceb6182012ceb88bf0a0001','Update',NULL,NULL,'8ae458ab2d37fbd9012d381a21650002',NULL),('8ae458ab2d37fbd9012d386dcb60014e','2010-12-30 17:57:55','8ae458ab2ceb6182012ceb88bf0a0001','2010-12-30 17:57:55','8ae458ab2ceb6182012ceb88bf0a0001','Update',NULL,NULL,'8ae458ab2ce627aa012ce629a3030005',NULL),('8ae458ab2d37fbd9012d386dcc3b014f','2010-12-30 17:57:55','8ae458ab2ceb6182012ceb88bf0a0001','2010-12-30 17:57:55','8ae458ab2ceb6182012ceb88bf0a0001','Update',NULL,NULL,'8ae458ab2d37fbd9012d381a22eb0005',NULL),('8ae458ab2d37fbd9012d386dcd060150','2010-12-30 17:57:56','8ae458ab2ceb6182012ceb88bf0a0001','2010-12-30 17:57:56','8ae458ab2ceb6182012ceb88bf0a0001','Update',NULL,NULL,'8ae458ab2ce627aa012ce629a3af0007',NULL),('8ae458ab2d37fbd9012d386dcdc20151','2010-12-30 17:57:56','8ae458ab2ceb6182012ceb88bf0a0001','2010-12-30 17:57:56','8ae458ab2ceb6182012ceb88bf0a0001','Update',NULL,NULL,'8ae458ab2d37fbd9012d381a24c00008',NULL),('8ae458ab2d37fbd9012d386dce5e0152','2010-12-30 17:57:56','8ae458ab2ceb6182012ceb88bf0a0001','2010-12-30 17:57:56','8ae458ab2ceb6182012ceb88bf0a0001','Update',NULL,NULL,'8ae458ab2d09dd9a012d09e0413a001a',NULL),('8ae458ab2d37fbd9012d386dcf190153','2010-12-30 17:57:56','8ae458ab2ceb6182012ceb88bf0a0001','2010-12-30 17:57:56','8ae458ab2ceb6182012ceb88bf0a0001','Update',NULL,NULL,'8ae458ab2d09dd9a012d09e041d6001c',NULL),('8ae458ab2d37fbd9012d386ff9800154','2010-12-30 18:00:18','8ae458ab2ceb6182012ceb88bf0a0001','2010-12-30 18:00:18','8ae458ab2ceb6182012ceb88bf0a0001','Update',NULL,NULL,'8ae458ab2ce627aa012ce629a2470003',NULL),('8ae458ab2d37fbd9012d3884f57f0155','2010-12-30 18:23:13','8ae458ab2ceb6182012ceb88bf0a0001','2010-12-30 18:23:13','8ae458ab2ceb6182012ceb88bf0a0001','Update',NULL,NULL,'8ae458ab2ce627aa012ce629a2470003',NULL),('8ae458ab2d37fbd9012d3884f62b0156','2010-12-30 18:23:13','8ae458ab2ceb6182012ceb88bf0a0001','2010-12-30 18:23:13','8ae458ab2ceb6182012ceb88bf0a0001','Update',NULL,NULL,'8ae458ab2d37fbd9012d381a21650002',NULL),('8ae458ab2d37fbd9012d3884f6e70157','2010-12-30 18:23:14','8ae458ab2ceb6182012ceb88bf0a0001','2010-12-30 18:23:14','8ae458ab2ceb6182012ceb88bf0a0001','Update',NULL,NULL,'8ae458ab2ce627aa012ce629a3030005',NULL),('8ae458ab2d37fbd9012d3884f7930158','2010-12-30 18:23:14','8ae458ab2ceb6182012ceb88bf0a0001','2010-12-30 18:23:14','8ae458ab2ceb6182012ceb88bf0a0001','Update',NULL,NULL,'8ae458ab2d37fbd9012d381a22eb0005',NULL),('8ae458ab2d37fbd9012d3884f84e0159','2010-12-30 18:23:14','8ae458ab2ceb6182012ceb88bf0a0001','2010-12-30 18:23:14','8ae458ab2ceb6182012ceb88bf0a0001','Update',NULL,NULL,'8ae458ab2ce627aa012ce629a3af0007',NULL),('8ae458ab2d37fbd9012d3884f8fa015a','2010-12-30 18:23:14','8ae458ab2ceb6182012ceb88bf0a0001','2010-12-30 18:23:14','8ae458ab2ceb6182012ceb88bf0a0001','Update',NULL,NULL,'8ae458ab2d37fbd9012d381a24c00008',NULL),('8ae458ab2d37fbd9012d3884fe69015b','2010-12-30 18:23:16','8ae458ab2ceb6182012ceb88bf0a0001','2010-12-30 18:23:16','8ae458ab2ceb6182012ceb88bf0a0001','Update',NULL,NULL,'8ae458ab2d09dd9a012d09e0413a001a',NULL),('8ae458ab2d37fbd9012d3884ffff016d','2010-12-30 18:23:16','8ae458ab2ceb6182012ceb88bf0a0001','2010-12-30 18:23:16','8ae458ab2ceb6182012ceb88bf0a0001','Update',NULL,NULL,'8ae458ab2d09dd9a012d09e041d6001c',NULL),('8ae458ab2d37fbd9012d3886285501a1','2010-12-30 18:24:32','8ae458ab2ceb6182012ceb88bf0a0001','2010-12-30 18:24:32','8ae458ab2ceb6182012ceb88bf0a0001','Update',NULL,NULL,'8ae458ab2ce627aa012ce629a2470003',NULL),('8ae458ab2d37fbd9012d3886290101a2','2010-12-30 18:24:32','8ae458ab2ceb6182012ceb88bf0a0001','2010-12-30 18:24:32','8ae458ab2ceb6182012ceb88bf0a0001','Update',NULL,NULL,'8ae458ab2d37fbd9012d381a21650002',NULL),('8ae458ab2d37fbd9012d388629cc01a3','2010-12-30 18:24:32','8ae458ab2ceb6182012ceb88bf0a0001','2010-12-30 18:24:32','8ae458ab2ceb6182012ceb88bf0a0001','Update',NULL,NULL,'8ae458ab2ce627aa012ce629a3030005',NULL),('8ae458ab2d37fbd9012d38862a8701a4','2010-12-30 18:24:32','8ae458ab2ceb6182012ceb88bf0a0001','2010-12-30 18:24:32','8ae458ab2ceb6182012ceb88bf0a0001','Update',NULL,NULL,'8ae458ab2d37fbd9012d381a22eb0005',NULL),('8ae458ab2d37fbd9012d38862b6201a5','2010-12-30 18:24:33','8ae458ab2ceb6182012ceb88bf0a0001','2010-12-30 18:24:33','8ae458ab2ceb6182012ceb88bf0a0001','Update',NULL,NULL,'8ae458ab2ce627aa012ce629a3af0007',NULL),('8ae458ab2d37fbd9012d38862c0e01a6','2010-12-30 18:24:33','8ae458ab2ceb6182012ceb88bf0a0001','2010-12-30 18:24:33','8ae458ab2ceb6182012ceb88bf0a0001','Update',NULL,NULL,'8ae458ab2d37fbd9012d381a24c00008',NULL),('8ae458ab2d37fbd9012d38862cba01a7','2010-12-30 18:24:33','8ae458ab2ceb6182012ceb88bf0a0001','2010-12-30 18:24:33','8ae458ab2ceb6182012ceb88bf0a0001','Update',NULL,NULL,'8ae458ab2d09dd9a012d09e0413a001a',NULL),('8ae458ab2d37fbd9012d38862d7501a8','2010-12-30 18:24:33','8ae458ab2ceb6182012ceb88bf0a0001','2010-12-30 18:24:33','8ae458ab2ceb6182012ceb88bf0a0001','Update',NULL,NULL,'8ae458ab2d09dd9a012d09e041d6001c',NULL),('8ae458ab2d389812012d38a490360001','2010-12-30 18:57:45','8ae458ab2ceb6182012ceb88bf0a0001','2010-12-30 18:57:45','8ae458ab2ceb6182012ceb88bf0a0001','Update',NULL,NULL,'8ae458ab2ce627aa012ce629a2470003',NULL),('8ae458ab2d389812012d38a490f10002','2010-12-30 18:57:45','8ae458ab2ceb6182012ceb88bf0a0001','2010-12-30 18:57:45','8ae458ab2ceb6182012ceb88bf0a0001','Update',NULL,NULL,'8ae458ab2d37fbd9012d381a21650002',NULL),('8ae458ab2d389812012d38a4919d0003','2010-12-30 18:57:45','8ae458ab2ceb6182012ceb88bf0a0001','2010-12-30 18:57:45','8ae458ab2ceb6182012ceb88bf0a0001','Update',NULL,NULL,'8ae458ab2ce627aa012ce629a3030005',NULL),('8ae458ab2d389812012d38a492680004','2010-12-30 18:57:45','8ae458ab2ceb6182012ceb88bf0a0001','2010-12-30 18:57:45','8ae458ab2ceb6182012ceb88bf0a0001','Update',NULL,NULL,'8ae458ab2d37fbd9012d381a22eb0005',NULL),('8ae458ab2d389812012d38a493340005','2010-12-30 18:57:45','8ae458ab2ceb6182012ceb88bf0a0001','2010-12-30 18:57:45','8ae458ab2ceb6182012ceb88bf0a0001','Update',NULL,NULL,'8ae458ab2ce627aa012ce629a3af0007',NULL),('8ae458ab2d389812012d38a493df0006','2010-12-30 18:57:45','8ae458ab2ceb6182012ceb88bf0a0001','2010-12-30 18:57:45','8ae458ab2ceb6182012ceb88bf0a0001','Update',NULL,NULL,'8ae458ab2d37fbd9012d381a24c00008',NULL),('8ae458ab2d389812012d38a4948b0007','2010-12-30 18:57:46','8ae458ab2ceb6182012ceb88bf0a0001','2010-12-30 18:57:46','8ae458ab2ceb6182012ceb88bf0a0001','Update',NULL,NULL,'8ae458ab2d09dd9a012d09e0413a001a',NULL),('8ae458ab2d389812012d38a495370008','2010-12-30 18:57:46','8ae458ab2ceb6182012ceb88bf0a0001','2010-12-30 18:57:46','8ae458ab2ceb6182012ceb88bf0a0001','Update',NULL,NULL,'8ae458ab2d09dd9a012d09e041d6001c',NULL),('8ae458ab2d389812012d38a97194001a','2010-12-30 19:03:04','8ae458ab2ceb6182012ceb88bf0a0001','2010-12-30 19:03:04','8ae458ab2ceb6182012ceb88bf0a0001','Update',NULL,NULL,'8ae458ab2ce627aa012ce629a2470003',NULL),('8ae458ab2d389812012d38aa993e001b','2010-12-30 19:04:20','8ae458ab2ceb6182012ceb88bf0a0001','2010-12-30 19:04:20','8ae458ab2ceb6182012ceb88bf0a0001','Update',NULL,NULL,'8ae458ab2ce627aa012ce629a2470003',NULL),('8ae458ab2d389812012d38abe096001c','2010-12-30 19:05:44','8ae458ab2ceb6182012ceb88bf0a0001','2010-12-30 19:05:44','8ae458ab2ceb6182012ceb88bf0a0001','Update',NULL,NULL,'8ae458ab2ce627aa012ce629a2470003',NULL),('8ae458ab2d389812012d38abe170001d','2010-12-30 19:05:44','8ae458ab2ceb6182012ceb88bf0a0001','2010-12-30 19:05:44','8ae458ab2ceb6182012ceb88bf0a0001','Update',NULL,NULL,'8ae458ab2d37fbd9012d381a21650002',NULL),('8ae458ab2d389812012d38abe22c001e','2010-12-30 19:05:44','8ae458ab2ceb6182012ceb88bf0a0001','2010-12-30 19:05:44','8ae458ab2ceb6182012ceb88bf0a0001','Update',NULL,NULL,'8ae458ab2ce627aa012ce629a3030005',NULL),('8ae458ab2d389812012d38abe2e7001f','2010-12-30 19:05:44','8ae458ab2ceb6182012ceb88bf0a0001','2010-12-30 19:05:44','8ae458ab2ceb6182012ceb88bf0a0001','Update',NULL,NULL,'8ae458ab2d37fbd9012d381a22eb0005',NULL),('8ae458ab2d389812012d38abe3e10020','2010-12-30 19:05:45','8ae458ab2ceb6182012ceb88bf0a0001','2010-12-30 19:05:45','8ae458ab2ceb6182012ceb88bf0a0001','Update',NULL,NULL,'8ae458ab2ce627aa012ce629a3af0007',NULL),('8ae458ab2d389812012d38abe49d0021','2010-12-30 19:05:45','8ae458ab2ceb6182012ceb88bf0a0001','2010-12-30 19:05:45','8ae458ab2ceb6182012ceb88bf0a0001','Update',NULL,NULL,'8ae458ab2d37fbd9012d381a24c00008',NULL),('8ae458ab2d389812012d38abe5490022','2010-12-30 19:05:45','8ae458ab2ceb6182012ceb88bf0a0001','2010-12-30 19:05:45','8ae458ab2ceb6182012ceb88bf0a0001','Update',NULL,NULL,'8ae458ab2d09dd9a012d09e0413a001a',NULL),('8ae458ab2d389812012d38abe5e50023','2010-12-30 19:05:45','8ae458ab2ceb6182012ceb88bf0a0001','2010-12-30 19:05:45','8ae458ab2ceb6182012ceb88bf0a0001','Update',NULL,NULL,'8ae458ab2d09dd9a012d09e041d6001c',NULL),('8ae458ab2d389812012d38bcb1690079','2010-12-30 19:24:06','8ae458ab2ceb6182012ceb88bf0a0001','2010-12-30 19:24:06','8ae458ab2ceb6182012ceb88bf0a0001','Update',NULL,NULL,'8ae458ab2ce627aa012ce629a2470003',NULL),('8ae458ab2d389812012d38bcb215007a','2010-12-30 19:24:06','8ae458ab2ceb6182012ceb88bf0a0001','2010-12-30 19:24:06','8ae458ab2ceb6182012ceb88bf0a0001','Update',NULL,NULL,'8ae458ab2d37fbd9012d381a21650002',NULL),('8ae458ab2d389812012d38bcb33e007b','2010-12-30 19:24:06','8ae458ab2ceb6182012ceb88bf0a0001','2010-12-30 19:24:06','8ae458ab2ceb6182012ceb88bf0a0001','Update',NULL,NULL,'8ae458ab2ce627aa012ce629a3030005',NULL),('8ae458ab2d389812012d38bcb3ea007c','2010-12-30 19:24:07','8ae458ab2ceb6182012ceb88bf0a0001','2010-12-30 19:24:07','8ae458ab2ceb6182012ceb88bf0a0001','Update',NULL,NULL,'8ae458ab2d37fbd9012d381a22eb0005',NULL),('8ae458ab2d389812012d38bcb4c4007d','2010-12-30 19:24:07','8ae458ab2ceb6182012ceb88bf0a0001','2010-12-30 19:24:07','8ae458ab2ceb6182012ceb88bf0a0001','Update',NULL,NULL,'8ae458ab2ce627aa012ce629a3af0007',NULL),('8ae458ab2d389812012d38bcb570007e','2010-12-30 19:24:07','8ae458ab2ceb6182012ceb88bf0a0001','2010-12-30 19:24:07','8ae458ab2ceb6182012ceb88bf0a0001','Update',NULL,NULL,'8ae458ab2d37fbd9012d381a24c00008',NULL),('8ae458ab2d389812012d38bcb61c007f','2010-12-30 19:24:07','8ae458ab2ceb6182012ceb88bf0a0001','2010-12-30 19:24:07','8ae458ab2ceb6182012ceb88bf0a0001','Update',NULL,NULL,'8ae458ab2d09dd9a012d09e0413a001a',NULL),('8ae458ab2d389812012d38bcb7260080','2010-12-30 19:24:07','8ae458ab2ceb6182012ceb88bf0a0001','2010-12-30 19:24:07','8ae458ab2ceb6182012ceb88bf0a0001','Update',NULL,NULL,'8ae458ab2d09dd9a012d09e041d6001c',NULL),('8ae458ab2d389812012d38c26ea20092','2010-12-30 19:30:22','8ae458ab2ceb6182012ceb88bf0a0001','2010-12-30 19:30:22','8ae458ab2ceb6182012ceb88bf0a0001','Update',NULL,NULL,'8ae458ab2ce627aa012ce629a2470003',NULL),('8ae458ab2d389812012d38c26f5e0093','2010-12-30 19:30:22','8ae458ab2ceb6182012ceb88bf0a0001','2010-12-30 19:30:22','8ae458ab2ceb6182012ceb88bf0a0001','Update',NULL,NULL,'8ae458ab2d37fbd9012d381a21650002',NULL),('8ae458ab2d389812012d38c270190094','2010-12-30 19:30:22','8ae458ab2ceb6182012ceb88bf0a0001','2010-12-30 19:30:22','8ae458ab2ceb6182012ceb88bf0a0001','Update',NULL,NULL,'8ae458ab2ce627aa012ce629a3030005',NULL),('8ae458ab2d389812012d38c270f40095','2010-12-30 19:30:23','8ae458ab2ceb6182012ceb88bf0a0001','2010-12-30 19:30:23','8ae458ab2ceb6182012ceb88bf0a0001','Update',NULL,NULL,'8ae458ab2d37fbd9012d381a22eb0005',NULL),('8ae458ab2d389812012d38c271ee0096','2010-12-30 19:30:23','8ae458ab2ceb6182012ceb88bf0a0001','2010-12-30 19:30:23','8ae458ab2ceb6182012ceb88bf0a0001','Update',NULL,NULL,'8ae458ab2ce627aa012ce629a3af0007',NULL),('8ae458ab2d389812012d38c273940097','2010-12-30 19:30:23','8ae458ab2ceb6182012ceb88bf0a0001','2010-12-30 19:30:23','8ae458ab2ceb6182012ceb88bf0a0001','Update',NULL,NULL,'8ae458ab2d37fbd9012d381a24c00008',NULL),('8ae458ab2d389812012d38c274500098','2010-12-30 19:30:23','8ae458ab2ceb6182012ceb88bf0a0001','2010-12-30 19:30:23','8ae458ab2ceb6182012ceb88bf0a0001','Update',NULL,NULL,'8ae458ab2d09dd9a012d09e0413a001a',NULL),('8ae458ab2d389812012d38c275690099','2010-12-30 19:30:24','8ae458ab2ceb6182012ceb88bf0a0001','2010-12-30 19:30:24','8ae458ab2ceb6182012ceb88bf0a0001','Update',NULL,NULL,'8ae458ab2d09dd9a012d09e041d6001c',NULL),('8ae458ab2d389812012d38ce83a1009a','2010-12-30 19:43:34','8ae458ab2ceb6182012ceb88bf0a0001','2010-12-30 19:43:34','8ae458ab2ceb6182012ceb88bf0a0001','Update',NULL,NULL,'8ae458ab2ce627aa012ce629a2470003',NULL),('8ae458ab2d389812012d38ce847c009b','2010-12-30 19:43:34','8ae458ab2ceb6182012ceb88bf0a0001','2010-12-30 19:43:34','8ae458ab2ceb6182012ceb88bf0a0001','Update',NULL,NULL,'8ae458ab2d37fbd9012d381a21650002',NULL),('8ae458ab2d389812012d38ce85e300ad','2010-12-30 19:43:34','8ae458ab2ceb6182012ceb88bf0a0001','2010-12-30 19:43:34','8ae458ab2ceb6182012ceb88bf0a0001','Update',NULL,NULL,'8ae458ab2ce627aa012ce629a3030005',NULL),('8ae458ab2d389812012d38ce86ed00ae','2010-12-30 19:43:35','8ae458ab2ceb6182012ceb88bf0a0001','2010-12-30 19:43:35','8ae458ab2ceb6182012ceb88bf0a0001','Update',NULL,NULL,'8ae458ab2d37fbd9012d381a22eb0005',NULL),('8ae458ab2d389812012d38ce87b800af','2010-12-30 19:43:35','8ae458ab2ceb6182012ceb88bf0a0001','2010-12-30 19:43:35','8ae458ab2ceb6182012ceb88bf0a0001','Update',NULL,NULL,'8ae458ab2ce627aa012ce629a3af0007',NULL),('8ae458ab2d389812012d38ce886400b0','2010-12-30 19:43:35','8ae458ab2ceb6182012ceb88bf0a0001','2010-12-30 19:43:35','8ae458ab2ceb6182012ceb88bf0a0001','Update',NULL,NULL,'8ae458ab2d37fbd9012d381a24c00008',NULL),('8ae458ab2d389812012d38ce891000b1','2010-12-30 19:43:35','8ae458ab2ceb6182012ceb88bf0a0001','2010-12-30 19:43:35','8ae458ab2ceb6182012ceb88bf0a0001','Update',NULL,NULL,'8ae458ab2d09dd9a012d09e0413a001a',NULL),('8ae458ab2d389812012d38ce89bc00b2','2010-12-30 19:43:35','8ae458ab2ceb6182012ceb88bf0a0001','2010-12-30 19:43:35','8ae458ab2ceb6182012ceb88bf0a0001','Update',NULL,NULL,'8ae458ab2d09dd9a012d09e041d6001c',NULL),('8ae458ab2d389812012d38d316df00b3','2010-12-30 19:48:34','8ae458ab2ceb6182012ceb88bf0a0001','2010-12-30 19:48:34','8ae458ab2ceb6182012ceb88bf0a0001','Update',NULL,NULL,'8ae458ab2ce627aa012ce629a2470003',NULL),('8ae458ab2d389812012d38d318c300b4','2010-12-30 19:48:34','8ae458ab2ceb6182012ceb88bf0a0001','2010-12-30 19:48:34','8ae458ab2ceb6182012ceb88bf0a0001','Update',NULL,NULL,'8ae458ab2d37fbd9012d381a21650002',NULL),('8ae458ab2d389812012d38d3199e00b5','2010-12-30 19:48:34','8ae458ab2ceb6182012ceb88bf0a0001','2010-12-30 19:48:34','8ae458ab2ceb6182012ceb88bf0a0001','Update',NULL,NULL,'8ae458ab2ce627aa012ce629a3030005',NULL),('8ae458ab2d389812012d38d31a6900b6','2010-12-30 19:48:35','8ae458ab2ceb6182012ceb88bf0a0001','2010-12-30 19:48:35','8ae458ab2ceb6182012ceb88bf0a0001','Update',NULL,NULL,'8ae458ab2d37fbd9012d381a22eb0005',NULL),('8ae458ab2d389812012d38d3211000b7','2010-12-30 19:48:36','8ae458ab2ceb6182012ceb88bf0a0001','2010-12-30 19:48:36','8ae458ab2ceb6182012ceb88bf0a0001','Update',NULL,NULL,'8ae458ab2ce627aa012ce629a3af0007',NULL),('8ae458ab2d389812012d38d321ac00b8','2010-12-30 19:48:36','8ae458ab2ceb6182012ceb88bf0a0001','2010-12-30 19:48:36','8ae458ab2ceb6182012ceb88bf0a0001','Update',NULL,NULL,'8ae458ab2d37fbd9012d381a24c00008',NULL),('8ae458ab2d389812012d38d3227800b9','2010-12-30 19:48:37','8ae458ab2ceb6182012ceb88bf0a0001','2010-12-30 19:48:37','8ae458ab2ceb6182012ceb88bf0a0001','Update',NULL,NULL,'8ae458ab2d09dd9a012d09e0413a001a',NULL),('8ae458ab2d389812012d38d3232300ba','2010-12-30 19:48:37','8ae458ab2ceb6182012ceb88bf0a0001','2010-12-30 19:48:37','8ae458ab2ceb6182012ceb88bf0a0001','Update',NULL,NULL,'8ae458ab2d09dd9a012d09e041d6001c',NULL),('8ae458ab2d389812012d38d5113c00cc','2010-12-30 19:50:43','8ae458ab2ceb6182012ceb88bf0a0001','2010-12-30 19:50:43','8ae458ab2ceb6182012ceb88bf0a0001','Update','8ae458ab2ce5c5c0012ce5c6a5e90001',NULL,NULL,NULL),('8ae458ab2d389812012d38d6609200ef','2010-12-30 19:52:09','8ae458ab2ceb6182012ceb88bf0a0001','2010-12-30 19:52:09','8ae458ab2ceb6182012ceb88bf0a0001','Update',NULL,NULL,'8ae458ab2ce627aa012ce629a2470003',NULL),('8ae458ab2d4ca108012d4cb61d63000f','2011-01-03 16:29:19','8ae458ab2ceb6182012ceb88bf0a0001',NULL,NULL,'Insert',NULL,'8ae458ab2d4ca108012d4cb61d44000e',NULL,NULL),('8ae458ab2d4ca108012d4cb6581b0011','2011-01-03 16:29:34','8ae458ab2ceb6182012ceb88bf0a0001',NULL,NULL,'Insert',NULL,'8ae458ab2d4ca108012d4cb6581b0010',NULL,NULL),('8ae458ab2d4ca108012d4cb68b800013','2011-01-03 16:29:47','8ae458ab2ceb6182012ceb88bf0a0001',NULL,NULL,'Insert',NULL,'8ae458ab2d4ca108012d4cb68b800012',NULL,NULL),('8ae458ab2d4ca108012d4cb6b7b10015','2011-01-03 16:29:59','8ae458ab2ceb6182012ceb88bf0a0001',NULL,NULL,'Insert',NULL,'8ae458ab2d4ca108012d4cb6b7b10014',NULL,NULL),('8ae458ab2d4ca108012d4cb6e8a40017','2011-01-03 16:30:11','8ae458ab2ceb6182012ceb88bf0a0001',NULL,NULL,'Insert',NULL,'8ae458ab2d4ca108012d4cb6e8a40016',NULL,NULL),('8ae458ab2d4ca108012d4cb7167b0019','2011-01-03 16:30:23','8ae458ab2ceb6182012ceb88bf0a0001',NULL,NULL,'Insert',NULL,'8ae458ab2d4ca108012d4cb7167b0018',NULL,NULL),('8ae458ab2d4ca108012d4cb7481b001b','2011-01-03 16:30:36','8ae458ab2ceb6182012ceb88bf0a0001',NULL,NULL,'Insert',NULL,'8ae458ab2d4ca108012d4cb7481b001a',NULL,NULL),('8ae458ab2d4ca108012d4cb77565001d','2011-01-03 16:30:47','8ae458ab2ceb6182012ceb88bf0a0001',NULL,NULL,'Insert',NULL,'8ae458ab2d4ca108012d4cb77565001c',NULL,NULL),('8ae458ab2d4ca108012d4cb7f8ee001e','2011-01-03 16:31:21','8ae458ab2ceb6182012ceb88bf0a0001','2011-01-03 16:31:21','8ae458ab2ceb6182012ceb88bf0a0001','Update',NULL,NULL,'8ae458ab2d3283ff012d32a49dbe000a',NULL),('8ae458ab2d4ca108012d4cc5aa4a001f','2011-01-03 16:46:18','8ae458ab2ceb6182012ceb88bf0a0001','2011-01-03 16:46:18','8ae458ab2ceb6182012ceb88bf0a0001','Update',NULL,NULL,'8ae458ab2d3283ff012d32a49dbe000a',NULL),('8ae458ab2d4ca108012d4cc5f84c0020','2011-01-03 16:46:38','8ae458ab2ceb6182012ceb88bf0a0001','2011-01-03 16:46:38','8ae458ab2ceb6182012ceb88bf0a0001','Update',NULL,NULL,'8ae458ab2d3283ff012d32a49dbe000a',NULL),('8ae458ab2d4ca108012d4cc726eb0021','2011-01-03 16:47:56','8ae458ab2ceb6182012ceb88bf0a0001','2011-01-03 16:47:56','8ae458ab2ceb6182012ceb88bf0a0001','Update',NULL,NULL,'8ae458ab2d3283ff012d32a49dbe000a',NULL),('8ae458ab2d4ca108012d4ccf3afa0022','2011-01-03 16:56:45','8ae458ab2ceb6182012ceb88bf0a0001','2011-01-03 16:56:45','8ae458ab2ceb6182012ceb88bf0a0001','Update',NULL,NULL,'8ae458ab2d3283ff012d32a49dbe000a',NULL),('8ae458ab2d4ca108012d4ccf3bb50023','2011-01-03 16:56:45','8ae458ab2ceb6182012ceb88bf0a0001','2011-01-03 16:56:45','8ae458ab2ceb6182012ceb88bf0a0001','Update',NULL,NULL,'8ae458ab2d3283ff012d329f719d0006',NULL),('8ae458ab2d4cd7a3012d4cda15430002','2011-01-03 17:08:36','8ae458ab2ceb6182012ceb88bf0a0001',NULL,NULL,'Insert',NULL,'8ae458ab2d4cd7a3012d4cda15430001',NULL,NULL),('8ae458ab2d4cd7a3012d4ce098010003','2011-01-03 17:15:43','8ae458ab2ceb6182012ceb88bf0a0001','2011-01-03 17:15:43','8ae458ab2ceb6182012ceb88bf0a0001','Update',NULL,NULL,'8ae458ab2d3283ff012d32a49dbe000a',NULL),('8ae458ab2d4cd7a3012d4ce098cc0004','2011-01-03 17:15:43','8ae458ab2ceb6182012ceb88bf0a0001','2011-01-03 17:15:43','8ae458ab2ceb6182012ceb88bf0a0001','Update',NULL,NULL,'8ae458ab2d3283ff012d329f719d0006',NULL),('8ae458ab2d4d1aa0012d4d2584eb0013','2011-01-03 18:31:00','Admin',NULL,NULL,NULL,NULL,NULL,NULL,NULL),('8ae458ab2d4d1aa0012d4d2586cf0016','2011-01-03 18:31:01','Admin',NULL,NULL,'Insert',NULL,'8ae458ab2d4d1aa0012d4d2586bf0015',NULL,NULL),('8ae458ab2d4d1aa0012d4d25878b0018','2011-01-03 18:31:01','Admin',NULL,NULL,'Insert',NULL,'8ae458ab2d4d1aa0012d4d25878b0017',NULL,NULL),('8ae458ab2d4d1aa0012d4d258875001a','2011-01-03 18:31:01','Admin',NULL,NULL,'Insert',NULL,'8ae458ab2d4d1aa0012d4d2588750019',NULL,NULL),('8ae458ab2d4d1aa0012d4d9711d7002e','2011-01-03 20:35:02','8ae458ab2ceb6182012ceb88bf0a0001',NULL,NULL,'Insert',NULL,'8ae458ab2d4d1aa0012d4d9711d7002d',NULL,NULL),('8ae458ab2d51da97012d51db9a110001','2011-01-04 16:28:22','8ae458ab2ceb6182012ceb88bf0a0001','2011-01-04 16:28:22','8ae458ab2ceb6182012ceb88bf0a0001','Update',NULL,NULL,'8ae458ab2d3283ff012d32a49dbe000a',NULL),('8ae458ab2d51da97012d51db9aad0003','2011-01-04 16:28:22','8ae458ab2ceb6182012ceb88bf0a0001',NULL,NULL,'Insert',NULL,NULL,'8ae458ab2d51da97012d51db9aad0002',NULL),('8ae458ab2d51da97012d51db9b490005','2011-01-04 16:28:22','8ae458ab2ceb6182012ceb88bf0a0001',NULL,NULL,'Insert',NULL,NULL,'8ae458ab2d51da97012d51db9b490004',NULL),('8ae458ab2d51da97012d51db9be50007','2011-01-04 16:28:22','8ae458ab2ceb6182012ceb88bf0a0001',NULL,NULL,'Insert',NULL,NULL,'8ae458ab2d51da97012d51db9be50006',NULL),('8ae458ab2d51da97012d51db9c910008','2011-01-04 16:28:23','8ae458ab2ceb6182012ceb88bf0a0001','2011-01-04 16:28:23','8ae458ab2ceb6182012ceb88bf0a0001','Update',NULL,NULL,'8ae458ab2d3283ff012d329f719d0006',NULL),('8ae458ab2d51da97012d51eaf141001a','2011-01-04 16:45:07','8ae458ab2ceb6182012ceb88bf0a0001','2011-01-04 16:45:07','8ae458ab2ceb6182012ceb88bf0a0001','Update',NULL,NULL,'8ae458ab2d3283ff012d32a49dbe000a',NULL),('8ae458ab2d51da97012d51eaf22b001b','2011-01-04 16:45:08','8ae458ab2ceb6182012ceb88bf0a0001','2011-01-04 16:45:08','8ae458ab2ceb6182012ceb88bf0a0001','Update',NULL,NULL,'8ae458ab2d51da97012d51db9aad0002',NULL),('8ae458ab2d51da97012d51eaf548001c','2011-01-04 16:45:08','8ae458ab2ceb6182012ceb88bf0a0001','2011-01-04 16:45:08','8ae458ab2ceb6182012ceb88bf0a0001','Update',NULL,NULL,'8ae458ab2d51da97012d51db9b490004',NULL),('8ae458ab2d51da97012d51eaf5e4001d','2011-01-04 16:45:08','8ae458ab2ceb6182012ceb88bf0a0001','2011-01-04 16:45:08','8ae458ab2ceb6182012ceb88bf0a0001','Update',NULL,NULL,'8ae458ab2d51da97012d51db9be50006',NULL),('8ae458ab2d51da97012d51eaf6ee002f','2011-01-04 16:45:09','8ae458ab2ceb6182012ceb88bf0a0001','2011-01-04 16:45:09','8ae458ab2ceb6182012ceb88bf0a0001','Update',NULL,NULL,'8ae458ab2d3283ff012d329f719d0006',NULL),('8ae458ab2d51da97012d51ef32d40030','2011-01-04 16:49:46','8ae458ab2ceb6182012ceb88bf0a0001','2011-01-04 16:49:46','8ae458ab2ceb6182012ceb88bf0a0001','Update',NULL,NULL,'8ae458ab2d3283ff012d32a49dbe000a',NULL),('8ae458ab2d51da97012d51ef33be0031','2011-01-04 16:49:46','8ae458ab2ceb6182012ceb88bf0a0001','2011-01-04 16:49:46','8ae458ab2ceb6182012ceb88bf0a0001','Update',NULL,NULL,'8ae458ab2d51da97012d51db9aad0002',NULL),('8ae458ab2d51da97012d51ef346a0032','2011-01-04 16:49:47','8ae458ab2ceb6182012ceb88bf0a0001','2011-01-04 16:49:47','8ae458ab2ceb6182012ceb88bf0a0001','Update',NULL,NULL,'8ae458ab2d51da97012d51db9b490004',NULL),('8ae458ab2d51da97012d51ef35160033','2011-01-04 16:49:47','8ae458ab2ceb6182012ceb88bf0a0001','2011-01-04 16:49:47','8ae458ab2ceb6182012ceb88bf0a0001','Update',NULL,NULL,'8ae458ab2d51da97012d51db9be50006',NULL),('8ae458ab2d51da97012d51ef36fa0034','2011-01-04 16:49:47','8ae458ab2ceb6182012ceb88bf0a0001','2011-01-04 16:49:47','8ae458ab2ceb6182012ceb88bf0a0001','Update',NULL,NULL,'8ae458ab2d3283ff012d329f719d0006',NULL),('8ae458ab2d51da97012d51fb588c0068','2011-01-04 17:03:02','8ae458ab2ceb6182012ceb88bf0a0001','2011-01-04 17:03:02','8ae458ab2ceb6182012ceb88bf0a0001','Update',NULL,NULL,'8ae458ab2d3283ff012d32a49dbe000a',NULL),('8ae458ab2d51da97012d51fb59c40069','2011-01-04 17:03:03','8ae458ab2ceb6182012ceb88bf0a0001','2011-01-04 17:03:03','8ae458ab2ceb6182012ceb88bf0a0001','Update',NULL,NULL,'8ae458ab2d51da97012d51db9aad0002',NULL),('8ae458ab2d51da97012d51fb5a9f007b','2011-01-04 17:03:03','8ae458ab2ceb6182012ceb88bf0a0001','2011-01-04 17:03:03','8ae458ab2ceb6182012ceb88bf0a0001','Update',NULL,NULL,'8ae458ab2d51da97012d51db9b490004',NULL),('8ae458ab2d51da97012d51fb5bc8007c','2011-01-04 17:03:03','8ae458ab2ceb6182012ceb88bf0a0001','2011-01-04 17:03:03','8ae458ab2ceb6182012ceb88bf0a0001','Update',NULL,NULL,'8ae458ab2d51da97012d51db9be50006',NULL),('8ae458ab2d51da97012d51fb5c64007d','2011-01-04 17:03:03','8ae458ab2ceb6182012ceb88bf0a0001','2011-01-04 17:03:03','8ae458ab2ceb6182012ceb88bf0a0001','Update',NULL,NULL,'8ae458ab2d3283ff012d329f719d0006',NULL),('8ae458ab2d52990f012d5299d67a0002','2011-01-04 19:56:09','8ae458ab2d4d1aa0012d4d2584eb0012',NULL,NULL,'Insert','8ae458ab2d52990f012d5299d66a0001',NULL,NULL,NULL),('8ae458ab2d52990f012d5299fef10004','2011-01-04 19:56:20','8ae458ab2d4d1aa0012d4d2584eb0012',NULL,NULL,'Insert',NULL,'8ae458ab2d52990f012d5299fef10003',NULL,NULL),('8ae458ab2d52990f012d529a460d0006','2011-01-04 19:56:38','8ae458ab2d4d1aa0012d4d2584eb0012',NULL,NULL,'Insert',NULL,NULL,NULL,'8ae458ab2d52990f012d529a460d0005'),('8ae458ab2d52990f012d529a51190008','2011-01-04 19:56:41','8ae458ab2d4d1aa0012d4d2584eb0012',NULL,NULL,'Insert',NULL,NULL,NULL,'8ae458ab2d52990f012d529a51190007'),('8ae458ab2d52990f012d529a6137000a','2011-01-04 19:56:45','8ae458ab2d4d1aa0012d4d2584eb0012',NULL,NULL,'Insert',NULL,NULL,NULL,'8ae458ab2d52990f012d529a61270009'),('8ae458ab2d52990f012d529ad399000c','2011-01-04 19:57:14','8ae458ab2d4d1aa0012d4d2584eb0012',NULL,NULL,'Insert',NULL,NULL,'8ae458ab2d52990f012d529ad389000b',NULL),('8ae458ab2d52990f012d529ad464000e','2011-01-04 19:57:14','8ae458ab2d4d1aa0012d4d2584eb0012',NULL,NULL,'Insert',NULL,NULL,'8ae458ab2d52990f012d529ad464000d',NULL),('8ae458ab2d52990f012d529ad5000010','2011-01-04 19:57:14','8ae458ab2d4d1aa0012d4d2584eb0012',NULL,NULL,'Insert',NULL,NULL,'8ae458ab2d52990f012d529ad500000f',NULL),('8ae458ab2d52990f012d529ad59c0012','2011-01-04 19:57:15','8ae458ab2d4d1aa0012d4d2584eb0012',NULL,NULL,'Insert',NULL,NULL,'8ae458ab2d52990f012d529ad58d0011',NULL),('8ae458ab2d52990f012d529ad6390014','2011-01-04 19:57:15','8ae458ab2d4d1aa0012d4d2584eb0012',NULL,NULL,'Insert',NULL,NULL,'8ae458ab2d52990f012d529ad6390013',NULL),('8ae458ab2d52990f012d529c1d420029','2011-01-04 19:58:38','8ae458ab2d4d1aa0012d4d2584eb0012','2011-01-04 19:58:38','8ae458ab2d4d1aa0012d4d2584eb0012','Update','8ae458ab2d52990f012d5299d66a0001',NULL,NULL,NULL),('8ae458ab2d52b79c012d52b82ef90002','2011-01-04 20:29:18','Admin',NULL,NULL,NULL,NULL,NULL,NULL,NULL),('8ae458ab2d52b79c012d52b8313b0005','2011-01-04 20:29:19','Admin',NULL,NULL,'Insert',NULL,'8ae458ab2d52b79c012d52b8313b0004',NULL,NULL),('8ae458ab2d52b79c012d52b832160007','2011-01-04 20:29:19','Admin',NULL,NULL,'Insert',NULL,'8ae458ab2d52b79c012d52b832070006',NULL,NULL),('8ae458ab2d52b79c012d52b833100009','2011-01-04 20:29:19','Admin',NULL,NULL,'Insert',NULL,'8ae458ab2d52b79c012d52b833010008',NULL,NULL),('8ae458ab2d56864b012d568e84b30001','2011-01-05 14:22:16','8ae458ab2ceb6182012ceb88bf0a0001','2011-01-05 14:22:16','8ae458ab2ceb6182012ceb88bf0a0001','Update','8ae458ab2ceb6182012ceb8c4b060008',NULL,NULL,NULL),('8ae458ab2d56864b012d568ee7760003','2011-01-05 14:22:42','8ae458ab2ceb6182012ceb88bf0a0001','2011-01-05 14:22:42','8ae458ab2ceb6182012ceb88bf0a0001','Update','8ae458ab2ce5c5c0012ce5c6a5e90001',NULL,NULL,NULL),('8ae458ab2d56f145012d56f431260001','2011-01-05 16:13:20','8ae458ab2ceb6182012ceb88bf0a0001','2011-01-05 16:13:20','8ae458ab2ceb6182012ceb88bf0a0001','Update','8ae458ab2ceb6182012ceb8c4b060008',NULL,NULL,NULL),('8ae458ab2d575549012d575676890009','2011-01-05 18:00:40','8ae458ab2ceb6182012ceb88bf0a0001',NULL,NULL,'Insert','8ae458ab2d575549012d5756765a0001',NULL,NULL,NULL),('8ae458ab2d575549012d575676f6000a','2011-01-05 18:00:40','8ae458ab2ceb6182012ceb88bf0a0001',NULL,NULL,'Insert',NULL,NULL,NULL,'8ae458ab2d575549012d5756766a0002'),('8ae458ab2d575549012d57567725000b','2011-01-05 18:00:40','8ae458ab2ceb6182012ceb88bf0a0001',NULL,NULL,'Insert',NULL,NULL,NULL,'8ae458ab2d575549012d5756766a0003'),('8ae458ab2d575549012d57567792000c','2011-01-05 18:00:40','8ae458ab2ceb6182012ceb88bf0a0001',NULL,NULL,'Insert',NULL,NULL,'8ae458ab2d575549012d575676790004',NULL),('8ae458ab2d575549012d575677c1000d','2011-01-05 18:00:40','8ae458ab2ceb6182012ceb88bf0a0001',NULL,NULL,'Insert',NULL,NULL,'8ae458ab2d575549012d575676790005',NULL),('8ae458ab2d575549012d5756781f000e','2011-01-05 18:00:40','8ae458ab2ceb6182012ceb88bf0a0001',NULL,NULL,'Insert',NULL,NULL,'8ae458ab2d575549012d575676790006',NULL),('8ae458ab2d575549012d5756785e000f','2011-01-05 18:00:40','8ae458ab2ceb6182012ceb88bf0a0001',NULL,NULL,'Insert',NULL,NULL,'8ae458ab2d575549012d575676890007',NULL),('8ae458ab2d575549012d575678bb0010','2011-01-05 18:00:40','8ae458ab2ceb6182012ceb88bf0a0001',NULL,NULL,'Insert',NULL,NULL,'8ae458ab2d575549012d575676890008',NULL),('8ae458ab2d575549012d5756d91c0012','2011-01-05 18:01:05','8ae458ab2ceb6182012ceb88bf0a0001',NULL,NULL,'Insert',NULL,NULL,'8ae458ab2d575549012d5756d91c0011',NULL),('8ae458ab2d575549012d5756da840014','2011-01-05 18:01:05','8ae458ab2ceb6182012ceb88bf0a0001',NULL,NULL,'Insert',NULL,NULL,'8ae458ab2d575549012d5756da840013',NULL),('8ae458ab2d575549012d5756db4f0016','2011-01-05 18:01:06','8ae458ab2ceb6182012ceb88bf0a0001',NULL,NULL,'Insert',NULL,NULL,'8ae458ab2d575549012d5756db4f0015',NULL),('8ae458ab2d575549012d5756dc780018','2011-01-05 18:01:06','8ae458ab2ceb6182012ceb88bf0a0001',NULL,NULL,'Insert',NULL,NULL,'8ae458ab2d575549012d5756dc780017',NULL),('8ae458ab2d575549012d5756dd14001a','2011-01-05 18:01:06','8ae458ab2ceb6182012ceb88bf0a0001',NULL,NULL,'Insert',NULL,NULL,'8ae458ab2d575549012d5756dd140019',NULL),('8ae458ab2d575549012d5756f4a30022','2011-01-05 18:01:12','8ae458ab2ceb6182012ceb88bf0a0001','2011-01-05 18:01:12','8ae458ab2ceb6182012ceb88bf0a0001','Update',NULL,NULL,'8ae458ab2d575549012d5756d91c0011',NULL),('8ae458ab2d575549012d5756f55f0023','2011-01-05 18:01:12','8ae458ab2ceb6182012ceb88bf0a0001','2011-01-05 18:01:12','8ae458ab2ceb6182012ceb88bf0a0001','Update',NULL,NULL,'8ae458ab2d575549012d5756da840013',NULL),('8ae458ab2d575549012d5756f60b0024','2011-01-05 18:01:12','8ae458ab2ceb6182012ceb88bf0a0001','2011-01-05 18:01:12','8ae458ab2ceb6182012ceb88bf0a0001','Update',NULL,NULL,'8ae458ab2d575549012d5756db4f0015',NULL),('8ae458ab2d575549012d5756f6d60025','2011-01-05 18:01:13','8ae458ab2ceb6182012ceb88bf0a0001','2011-01-05 18:01:13','8ae458ab2ceb6182012ceb88bf0a0001','Update',NULL,NULL,'8ae458ab2d575549012d5756dc780017',NULL),('8ae458ab2d575549012d5756f7d00026','2011-01-05 18:01:13','8ae458ab2ceb6182012ceb88bf0a0001','2011-01-05 18:01:13','8ae458ab2ceb6182012ceb88bf0a0001','Update',NULL,NULL,'8ae458ab2d575549012d5756dd140019',NULL),('8ae458ab2d5757cb012d575948eb0009','2011-01-05 18:03:45','8ae458ab2ceb6182012ceb88bf0a0001',NULL,NULL,'Insert','8ae458ab2d5757cb012d575948cc0001',NULL,NULL,NULL),('8ae458ab2d5757cb012d57594949000a','2011-01-05 18:03:45','8ae458ab2ceb6182012ceb88bf0a0001',NULL,NULL,'Insert',NULL,NULL,NULL,'8ae458ab2d5757cb012d575948cc0002'),('8ae458ab2d5757cb012d57594978000b','2011-01-05 18:03:45','8ae458ab2ceb6182012ceb88bf0a0001',NULL,NULL,'Insert',NULL,NULL,NULL,'8ae458ab2d5757cb012d575948cc0003'),('8ae458ab2d5757cb012d575949c6000c','2011-01-05 18:03:45','8ae458ab2ceb6182012ceb88bf0a0001',NULL,NULL,'Insert',NULL,NULL,'8ae458ab2d5757cb012d575948db0004',NULL),('8ae458ab2d5757cb012d575949f5000d','2011-01-05 18:03:45','8ae458ab2ceb6182012ceb88bf0a0001',NULL,NULL,'Insert',NULL,NULL,'8ae458ab2d5757cb012d575948db0005',NULL),('8ae458ab2d5757cb012d57594a52000e','2011-01-05 18:03:45','8ae458ab2ceb6182012ceb88bf0a0001',NULL,NULL,'Insert',NULL,NULL,'8ae458ab2d5757cb012d575948eb0006',NULL),('8ae458ab2d5757cb012d57594a81000f','2011-01-05 18:03:45','8ae458ab2ceb6182012ceb88bf0a0001',NULL,NULL,'Insert',NULL,NULL,'8ae458ab2d5757cb012d575948eb0007',NULL),('8ae458ab2d5757cb012d57594adf0010','2011-01-05 18:03:45','8ae458ab2ceb6182012ceb88bf0a0001',NULL,NULL,'Insert',NULL,NULL,'8ae458ab2d5757cb012d575948eb0008',NULL),('8ae458ab2d5757cb012d5759c57f0012','2011-01-05 18:04:17','8ae458ab2ceb6182012ceb88bf0a0001',NULL,NULL,'Insert',NULL,NULL,'8ae458ab2d5757cb012d5759c57f0011',NULL),('8ae458ab2d5757cb012d5759c65a0014','2011-01-05 18:04:17','8ae458ab2ceb6182012ceb88bf0a0001',NULL,NULL,'Insert',NULL,NULL,'8ae458ab2d5757cb012d5759c65a0013',NULL),('8ae458ab2d5757cb012d5759c6f60016','2011-01-05 18:04:17','8ae458ab2ceb6182012ceb88bf0a0001',NULL,NULL,'Insert',NULL,NULL,'8ae458ab2d5757cb012d5759c6e60015',NULL),('8ae458ab2d5757cb012d5759c7920018','2011-01-05 18:04:17','8ae458ab2ceb6182012ceb88bf0a0001',NULL,NULL,'Insert',NULL,NULL,'8ae458ab2d5757cb012d5759c7920017',NULL),('8ae458ab2d5757cb012d5759c81f001a','2011-01-05 18:04:17','8ae458ab2ceb6182012ceb88bf0a0001',NULL,NULL,'Insert',NULL,NULL,'8ae458ab2d5757cb012d5759c81f0019',NULL),('8ae458ab2d579114012d579238d40002','2011-01-05 19:05:56','8ae458ab2ceb6182012ceb88bf0a0001',NULL,NULL,'Insert',NULL,'8ae458ab2d579114012d579238c40001',NULL,NULL),('8ae458ab2d5795b8012d57a663980002','2011-01-05 19:27:58','8ae458ab2ceb6182012ceb88bf0a0001','2011-01-05 19:27:58','8ae458ab2ceb6182012ceb88bf0a0001','Update',NULL,NULL,'8ae458ab2d3283ff012d32a49dbe000a',NULL),('8ae458ab2d5795b8012d57a665ac0003','2011-01-05 19:27:58','8ae458ab2ceb6182012ceb88bf0a0001','2011-01-05 19:27:58','8ae458ab2ceb6182012ceb88bf0a0001','Update',NULL,NULL,'8ae458ab2d51da97012d51db9aad0002',NULL),('8ae458ab2d5795b8012d57a667710004','2011-01-05 19:27:59','8ae458ab2ceb6182012ceb88bf0a0001','2011-01-05 19:27:59','8ae458ab2ceb6182012ceb88bf0a0001','Update',NULL,NULL,'8ae458ab2d51da97012d51db9b490004',NULL),('8ae458ab2d5795b8012d57a669360005','2011-01-05 19:27:59','8ae458ab2ceb6182012ceb88bf0a0001','2011-01-05 19:27:59','8ae458ab2ceb6182012ceb88bf0a0001','Update',NULL,NULL,'8ae458ab2d51da97012d51db9be50006',NULL),('8ae458ab2d5795b8012d57a66b490006','2011-01-05 19:28:00','8ae458ab2ceb6182012ceb88bf0a0001','2011-01-05 19:28:00','8ae458ab2ceb6182012ceb88bf0a0001','Update',NULL,NULL,'8ae458ab2d3283ff012d329f719d0006',NULL),('8ae458ab2d5795b8012d57bdd1ba0007','2011-01-05 19:53:33','8ae458ab2ceb6182012ceb88bf0a0001','2011-01-05 19:53:33','8ae458ab2ceb6182012ceb88bf0a0001','Update',NULL,NULL,'8ae458ab2d3283ff012d32a49dbe000a',NULL),('8ae458ab2d5795b8012d57bdd2c40008','2011-01-05 19:53:34','8ae458ab2ceb6182012ceb88bf0a0001','2011-01-05 19:53:34','8ae458ab2ceb6182012ceb88bf0a0001','Update',NULL,NULL,'8ae458ab2d51da97012d51db9aad0002',NULL),('8ae458ab2d5795b8012d57bdd38f0009','2011-01-05 19:53:34','8ae458ab2ceb6182012ceb88bf0a0001','2011-01-05 19:53:34','8ae458ab2ceb6182012ceb88bf0a0001','Update',NULL,NULL,'8ae458ab2d51da97012d51db9b490004',NULL),('8ae458ab2d5795b8012d57bdd44a000a','2011-01-05 19:53:34','8ae458ab2ceb6182012ceb88bf0a0001','2011-01-05 19:53:34','8ae458ab2ceb6182012ceb88bf0a0001','Update',NULL,NULL,'8ae458ab2d51da97012d51db9be50006',NULL),('8ae458ab2d5795b8012d57bdd4f6000b','2011-01-05 19:53:34','8ae458ab2ceb6182012ceb88bf0a0001','2011-01-05 19:53:34','8ae458ab2ceb6182012ceb88bf0a0001','Update',NULL,NULL,'8ae458ab2d3283ff012d329f719d0006',NULL),('8ae458ab2d5795b8012d57cb37ef001d','2011-01-05 20:08:12','8ae458ab2ceb6182012ceb88bf0a0001','2011-01-05 20:08:12','8ae458ab2ceb6182012ceb88bf0a0001','Update',NULL,NULL,'8ae458ab2d3283ff012d32a49dbe000a',NULL),('8ae458ab2d5795b8012d57cb38ba001e','2011-01-05 20:08:12','8ae458ab2ceb6182012ceb88bf0a0001','2011-01-05 20:08:12','8ae458ab2ceb6182012ceb88bf0a0001','Update',NULL,NULL,'8ae458ab2d51da97012d51db9aad0002',NULL),('8ae458ab2d5795b8012d57cb3966001f','2011-01-05 20:08:12','8ae458ab2ceb6182012ceb88bf0a0001','2011-01-05 20:08:12','8ae458ab2ceb6182012ceb88bf0a0001','Update',NULL,NULL,'8ae458ab2d51da97012d51db9b490004',NULL),('8ae458ab2d5795b8012d57cb3c450020','2011-01-05 20:08:13','8ae458ab2ceb6182012ceb88bf0a0001','2011-01-05 20:08:13','8ae458ab2ceb6182012ceb88bf0a0001','Update',NULL,NULL,'8ae458ab2d51da97012d51db9be50006',NULL),('8ae458ab2d5795b8012d57cb3d000021','2011-01-05 20:08:13','8ae458ab2ceb6182012ceb88bf0a0001','2011-01-05 20:08:13','8ae458ab2ceb6182012ceb88bf0a0001','Update',NULL,NULL,'8ae458ab2d3283ff012d329f719d0006',NULL),('8ae458ab2d5795b8012d57d46bf00022','2011-01-05 20:18:15','8ae458ab2ceb6182012ceb88bf0a0001','2011-01-05 20:18:15','8ae458ab2ceb6182012ceb88bf0a0001','Update',NULL,NULL,'8ae458ab2d3283ff012d32a49dbe000a',NULL),('8ae458ab2d5795b8012d57d46c9c0023','2011-01-05 20:18:15','8ae458ab2ceb6182012ceb88bf0a0001','2011-01-05 20:18:15','8ae458ab2ceb6182012ceb88bf0a0001','Update',NULL,NULL,'8ae458ab2d51da97012d51db9aad0002',NULL),('8ae458ab2d5795b8012d57d46d960024','2011-01-05 20:18:15','8ae458ab2ceb6182012ceb88bf0a0001','2011-01-05 20:18:15','8ae458ab2ceb6182012ceb88bf0a0001','Update',NULL,NULL,'8ae458ab2d51da97012d51db9b490004',NULL),('8ae458ab2d5795b8012d57d46e510025','2011-01-05 20:18:15','8ae458ab2ceb6182012ceb88bf0a0001','2011-01-05 20:18:15','8ae458ab2ceb6182012ceb88bf0a0001','Update',NULL,NULL,'8ae458ab2d51da97012d51db9be50006',NULL),('8ae458ab2d5795b8012d57d46efd0026','2011-01-05 20:18:15','8ae458ab2ceb6182012ceb88bf0a0001','2011-01-05 20:18:15','8ae458ab2ceb6182012ceb88bf0a0001','Update',NULL,NULL,'8ae458ab2d3283ff012d329f719d0006',NULL),('8ae458ab2d57fe81012d581e1a0c0001','2011-01-05 21:38:43','8ae458ab2ceb6182012ceb88bf0a0001','2011-01-05 21:38:43','8ae458ab2ceb6182012ceb88bf0a0001','Update',NULL,NULL,'8ae458ab2d3283ff012d32a49dbe000a',NULL),('8ae458ab2d57fe81012d581e1ac80002','2011-01-05 21:38:44','8ae458ab2ceb6182012ceb88bf0a0001','2011-01-05 21:38:44','8ae458ab2ceb6182012ceb88bf0a0001','Update',NULL,NULL,'8ae458ab2d51da97012d51db9aad0002',NULL),('8ae458ab2d57fe81012d581e1b930003','2011-01-05 21:38:44','8ae458ab2ceb6182012ceb88bf0a0001','2011-01-05 21:38:44','8ae458ab2ceb6182012ceb88bf0a0001','Update',NULL,NULL,'8ae458ab2d51da97012d51db9b490004',NULL),('8ae458ab2d57fe81012d581e1c3f0004','2011-01-05 21:38:44','8ae458ab2ceb6182012ceb88bf0a0001','2011-01-05 21:38:44','8ae458ab2ceb6182012ceb88bf0a0001','Update',NULL,NULL,'8ae458ab2d51da97012d51db9be50006',NULL),('8ae458ab2d57fe81012d581e1ceb0005','2011-01-05 21:38:44','8ae458ab2ceb6182012ceb88bf0a0001','2011-01-05 21:38:44','8ae458ab2ceb6182012ceb88bf0a0001','Update',NULL,NULL,'8ae458ab2d3283ff012d329f719d0006',NULL),('8ae458ab2d57fe81012d581fa3dd0017','2011-01-05 21:40:24','8ae458ab2ceb6182012ceb88bf0a0001','2011-01-05 21:40:24','8ae458ab2ceb6182012ceb88bf0a0001','Update',NULL,NULL,'8ae458ab2d3283ff012d32a49dbe000a',NULL),('8ae458ab2d57fe81012d581fa4b80018','2011-01-05 21:40:24','8ae458ab2ceb6182012ceb88bf0a0001','2011-01-05 21:40:24','8ae458ab2ceb6182012ceb88bf0a0001','Update',NULL,NULL,'8ae458ab2d51da97012d51db9aad0002',NULL),('8ae458ab2d57fe81012d581fa5540019','2011-01-05 21:40:25','8ae458ab2ceb6182012ceb88bf0a0001','2011-01-05 21:40:25','8ae458ab2ceb6182012ceb88bf0a0001','Update',NULL,NULL,'8ae458ab2d51da97012d51db9b490004',NULL),('8ae458ab2d57fe81012d581fa600001a','2011-01-05 21:40:25','8ae458ab2ceb6182012ceb88bf0a0001','2011-01-05 21:40:25','8ae458ab2ceb6182012ceb88bf0a0001','Update',NULL,NULL,'8ae458ab2d51da97012d51db9be50006',NULL),('8ae458ab2d57fe81012d581fa729001b','2011-01-05 21:40:25','8ae458ab2ceb6182012ceb88bf0a0001','2011-01-05 21:40:25','8ae458ab2ceb6182012ceb88bf0a0001','Update',NULL,NULL,'8ae458ab2d3283ff012d329f719d0006',NULL),('8ae458ab2d57fe81012d582cda96002e','2011-01-05 21:54:50','Admin',NULL,NULL,NULL,NULL,NULL,NULL,NULL),('8ae458ab2d57fe81012d582cdc4b0031','2011-01-05 21:54:51','Admin',NULL,NULL,'Insert',NULL,'8ae458ab2d57fe81012d582cdc3c0030',NULL,NULL),('8ae458ab2d57fe81012d582cdd550033','2011-01-05 21:54:51','Admin',NULL,NULL,'Insert',NULL,'8ae458ab2d57fe81012d582cdd550032',NULL,NULL),('8ae458ab2d57fe81012d582cde300035','2011-01-05 21:54:51','Admin',NULL,NULL,'Insert',NULL,'8ae458ab2d57fe81012d582cde300034',NULL,NULL),('8ae458ab2d5bad36012d5bae8e750001','2011-01-06 14:15:22','8ae458ab2ceb6182012ceb88bf0a0001','2011-01-06 14:15:22','8ae458ab2ceb6182012ceb88bf0a0001','Update',NULL,NULL,'8ae458ab2d3283ff012d32a49dbe000a',NULL),('8ae458ab2d5bad36012d5bae8f310002','2011-01-06 14:15:22','8ae458ab2ceb6182012ceb88bf0a0001','2011-01-06 14:15:22','8ae458ab2ceb6182012ceb88bf0a0001','Update',NULL,NULL,'8ae458ab2d51da97012d51db9aad0002',NULL),('8ae458ab2d5bad36012d5bae8fdd0003','2011-01-06 14:15:22','8ae458ab2ceb6182012ceb88bf0a0001','2011-01-06 14:15:22','8ae458ab2ceb6182012ceb88bf0a0001','Update',NULL,NULL,'8ae458ab2d51da97012d51db9b490004',NULL),('8ae458ab2d5bad36012d5bae90b70004','2011-01-06 14:15:23','8ae458ab2ceb6182012ceb88bf0a0001','2011-01-06 14:15:23','8ae458ab2ceb6182012ceb88bf0a0001','Update',NULL,NULL,'8ae458ab2d51da97012d51db9be50006',NULL),('8ae458ab2d5bad36012d5bae91730005','2011-01-06 14:15:23','8ae458ab2ceb6182012ceb88bf0a0001','2011-01-06 14:15:23','8ae458ab2ceb6182012ceb88bf0a0001','Update',NULL,NULL,'8ae458ab2d3283ff012d329f719d0006',NULL),('8ae458ab2d5bad36012d5baeaba20006','2011-01-06 14:15:29','8ae458ab2ceb6182012ceb88bf0a0001','2011-01-06 14:15:29','8ae458ab2ceb6182012ceb88bf0a0001','Update',NULL,NULL,'8ae458ab2d5757cb012d5759c57f0011',NULL),('8ae458ab2d5bad36012d5baead190007','2011-01-06 14:15:30','8ae458ab2ceb6182012ceb88bf0a0001','2011-01-06 14:15:30','8ae458ab2ceb6182012ceb88bf0a0001','Update',NULL,NULL,'8ae458ab2d5757cb012d5759c65a0013',NULL),('8ae458ab2d5bad36012d5baeaea00008','2011-01-06 14:15:30','8ae458ab2ceb6182012ceb88bf0a0001','2011-01-06 14:15:30','8ae458ab2ceb6182012ceb88bf0a0001','Update',NULL,NULL,'8ae458ab2d5757cb012d5759c6e60015',NULL),('8ae458ab2d5bad36012d5baeaf3c0009','2011-01-06 14:15:30','8ae458ab2ceb6182012ceb88bf0a0001','2011-01-06 14:15:30','8ae458ab2ceb6182012ceb88bf0a0001','Update',NULL,NULL,'8ae458ab2d5757cb012d5759c7920017',NULL),('8ae458ab2d5bad36012d5baeafd9000a','2011-01-06 14:15:31','8ae458ab2ceb6182012ceb88bf0a0001','2011-01-06 14:15:31','8ae458ab2ceb6182012ceb88bf0a0001','Update',NULL,NULL,'8ae458ab2d5757cb012d5759c81f0019',NULL),('8ae458ab2d5bc016012d5bc14d030001','2011-01-06 14:35:50','8ae458ab2ceb6182012ceb88bf0a0001','2011-01-06 14:35:50','8ae458ab2ceb6182012ceb88bf0a0001','Update',NULL,NULL,'8ae458ab2d3283ff012d32a49dbe000a',NULL),('8ae458ab2d5bc016012d5bc14dbf0002','2011-01-06 14:35:51','8ae458ab2ceb6182012ceb88bf0a0001','2011-01-06 14:35:51','8ae458ab2ceb6182012ceb88bf0a0001','Update',NULL,NULL,'8ae458ab2d51da97012d51db9aad0002',NULL),('8ae458ab2d5bc016012d5bc14e7a0003','2011-01-06 14:35:51','8ae458ab2ceb6182012ceb88bf0a0001','2011-01-06 14:35:51','8ae458ab2ceb6182012ceb88bf0a0001','Update',NULL,NULL,'8ae458ab2d51da97012d51db9b490004',NULL),('8ae458ab2d5bc016012d5bc14f260004','2011-01-06 14:35:51','8ae458ab2ceb6182012ceb88bf0a0001','2011-01-06 14:35:51','8ae458ab2ceb6182012ceb88bf0a0001','Update',NULL,NULL,'8ae458ab2d51da97012d51db9be50006',NULL),('8ae458ab2d5bc016012d5bc14fd20005','2011-01-06 14:35:51','8ae458ab2ceb6182012ceb88bf0a0001','2011-01-06 14:35:51','8ae458ab2ceb6182012ceb88bf0a0001','Update',NULL,NULL,'8ae458ab2d3283ff012d329f719d0006',NULL),('8ae458ab2d5bc016012d5bc177310006','2011-01-06 14:36:01','8ae458ab2ceb6182012ceb88bf0a0001','2011-01-06 14:36:01','8ae458ab2ceb6182012ceb88bf0a0001','Update',NULL,NULL,'8ae458ab2d3283ff012d32a49dbe000a',NULL),('8ae458ab2d5bc016012d5bc178880007','2011-01-06 14:36:02','8ae458ab2ceb6182012ceb88bf0a0001','2011-01-06 14:36:02','8ae458ab2ceb6182012ceb88bf0a0001','Update',NULL,NULL,'8ae458ab2d51da97012d51db9aad0002',NULL),('8ae458ab2d5bc016012d5bc179540008','2011-01-06 14:36:02','8ae458ab2ceb6182012ceb88bf0a0001','2011-01-06 14:36:02','8ae458ab2ceb6182012ceb88bf0a0001','Update',NULL,NULL,'8ae458ab2d51da97012d51db9b490004',NULL),('8ae458ab2d5bc016012d5bc179f00009','2011-01-06 14:36:02','8ae458ab2ceb6182012ceb88bf0a0001','2011-01-06 14:36:02','8ae458ab2ceb6182012ceb88bf0a0001','Update',NULL,NULL,'8ae458ab2d51da97012d51db9be50006',NULL),('8ae458ab2d5bc016012d5bc17aab000a','2011-01-06 14:36:02','8ae458ab2ceb6182012ceb88bf0a0001','2011-01-06 14:36:02','8ae458ab2ceb6182012ceb88bf0a0001','Update',NULL,NULL,'8ae458ab2d3283ff012d329f719d0006',NULL),('8ae458ab2d5bc016012d5bdbf904000b','2011-01-06 15:04:58','8ae458ab2d52b79c012d52b82ef90001','2011-01-06 15:04:58','8ae458ab2d52b79c012d52b82ef90001','Update',NULL,NULL,'8ae458ab2d3283ff012d32a49dbe000a',NULL),('8ae458ab2d5bc016012d5bdbfa0e000c','2011-01-06 15:04:59','8ae458ab2d52b79c012d52b82ef90001','2011-01-06 15:04:59','8ae458ab2d52b79c012d52b82ef90001','Update',NULL,NULL,'8ae458ab2d51da97012d51db9aad0002',NULL),('8ae458ab2d5bc016012d5bdbfac9000d','2011-01-06 15:04:59','8ae458ab2d52b79c012d52b82ef90001','2011-01-06 15:04:59','8ae458ab2d52b79c012d52b82ef90001','Update',NULL,NULL,'8ae458ab2d51da97012d51db9b490004',NULL),('8ae458ab2d5bc016012d5bdbfbb4000e','2011-01-06 15:04:59','8ae458ab2d52b79c012d52b82ef90001','2011-01-06 15:04:59','8ae458ab2d52b79c012d52b82ef90001','Update',NULL,NULL,'8ae458ab2d51da97012d51db9be50006',NULL),('8ae458ab2d5bc016012d5bdbfc6f000f','2011-01-06 15:04:59','8ae458ab2d52b79c012d52b82ef90001','2011-01-06 15:04:59','8ae458ab2d52b79c012d52b82ef90001','Update',NULL,NULL,'8ae458ab2d3283ff012d329f719d0006',NULL),('8ae458ab2d5bc016012d5bde04e80010','2011-01-06 15:07:13','8ae458ab2d52b79c012d52b82ef90001','2011-01-06 15:07:13','8ae458ab2d52b79c012d52b82ef90001','Update',NULL,NULL,'8ae458ab2d3283ff012d32a49dbe000a',NULL),('8ae458ab2d5bc016012d5bde05b30011','2011-01-06 15:07:13','8ae458ab2d52b79c012d52b82ef90001','2011-01-06 15:07:13','8ae458ab2d52b79c012d52b82ef90001','Update',NULL,NULL,'8ae458ab2d51da97012d51db9aad0002',NULL),('8ae458ab2d5bc016012d5bde068e0012','2011-01-06 15:07:13','8ae458ab2d52b79c012d52b82ef90001','2011-01-06 15:07:13','8ae458ab2d52b79c012d52b82ef90001','Update',NULL,NULL,'8ae458ab2d51da97012d51db9b490004',NULL),('8ae458ab2d5bc016012d5bde07490013','2011-01-06 15:07:13','8ae458ab2d52b79c012d52b82ef90001','2011-01-06 15:07:13','8ae458ab2d52b79c012d52b82ef90001','Update',NULL,NULL,'8ae458ab2d51da97012d51db9be50006',NULL),('8ae458ab2d5bc016012d5bde07f50014','2011-01-06 15:07:13','8ae458ab2d52b79c012d52b82ef90001','2011-01-06 15:07:13','8ae458ab2d52b79c012d52b82ef90001','Update',NULL,NULL,'8ae458ab2d3283ff012d329f719d0006',NULL),('8ae458ab2d5bc016012d5be54f81002a','2011-01-06 15:15:10','8ae458ab2ceb6182012ceb88bf0a0001','2011-01-06 15:15:10','8ae458ab2ceb6182012ceb88bf0a0001','Update',NULL,NULL,'8ae458ab2d3283ff012d32a49dbe000a',NULL),('8ae458ab2d5bc016012d5be5503d002b','2011-01-06 15:15:11','8ae458ab2ceb6182012ceb88bf0a0001','2011-01-06 15:15:11','8ae458ab2ceb6182012ceb88bf0a0001','Update',NULL,NULL,'8ae458ab2d51da97012d51db9aad0002',NULL),('8ae458ab2d5bc016012d5be5532b002c','2011-01-06 15:15:11','8ae458ab2ceb6182012ceb88bf0a0001','2011-01-06 15:15:11','8ae458ab2ceb6182012ceb88bf0a0001','Update',NULL,NULL,'8ae458ab2d51da97012d51db9b490004',NULL),('8ae458ab2d5bc016012d5be553c7002d','2011-01-06 15:15:11','8ae458ab2ceb6182012ceb88bf0a0001','2011-01-06 15:15:11','8ae458ab2ceb6182012ceb88bf0a0001','Update',NULL,NULL,'8ae458ab2d51da97012d51db9be50006',NULL),('8ae458ab2d5bc016012d5be55454002e','2011-01-06 15:15:12','8ae458ab2ceb6182012ceb88bf0a0001','2011-01-06 15:15:12','8ae458ab2ceb6182012ceb88bf0a0001','Update',NULL,NULL,'8ae458ab2d3283ff012d329f719d0006',NULL),('8ae458ab2d5bc016012d5be58b62002f','2011-01-06 15:15:26','8ae458ab2d52b79c012d52b82ef90001','2011-01-06 15:15:26','8ae458ab2d52b79c012d52b82ef90001','Update',NULL,NULL,'8ae458ab2d3283ff012d32a49dbe000a',NULL),('8ae458ab2d5bc016012d5be58c1d0030','2011-01-06 15:15:26','8ae458ab2d52b79c012d52b82ef90001','2011-01-06 15:15:26','8ae458ab2d52b79c012d52b82ef90001','Update',NULL,NULL,'8ae458ab2d51da97012d51db9aad0002',NULL),('8ae458ab2d5bc016012d5be58cf80031','2011-01-06 15:15:26','8ae458ab2d52b79c012d52b82ef90001','2011-01-06 15:15:26','8ae458ab2d52b79c012d52b82ef90001','Update',NULL,NULL,'8ae458ab2d51da97012d51db9b490004',NULL),('8ae458ab2d5bc016012d5be58d940032','2011-01-06 15:15:26','8ae458ab2d52b79c012d52b82ef90001','2011-01-06 15:15:26','8ae458ab2d52b79c012d52b82ef90001','Update',NULL,NULL,'8ae458ab2d51da97012d51db9be50006',NULL),('8ae458ab2d5bc016012d5be58e500033','2011-01-06 15:15:26','8ae458ab2d52b79c012d52b82ef90001','2011-01-06 15:15:26','8ae458ab2d52b79c012d52b82ef90001','Update',NULL,NULL,'8ae458ab2d3283ff012d329f719d0006',NULL),('8ae458ab2d5c723c012d5c82c8c60012','2011-01-06 18:07:11','8ae458ab2ceb6182012ceb88bf0a0001','2011-01-06 18:07:11','8ae458ab2ceb6182012ceb88bf0a0001','Update',NULL,NULL,'8ae458ab2d3283ff012d32a49dbe000a',NULL),('8ae458ab2d5c723c012d5c82c9910013','2011-01-06 18:07:11','8ae458ab2ceb6182012ceb88bf0a0001','2011-01-06 18:07:11','8ae458ab2ceb6182012ceb88bf0a0001','Update',NULL,NULL,'8ae458ab2d51da97012d51db9aad0002',NULL),('8ae458ab2d5c723c012d5c82ca3d0014','2011-01-06 18:07:11','8ae458ab2ceb6182012ceb88bf0a0001','2011-01-06 18:07:11','8ae458ab2ceb6182012ceb88bf0a0001','Update',NULL,NULL,'8ae458ab2d51da97012d51db9b490004',NULL),('8ae458ab2d5c723c012d5c82cae90015','2011-01-06 18:07:11','8ae458ab2ceb6182012ceb88bf0a0001','2011-01-06 18:07:11','8ae458ab2ceb6182012ceb88bf0a0001','Update',NULL,NULL,'8ae458ab2d51da97012d51db9be50006',NULL),('8ae458ab2d5c723c012d5c82cba40016','2011-01-06 18:07:11','8ae458ab2ceb6182012ceb88bf0a0001','2011-01-06 18:07:11','8ae458ab2ceb6182012ceb88bf0a0001','Update',NULL,NULL,'8ae458ab2d3283ff012d329f719d0006',NULL),('8ae458ab2d5c723c012d5c831cd20018','2011-01-06 18:07:32','8ae458ab2ceb6182012ceb88bf0a0001',NULL,NULL,'Insert',NULL,'8ae458ab2d5c723c012d5c831cd20017',NULL,NULL),('8ae458ab2d5c723c012d5c834e53001a','2011-01-06 18:07:45','8ae458ab2ceb6182012ceb88bf0a0001',NULL,NULL,'Insert',NULL,'8ae458ab2d5c723c012d5c834e530019',NULL,NULL),('8ae458ab2d5c723c012d5c847a92001b','2011-01-06 18:09:02','8ae458ab2ceb6182012ceb88bf0a0001','2011-01-06 18:09:02','8ae458ab2ceb6182012ceb88bf0a0001','Update',NULL,NULL,'8ae458ab2d3283ff012d32a49dbe000a',NULL),('8ae458ab2d5c723c012d5c847b4d001c','2011-01-06 18:09:02','8ae458ab2ceb6182012ceb88bf0a0001','2011-01-06 18:09:02','8ae458ab2ceb6182012ceb88bf0a0001','Update',NULL,NULL,'8ae458ab2d51da97012d51db9aad0002',NULL),('8ae458ab2d5c723c012d5c847e5b001d','2011-01-06 18:09:03','8ae458ab2ceb6182012ceb88bf0a0001','2011-01-06 18:09:03','8ae458ab2ceb6182012ceb88bf0a0001','Update',NULL,NULL,'8ae458ab2d51da97012d51db9b490004',NULL),('8ae458ab2d5c723c012d5c847ff1001e','2011-01-06 18:09:03','8ae458ab2ceb6182012ceb88bf0a0001','2011-01-06 18:09:03','8ae458ab2ceb6182012ceb88bf0a0001','Update',NULL,NULL,'8ae458ab2d51da97012d51db9be50006',NULL),('8ae458ab2d5c723c012d5c8480eb001f','2011-01-06 18:09:03','8ae458ab2ceb6182012ceb88bf0a0001','2011-01-06 18:09:03','8ae458ab2ceb6182012ceb88bf0a0001','Update',NULL,NULL,'8ae458ab2d3283ff012d329f719d0006',NULL),('8ae458ab2d5c723c012d5c84b46f0021','2011-01-06 18:09:16','8ae458ab2ceb6182012ceb88bf0a0001',NULL,NULL,'Insert',NULL,'8ae458ab2d5c723c012d5c84b46f0020',NULL,NULL),('8ae458ab2d5c723c012d5c84f09e0023','2011-01-06 18:09:32','8ae458ab2ceb6182012ceb88bf0a0001',NULL,NULL,'Insert',NULL,'8ae458ab2d5c723c012d5c84f09e0022',NULL,NULL),('8ae458ab2d5c723c012d5c8538950025','2011-01-06 18:09:50','8ae458ab2ceb6182012ceb88bf0a0001',NULL,NULL,'Insert',NULL,'8ae458ab2d5c723c012d5c8538950024',NULL,NULL),('8ae458ab2d5c723c012d5c8587af0027','2011-01-06 18:10:10','8ae458ab2ceb6182012ceb88bf0a0001',NULL,NULL,'Insert',NULL,'8ae458ab2d5c723c012d5c8587af0026',NULL,NULL),('8ae458ab2d5c723c012d5c85cfc50029','2011-01-06 18:10:29','8ae458ab2ceb6182012ceb88bf0a0001',NULL,NULL,'Insert',NULL,'8ae458ab2d5c723c012d5c85cfc50028',NULL,NULL),('8ae458ab2d5c723c012d5c860916002b','2011-01-06 18:10:44','8ae458ab2ceb6182012ceb88bf0a0001',NULL,NULL,'Insert',NULL,'8ae458ab2d5c723c012d5c860916002a',NULL,NULL),('8ae458ab2d5c723c012d5c86bf77002c','2011-01-06 18:11:30','8ae458ab2ceb6182012ceb88bf0a0001','2011-01-06 18:11:30','8ae458ab2ceb6182012ceb88bf0a0001','Update',NULL,NULL,'8ae458ab2d3283ff012d32a49dbe000a',NULL),('8ae458ab2d5c723c012d5c86c469002d','2011-01-06 18:11:32','8ae458ab2ceb6182012ceb88bf0a0001','2011-01-06 18:11:32','8ae458ab2ceb6182012ceb88bf0a0001','Update',NULL,NULL,'8ae458ab2d51da97012d51db9aad0002',NULL),('8ae458ab2d5c723c012d5c86c525002e','2011-01-06 18:11:32','8ae458ab2ceb6182012ceb88bf0a0001','2011-01-06 18:11:32','8ae458ab2ceb6182012ceb88bf0a0001','Update',NULL,NULL,'8ae458ab2d51da97012d51db9b490004',NULL),('8ae458ab2d5c723c012d5c86c5d1002f','2011-01-06 18:11:32','8ae458ab2ceb6182012ceb88bf0a0001','2011-01-06 18:11:32','8ae458ab2ceb6182012ceb88bf0a0001','Update',NULL,NULL,'8ae458ab2d51da97012d51db9be50006',NULL),('8ae458ab2d5c723c012d5c86c66d0030','2011-01-06 18:11:32','8ae458ab2ceb6182012ceb88bf0a0001','2011-01-06 18:11:32','8ae458ab2ceb6182012ceb88bf0a0001','Update',NULL,NULL,'8ae458ab2d3283ff012d329f719d0006',NULL),('8ae458ab2d5ca931012d5ce9d1cf002a','2011-01-06 19:59:43','8ae458ab2ceb6182012ceb88bf0a0001','2011-01-06 19:59:43','8ae458ab2ceb6182012ceb88bf0a0001','Update',NULL,NULL,'8ae458ab2d0a0416012d0a0919f60007',NULL),('8ae458ab2d5ca931012d5ce9d2aa002b','2011-01-06 19:59:43','8ae458ab2ceb6182012ceb88bf0a0001','2011-01-06 19:59:43','8ae458ab2ceb6182012ceb88bf0a0001','Update',NULL,NULL,'8ae458ab2d0a0416012d0a094df3000a',NULL),('8ae458ab2d5ca931012d5ce9d375002c','2011-01-06 19:59:43','8ae458ab2ceb6182012ceb88bf0a0001','2011-01-06 19:59:43','8ae458ab2ceb6182012ceb88bf0a0001','Update',NULL,NULL,'8ae458ab2d0a0416012d0a098463000e',NULL),('8ae458ab2d5ca931012d5ce9d45f002d','2011-01-06 19:59:44','8ae458ab2ceb6182012ceb88bf0a0001','2011-01-06 19:59:44','8ae458ab2ceb6182012ceb88bf0a0001','Update',NULL,NULL,'8ae458ab2d0a0416012d0a0984ef0010',NULL),('8ae458ab2d5ca931012d5ce9d51b0036','2011-01-06 19:59:44','8ae458ab2ceb6182012ceb88bf0a0001',NULL,NULL,'Insert',NULL,NULL,'8ae458ab2d5ca931012d5ce9d51b0035',NULL),('8ae458ab2d5ca931012d5ce9d5f60038','2011-01-06 19:59:44','8ae458ab2ceb6182012ceb88bf0a0001',NULL,NULL,'Insert',NULL,NULL,'8ae458ab2d5ca931012d5ce9d5f60037',NULL),('8ae458ab2d5ca931012d5ceb76f80039','2011-01-06 20:01:31','8ae458ab2ceb6182012ceb88bf0a0001','2011-01-06 20:01:31','8ae458ab2ceb6182012ceb88bf0a0001','Update',NULL,NULL,'8ae458ab2d3283ff012d32a49dbe000a',NULL),('8ae458ab2d5ca931012d5ceb77f2003a','2011-01-06 20:01:31','8ae458ab2ceb6182012ceb88bf0a0001','2011-01-06 20:01:31','8ae458ab2ceb6182012ceb88bf0a0001','Update',NULL,NULL,'8ae458ab2d51da97012d51db9aad0002',NULL),('8ae458ab2d5ca931012d5ceb789e003b','2011-01-06 20:01:31','8ae458ab2ceb6182012ceb88bf0a0001','2011-01-06 20:01:31','8ae458ab2ceb6182012ceb88bf0a0001','Update',NULL,NULL,'8ae458ab2d51da97012d51db9b490004',NULL),('8ae458ab2d5ca931012d5ceb795a003c','2011-01-06 20:01:31','8ae458ab2ceb6182012ceb88bf0a0001','2011-01-06 20:01:31','8ae458ab2ceb6182012ceb88bf0a0001','Update',NULL,NULL,'8ae458ab2d51da97012d51db9be50006',NULL),('8ae458ab2d5ca931012d5ceb7e1d003d','2011-01-06 20:01:33','8ae458ab2ceb6182012ceb88bf0a0001','2011-01-06 20:01:33','8ae458ab2ceb6182012ceb88bf0a0001','Update',NULL,NULL,'8ae458ab2d3283ff012d329f719d0006',NULL),('8ae458ab2d5ca931012d5cfe4f740067','2011-01-06 20:22:06','8ae458ab2ceb6182012ceb88bf0a0001','2011-01-06 20:22:06','8ae458ab2ceb6182012ceb88bf0a0001','Update',NULL,NULL,'8ae458ab2d3283ff012d32a49dbe000a',NULL),('8ae458ab2d5ca931012d5cfe50100068','2011-01-06 20:22:06','8ae458ab2ceb6182012ceb88bf0a0001','2011-01-06 20:22:06','8ae458ab2ceb6182012ceb88bf0a0001','Update',NULL,NULL,'8ae458ab2d51da97012d51db9aad0002',NULL),('8ae458ab2d5ca931012d5cfe50cb0069','2011-01-06 20:22:06','8ae458ab2ceb6182012ceb88bf0a0001','2011-01-06 20:22:06','8ae458ab2ceb6182012ceb88bf0a0001','Update',NULL,NULL,'8ae458ab2d51da97012d51db9b490004',NULL),('8ae458ab2d5ca931012d5cfe5213006a','2011-01-06 20:22:07','8ae458ab2ceb6182012ceb88bf0a0001','2011-01-06 20:22:07','8ae458ab2ceb6182012ceb88bf0a0001','Update',NULL,NULL,'8ae458ab2d51da97012d51db9be50006',NULL),('8ae458ab2d5ca931012d5cfe533c006b','2011-01-06 20:22:07','8ae458ab2ceb6182012ceb88bf0a0001','2011-01-06 20:22:07','8ae458ab2ceb6182012ceb88bf0a0001','Update',NULL,NULL,'8ae458ab2d3283ff012d329f719d0006',NULL),('8ae458ab2d5ca931012d5d061ee8006c','2011-01-06 20:30:38','8ae458ab2ceb6182012ceb88bf0a0001','2011-01-06 20:30:38','8ae458ab2ceb6182012ceb88bf0a0001','Update',NULL,NULL,'8ae458ab2d575549012d5756d91c0011',NULL),('8ae458ab2d5ca931012d5d061f84006d','2011-01-06 20:30:38','8ae458ab2ceb6182012ceb88bf0a0001','2011-01-06 20:30:38','8ae458ab2ceb6182012ceb88bf0a0001','Update',NULL,NULL,'8ae458ab2d575549012d5756da840013',NULL),('8ae458ab2d5ca931012d5d062040006e','2011-01-06 20:30:38','8ae458ab2ceb6182012ceb88bf0a0001','2011-01-06 20:30:38','8ae458ab2ceb6182012ceb88bf0a0001','Update',NULL,NULL,'8ae458ab2d575549012d5756db4f0015',NULL),('8ae458ab2d5ca931012d5d0620dc006f','2011-01-06 20:30:38','8ae458ab2ceb6182012ceb88bf0a0001','2011-01-06 20:30:38','8ae458ab2ceb6182012ceb88bf0a0001','Update',NULL,NULL,'8ae458ab2d575549012d5756dc780017',NULL),('8ae458ab2d5ca931012d5d0621880070','2011-01-06 20:30:38','8ae458ab2ceb6182012ceb88bf0a0001','2011-01-06 20:30:38','8ae458ab2ceb6182012ceb88bf0a0001','Update',NULL,NULL,'8ae458ab2d575549012d5756dd140019',NULL),('8ae458ab2d5ca931012d5d103407011d','2011-01-06 20:41:39','8ae458ab2ceb6182012ceb88bf0a0001','2011-01-06 20:41:39','8ae458ab2ceb6182012ceb88bf0a0001','Update',NULL,NULL,'8ae458ab2d3283ff012d32a49dbe000a',NULL),('8ae458ab2d5ca931012d5d10358e011e','2011-01-06 20:41:39','8ae458ab2ceb6182012ceb88bf0a0001','2011-01-06 20:41:39','8ae458ab2ceb6182012ceb88bf0a0001','Update',NULL,NULL,'8ae458ab2d51da97012d51db9aad0002',NULL),('8ae458ab2d5ca931012d5d10362a011f','2011-01-06 20:41:39','8ae458ab2ceb6182012ceb88bf0a0001','2011-01-06 20:41:39','8ae458ab2ceb6182012ceb88bf0a0001','Update',NULL,NULL,'8ae458ab2d51da97012d51db9b490004',NULL),('8ae458ab2d5ca931012d5d1036d60120','2011-01-06 20:41:39','8ae458ab2ceb6182012ceb88bf0a0001','2011-01-06 20:41:39','8ae458ab2ceb6182012ceb88bf0a0001','Update',NULL,NULL,'8ae458ab2d51da97012d51db9be50006',NULL),('8ae458ab2d5ca931012d5d1037720121','2011-01-06 20:41:39','8ae458ab2ceb6182012ceb88bf0a0001','2011-01-06 20:41:39','8ae458ab2ceb6182012ceb88bf0a0001','Update',NULL,NULL,'8ae458ab2d3283ff012d329f719d0006',NULL),('8ae458ab2d61536e012d6155adac002f','2011-01-07 16:36:01','8ae458ab2ceb6182012ceb88bf0a0001','2011-01-07 16:36:01','8ae458ab2ceb6182012ceb88bf0a0001','Update',NULL,NULL,'8ae458ab2d3283ff012d32a49dbe000a',NULL),('8ae458ab2d61536e012d615973c80031','2011-01-07 16:40:08','Admin',NULL,NULL,NULL,NULL,NULL,NULL,NULL),('8ae458ab2d61536e012d615975bc0034','2011-01-07 16:40:08','Admin',NULL,NULL,'Insert',NULL,'8ae458ab2d61536e012d615975bc0033',NULL,NULL),('8ae458ab2d61536e012d615976b60036','2011-01-07 16:40:09','Admin',NULL,NULL,'Insert',NULL,'8ae458ab2d61536e012d615976b60035',NULL,NULL),('8ae458ab2d61536e012d615977a00038','2011-01-07 16:40:09','Admin',NULL,NULL,'Insert',NULL,'8ae458ab2d61536e012d615977a00037',NULL,NULL),('8ae458ab2d619764012d619c95ea0002','2011-01-07 17:53:28','8ae458ab2d52b79c012d52b82ef90001',NULL,NULL,'Insert','8ae458ab2d619764012d619c95ea0001',NULL,NULL,NULL),('8ae458ab2d625818012d625f69610074','2011-01-07 21:26:16','8ae458ab2ceb6182012ceb88bf0a0001','2011-01-07 21:26:16','8ae458ab2ceb6182012ceb88bf0a0001','Update','8ae458ab2ceb6182012ceb8c4b060008',NULL,NULL,NULL),('8ae458ab2d665094012d6651a18c0002','2011-01-08 15:49:41','8ae458ab2d52b79c012d52b82ef90001',NULL,NULL,'Insert',NULL,'8ae458ab2d665094012d6651a18c0001',NULL,NULL),('8ae458ab2d668c4f012d6692dbed0003','2011-01-08 17:00:56','8ae458ab2ceb6182012ceb88bf0a0001',NULL,NULL,'Insert','8ae458ab2d668c4f012d6692dbed0002',NULL,NULL,NULL),('8ae458ab2d668c4f012d6693129e0005','2011-01-08 17:01:10','8ae458ab2ceb6182012ceb88bf0a0001',NULL,NULL,'Insert',NULL,'8ae458ab2d668c4f012d6693129e0004',NULL,NULL),('8ae458ab2d668c4f012d66936c770007','2011-01-08 17:01:33','8ae458ab2ceb6182012ceb88bf0a0001',NULL,NULL,'Insert',NULL,'8ae458ab2d668c4f012d66936c770006',NULL,NULL),('8ae458ab2d670c40012d670e1d460001','2011-01-08 19:15:34','8ae458ab2ceb6182012ceb88bf0a0001','2011-01-08 19:15:34','8ae458ab2ceb6182012ceb88bf0a0001','Update',NULL,'8ae458ab2ceb6182012ceb8cb28b000a',NULL,NULL),('8ae458ab2d670c40012d670e466a0003','2011-01-08 19:15:44','8ae458ab2ceb6182012ceb88bf0a0001',NULL,NULL,'Insert',NULL,NULL,NULL,'8ae458ab2d670c40012d670e466a0002'),('8ae458ab2d670c40012d670e58e90005','2011-01-08 19:15:49','8ae458ab2ceb6182012ceb88bf0a0001',NULL,NULL,'Insert',NULL,NULL,'8ae458ab2d670c40012d670e58e90004',NULL),('8ae458ab2d670c40012d670f15740006','2011-01-08 19:16:37','8ae458ab2d52b79c012d52b82ef90001','2011-01-08 19:16:37','8ae458ab2d52b79c012d52b82ef90001','Update',NULL,NULL,'8ae458ab2d3283ff012d329f719d0006',NULL),('8ae458ab2d670c40012d670f15a30007','2011-01-08 19:16:37','8ae458ab2d52b79c012d52b82ef90001','2011-01-08 19:16:37','8ae458ab2d52b79c012d52b82ef90001','Update',NULL,NULL,'8ae458ab2d3283ff012d32a49dbe000a',NULL),('8ae458ab2d670c40012d670f16010008','2011-01-08 19:16:38','8ae458ab2d52b79c012d52b82ef90001','2011-01-08 19:16:38','8ae458ab2d52b79c012d52b82ef90001','Update',NULL,NULL,'8ae458ab2d51da97012d51db9aad0002',NULL),('8ae458ab2d670c40012d670f16200009','2011-01-08 19:16:38','8ae458ab2d52b79c012d52b82ef90001','2011-01-08 19:16:38','8ae458ab2d52b79c012d52b82ef90001','Update',NULL,NULL,'8ae458ab2d51da97012d51db9b490004',NULL),('8ae458ab2d670c40012d670f168e000a','2011-01-08 19:16:38','8ae458ab2d52b79c012d52b82ef90001','2011-01-08 19:16:38','8ae458ab2d52b79c012d52b82ef90001','Update',NULL,NULL,'8ae458ab2d51da97012d51db9be50006',NULL),('8ae458ab2d670c40012d670f16bc000b','2011-01-08 19:16:38','8ae458ab2d52b79c012d52b82ef90001','2011-01-08 19:16:38','8ae458ab2d52b79c012d52b82ef90001','Update',NULL,NULL,'8ae458ab2d575549012d5756d91c0011',NULL),('8ae458ab2d670c40012d670f171a000c','2011-01-08 19:16:38','8ae458ab2d52b79c012d52b82ef90001','2011-01-08 19:16:38','8ae458ab2d52b79c012d52b82ef90001','Update',NULL,NULL,'8ae458ab2d575549012d5756da840013',NULL),('8ae458ab2d670c40012d670f1749000d','2011-01-08 19:16:38','8ae458ab2d52b79c012d52b82ef90001','2011-01-08 19:16:38','8ae458ab2d52b79c012d52b82ef90001','Update',NULL,NULL,'8ae458ab2d575549012d5756db4f0015',NULL),('8ae458ab2d670c40012d670f1797000e','2011-01-08 19:16:38','8ae458ab2d52b79c012d52b82ef90001','2011-01-08 19:16:38','8ae458ab2d52b79c012d52b82ef90001','Update',NULL,NULL,'8ae458ab2d575549012d5756dc780017',NULL),('8ae458ab2d670c40012d670f17e5000f','2011-01-08 19:16:38','8ae458ab2d52b79c012d52b82ef90001','2011-01-08 19:16:38','8ae458ab2d52b79c012d52b82ef90001','Update',NULL,NULL,'8ae458ab2d575549012d5756dd140019',NULL),('8ae458ab2d670c40012d670f18620010','2011-01-08 19:16:38','8ae458ab2d52b79c012d52b82ef90001','2011-01-08 19:16:38','8ae458ab2d52b79c012d52b82ef90001','Update',NULL,NULL,'8ae458ab2d5757cb012d5759c57f0011',NULL),('8ae458ab2d670c40012d670f18b00011','2011-01-08 19:16:38','8ae458ab2d52b79c012d52b82ef90001','2011-01-08 19:16:38','8ae458ab2d52b79c012d52b82ef90001','Update',NULL,NULL,'8ae458ab2d5757cb012d5759c65a0013',NULL),('8ae458ab2d670c40012d670f18df0012','2011-01-08 19:16:38','8ae458ab2d52b79c012d52b82ef90001','2011-01-08 19:16:38','8ae458ab2d52b79c012d52b82ef90001','Update',NULL,NULL,'8ae458ab2d5757cb012d5759c6e60015',NULL),('8ae458ab2d670c40012d670f193d0013','2011-01-08 19:16:38','8ae458ab2d52b79c012d52b82ef90001','2011-01-08 19:16:38','8ae458ab2d52b79c012d52b82ef90001','Update',NULL,NULL,'8ae458ab2d5757cb012d5759c7920017',NULL),('8ae458ab2d670c40012d670f196c0014','2011-01-08 19:16:38','8ae458ab2d52b79c012d52b82ef90001','2011-01-08 19:16:38','8ae458ab2d52b79c012d52b82ef90001','Update',NULL,NULL,'8ae458ab2d5757cb012d5759c81f0019',NULL),('8ae458ab2d670c40012d670f20230015','2011-01-08 19:16:40','8ae458ab2d52b79c012d52b82ef90001','2011-01-08 19:16:40','8ae458ab2d52b79c012d52b82ef90001','Update',NULL,NULL,'8ae458ab2d670c40012d670e58e90004',NULL),('8ae458ab2d670c40012d670f20af0017','2011-01-08 19:16:40','8ae458ab2d52b79c012d52b82ef90001',NULL,NULL,'Insert',NULL,NULL,'8ae458ab2d670c40012d670f20af0016',NULL),('8ae458ab2d670c40012d670f213c0019','2011-01-08 19:16:40','8ae458ab2d52b79c012d52b82ef90001',NULL,NULL,'Insert',NULL,NULL,'8ae458ab2d670c40012d670f213c0018',NULL),('8ae458ab2d670c40012d670f21c9001b','2011-01-08 19:16:41','8ae458ab2d52b79c012d52b82ef90001',NULL,NULL,'Insert',NULL,NULL,'8ae458ab2d670c40012d670f21c9001a',NULL),('8ae458ab2d670c40012d670f2255001d','2011-01-08 19:16:41','8ae458ab2d52b79c012d52b82ef90001',NULL,NULL,'Insert',NULL,NULL,'8ae458ab2d670c40012d670f2255001c',NULL),('8ae458ab2d670c40012d67108a75001f','2011-01-08 19:18:13','8ae458ab2ceb6182012ceb88bf0a0001',NULL,NULL,'Insert',NULL,'8ae458ab2d670c40012d67108a75001e',NULL,NULL),('8ae458ab2d670c40012d671153b30021','2011-01-08 19:19:04','8ae458ab2ceb6182012ceb88bf0a0001',NULL,NULL,'Insert',NULL,NULL,NULL,'8ae458ab2d670c40012d671153b30020'),('8ae458ab2d670c40012d67115a2b0022','2011-01-08 19:19:06','8ae458ab2ceb6182012ceb88bf0a0001','2011-01-08 19:19:06','8ae458ab2ceb6182012ceb88bf0a0001','Update',NULL,NULL,'8ae458ab2d670c40012d670e58e90004',NULL),('8ae458ab2d67134b012d671689ed0001','2011-01-08 19:24:46','8ae458ab2d52b79c012d52b82ef90001','2011-01-08 19:24:46','8ae458ab2d52b79c012d52b82ef90001','Update',NULL,NULL,'8ae458ab2d670c40012d670e58e90004',NULL),('8ae458ab2d67134b012d67168a890002','2011-01-08 19:24:46','8ae458ab2d52b79c012d52b82ef90001','2011-01-08 19:24:46','8ae458ab2d52b79c012d52b82ef90001','Update',NULL,NULL,'8ae458ab2d670c40012d670f20af0016',NULL),('8ae458ab2d67134b012d67168b350003','2011-01-08 19:24:46','8ae458ab2d52b79c012d52b82ef90001','2011-01-08 19:24:46','8ae458ab2d52b79c012d52b82ef90001','Update',NULL,NULL,'8ae458ab2d670c40012d670f213c0018',NULL),('8ae458ab2d67134b012d67168bd10004','2011-01-08 19:24:46','8ae458ab2d52b79c012d52b82ef90001','2011-01-08 19:24:46','8ae458ab2d52b79c012d52b82ef90001','Update',NULL,NULL,'8ae458ab2d670c40012d670f21c9001a',NULL),('8ae458ab2d67134b012d67168c6e0005','2011-01-08 19:24:47','8ae458ab2d52b79c012d52b82ef90001','2011-01-08 19:24:47','8ae458ab2d52b79c012d52b82ef90001','Update',NULL,NULL,'8ae458ab2d670c40012d670f2255001c',NULL),('8ae458ab2d67134b012d6716b89f0007','2011-01-08 19:24:58','8ae458ab2d52b79c012d52b82ef90001',NULL,NULL,'Insert',NULL,NULL,'8ae458ab2d67134b012d6716b89f0006',NULL),('8ae458ab2d67134b012d6716b94b0009','2011-01-08 19:24:58','8ae458ab2d52b79c012d52b82ef90001',NULL,NULL,'Insert',NULL,NULL,'8ae458ab2d67134b012d6716b94b0008',NULL),('8ae458ab2d67134b012d6716b9f6000b','2011-01-08 19:24:58','8ae458ab2d52b79c012d52b82ef90001',NULL,NULL,'Insert',NULL,NULL,'8ae458ab2d67134b012d6716b9f6000a',NULL),('8ae458ab2d67134b012d6716ba93000d','2011-01-08 19:24:58','8ae458ab2d52b79c012d52b82ef90001',NULL,NULL,'Insert',NULL,NULL,'8ae458ab2d67134b012d6716ba93000c',NULL),('8ae458ab2d67134b012d6716bb5e000f','2011-01-08 19:24:59','8ae458ab2d52b79c012d52b82ef90001',NULL,NULL,'Insert',NULL,NULL,'8ae458ab2d67134b012d6716bb5e000e',NULL),('8ae458ab2d673783012d6741e4530001','2011-01-08 20:12:07','8ae458ab2ceb6182012ceb88bf0a0001','2011-01-08 20:12:07','8ae458ab2ceb6182012ceb88bf0a0001','Update','8ae458ab2d619764012d619c95ea0001',NULL,NULL,NULL),('8ae458ab2d71a4c3012d71a6e2c40001','2011-01-10 20:38:38','8ae458ab2ceb6182012ceb88bf0a0001','2011-01-10 20:38:38','8ae458ab2ceb6182012ceb88bf0a0001','Update',NULL,NULL,'8ae458ab2d3283ff012d32a49dbe000a',NULL),('8ae458ab2d71a4c3012d71a6e3de0002','2011-01-10 20:38:38','8ae458ab2ceb6182012ceb88bf0a0001','2011-01-10 20:38:38','8ae458ab2ceb6182012ceb88bf0a0001','Update',NULL,NULL,'8ae458ab2d51da97012d51db9aad0002',NULL),('8ae458ab2d71a4c3012d71a6e4b80003','2011-01-10 20:38:39','8ae458ab2ceb6182012ceb88bf0a0001','2011-01-10 20:38:39','8ae458ab2ceb6182012ceb88bf0a0001','Update',NULL,NULL,'8ae458ab2d51da97012d51db9b490004',NULL),('8ae458ab2d71a4c3012d71a6e5550004','2011-01-10 20:38:39','8ae458ab2ceb6182012ceb88bf0a0001','2011-01-10 20:38:39','8ae458ab2ceb6182012ceb88bf0a0001','Update',NULL,NULL,'8ae458ab2d51da97012d51db9be50006',NULL),('8ae458ab2d71a4c3012d71a6e6ac0033','2011-01-10 20:38:39','8ae458ab2ceb6182012ceb88bf0a0001','2011-01-10 20:38:39','8ae458ab2ceb6182012ceb88bf0a0001','Update',NULL,NULL,'8ae458ab2d3283ff012d329f719d0006',NULL),('8ae458ab2d71a4c3012d71a75f780060','2011-01-10 20:39:10','8ae458ab2ceb6182012ceb88bf0a0001','2011-01-10 20:39:10','8ae458ab2ceb6182012ceb88bf0a0001','Update','8ae458ab2ceb6182012ceb8c4b060008',NULL,NULL,NULL),('8ae458ab2d71a4c3012d71a7aeb20064','2011-01-10 20:39:30','8ae458ab2ceb6182012ceb88bf0a0001','2011-01-10 20:39:30','8ae458ab2ceb6182012ceb88bf0a0001','Update','8ae458ab2ceb6182012ceb8c4b060008',NULL,NULL,NULL),('8ae458ab2d71a4c3012d71aa59290065','2011-01-10 20:42:25','8ae458ab2ceb6182012ceb88bf0a0001','2011-01-10 20:42:25','8ae458ab2ceb6182012ceb88bf0a0001','Update','8ae458ab2ceb6182012ceb8c4b060008',NULL,NULL,NULL),('8ae458ab2d71fd1e012d720ebd1a0001','2011-01-10 22:32:04','8ae458ab2ceb6182012ceb88bf0a0001','2011-01-10 22:32:04','8ae458ab2ceb6182012ceb88bf0a0001','Update',NULL,NULL,'8ae458ab2d3283ff012d32a49dbe000a',NULL),('8ae458ab2d71fd1e012d720ebde50002','2011-01-10 22:32:04','8ae458ab2ceb6182012ceb88bf0a0001','2011-01-10 22:32:04','8ae458ab2ceb6182012ceb88bf0a0001','Update',NULL,NULL,'8ae458ab2d51da97012d51db9aad0002',NULL),('8ae458ab2d71fd1e012d720ebe810003','2011-01-10 22:32:04','8ae458ab2ceb6182012ceb88bf0a0001','2011-01-10 22:32:04','8ae458ab2ceb6182012ceb88bf0a0001','Update',NULL,NULL,'8ae458ab2d51da97012d51db9b490004',NULL),('8ae458ab2d71fd1e012d720ebf2d0004','2011-01-10 22:32:05','8ae458ab2ceb6182012ceb88bf0a0001','2011-01-10 22:32:05','8ae458ab2ceb6182012ceb88bf0a0001','Update',NULL,NULL,'8ae458ab2d51da97012d51db9be50006',NULL),('8ae458ab2d71fd1e012d720ebfd90005','2011-01-10 22:32:05','8ae458ab2ceb6182012ceb88bf0a0001','2011-01-10 22:32:05','8ae458ab2ceb6182012ceb88bf0a0001','Update',NULL,NULL,'8ae458ab2d3283ff012d329f719d0006',NULL),('8ae458ab2d723847012d723988cb0004','2011-01-10 23:18:49','8ae458ab2ceb6182012ceb88bf0a0001','2011-01-10 23:18:49','8ae458ab2ceb6182012ceb88bf0a0001','Update','8ae458ab2ceb6182012ceb8c4b060008',NULL,NULL,NULL),('8ae458ab2d723a3e012d723ae4a60001','2011-01-10 23:20:18','8ae458ab2ceb6182012ceb88bf0a0001','2011-01-10 23:20:18','8ae458ab2ceb6182012ceb88bf0a0001','Update','8ae458ab2ceb6182012ceb8c4b060008',NULL,NULL,NULL),('8ae458ab2d724ce7012d726bf3fd0001','2011-01-11 00:13:53','8ae458ab2d52b79c012d52b82ef90001','2011-01-11 00:13:53','8ae458ab2d52b79c012d52b82ef90001','Update',NULL,NULL,'8ae458ab2d3283ff012d32a49dbe000a',NULL),('8ae458ab2d724ce7012d726cc27a0003','2011-01-11 00:14:46','8ae458ab2ceb6182012ceb88bf0a0001',NULL,NULL,'Insert',NULL,NULL,'8ae458ab2d724ce7012d726cc25b0002',NULL),('8ae458ab2d724ce7012d726cd5f30004','2011-01-11 00:14:51','8ae458ab2ceb6182012ceb88bf0a0001','2011-01-11 00:14:51','8ae458ab2ceb6182012ceb88bf0a0001','Update',NULL,NULL,'8ae458ab2d3283ff012d32a49dbe000a',NULL),('8ae458ab2d724ce7012d726cd74b0005','2011-01-11 00:14:51','8ae458ab2ceb6182012ceb88bf0a0001','2011-01-11 00:14:51','8ae458ab2ceb6182012ceb88bf0a0001','Update',NULL,NULL,'8ae458ab2d51da97012d51db9aad0002',NULL),('8ae458ab2d724ce7012d726cd7f70006','2011-01-11 00:14:51','8ae458ab2ceb6182012ceb88bf0a0001','2011-01-11 00:14:51','8ae458ab2ceb6182012ceb88bf0a0001','Update',NULL,NULL,'8ae458ab2d51da97012d51db9b490004',NULL),('8ae458ab2d724ce7012d726cd8f10033','2011-01-11 00:14:52','8ae458ab2ceb6182012ceb88bf0a0001','2011-01-11 00:14:52','8ae458ab2ceb6182012ceb88bf0a0001','Update',NULL,NULL,'8ae458ab2d51da97012d51db9be50006',NULL),('8ae458ab2d724ce7012d726cda680034','2011-01-11 00:14:52','8ae458ab2ceb6182012ceb88bf0a0001','2011-01-11 00:14:52','8ae458ab2ceb6182012ceb88bf0a0001','Update',NULL,NULL,'8ae458ab2d3283ff012d329f719d0006',NULL),('8ae458ab2d724ce7012d726d54f80035','2011-01-11 00:15:23','8ae458ab2d52b79c012d52b82ef90001','2011-01-11 00:15:23','8ae458ab2d52b79c012d52b82ef90001','Update',NULL,NULL,'8ae458ab2d3283ff012d32a49dbe000a',NULL),('8ae458ab2d724ce7012d726d55e30036','2011-01-11 00:15:24','8ae458ab2d52b79c012d52b82ef90001','2011-01-11 00:15:24','8ae458ab2d52b79c012d52b82ef90001','Update',NULL,NULL,'8ae458ab2d51da97012d51db9aad0002',NULL),('8ae458ab2d724ce7012d726d567f0037','2011-01-11 00:15:24','8ae458ab2d52b79c012d52b82ef90001','2011-01-11 00:15:24','8ae458ab2d52b79c012d52b82ef90001','Update',NULL,NULL,'8ae458ab2d51da97012d51db9b490004',NULL),('8ae458ab2d724ce7012d726d572b0038','2011-01-11 00:15:24','8ae458ab2d52b79c012d52b82ef90001','2011-01-11 00:15:24','8ae458ab2d52b79c012d52b82ef90001','Update',NULL,NULL,'8ae458ab2d51da97012d51db9be50006',NULL),('8ae458ab2d724ce7012d726d57d70039','2011-01-11 00:15:24','8ae458ab2d52b79c012d52b82ef90001','2011-01-11 00:15:24','8ae458ab2d52b79c012d52b82ef90001','Update',NULL,NULL,'8ae458ab2d3283ff012d329f719d0006',NULL),('8ae458ab2d724ce7012d726da7cc003b','2011-01-11 00:15:45','8ae458ab2d52b79c012d52b82ef90001',NULL,NULL,'Insert',NULL,NULL,'8ae458ab2d724ce7012d726da7bd003a',NULL),('8ae458ab2d724ce7012d726db123003c','2011-01-11 00:15:47','8ae458ab2d52b79c012d52b82ef90001','2011-01-11 00:15:47','8ae458ab2d52b79c012d52b82ef90001','Update',NULL,NULL,'8ae458ab2d670c40012d670e58e90004',NULL),('8ae458ab2d724ce7012d726db24c003d','2011-01-11 00:15:47','8ae458ab2d52b79c012d52b82ef90001','2011-01-11 00:15:47','8ae458ab2d52b79c012d52b82ef90001','Update',NULL,NULL,'8ae458ab2d670c40012d670f20af0016',NULL),('8ae458ab2d724ce7012d726db2d8003e','2011-01-11 00:15:47','8ae458ab2d52b79c012d52b82ef90001','2011-01-11 00:15:47','8ae458ab2d52b79c012d52b82ef90001','Update',NULL,NULL,'8ae458ab2d670c40012d670f213c0018',NULL),('8ae458ab2d724ce7012d726db384003f','2011-01-11 00:15:48','8ae458ab2d52b79c012d52b82ef90001','2011-01-11 00:15:48','8ae458ab2d52b79c012d52b82ef90001','Update',NULL,NULL,'8ae458ab2d670c40012d670f21c9001a',NULL),('8ae458ab2d724ce7012d726db4210040','2011-01-11 00:15:48','8ae458ab2d52b79c012d52b82ef90001','2011-01-11 00:15:48','8ae458ab2d52b79c012d52b82ef90001','Update',NULL,NULL,'8ae458ab2d670c40012d670f2255001c',NULL),('8ae458ab2d724ce7012d727346c40041','2011-01-11 00:21:53','8ae458ab2d52b79c012d52b82ef90001','2011-01-11 00:21:53','8ae458ab2d52b79c012d52b82ef90001','Update',NULL,NULL,'8ae458ab2d3283ff012d32a49dbe000a',NULL),('8ae458ab2d724ce7012d727349540042','2011-01-11 00:21:54','8ae458ab2d52b79c012d52b82ef90001','2011-01-11 00:21:54','8ae458ab2d52b79c012d52b82ef90001','Update',NULL,NULL,'8ae458ab2d51da97012d51db9aad0002',NULL),('8ae458ab2d724ce7012d72734c330043','2011-01-11 00:21:54','8ae458ab2d52b79c012d52b82ef90001','2011-01-11 00:21:54','8ae458ab2d52b79c012d52b82ef90001','Update',NULL,NULL,'8ae458ab2d51da97012d51db9b490004',NULL),('8ae458ab2d724ce7012d72734d4c0044','2011-01-11 00:21:55','8ae458ab2d52b79c012d52b82ef90001','2011-01-11 00:21:55','8ae458ab2d52b79c012d52b82ef90001','Update',NULL,NULL,'8ae458ab2d51da97012d51db9be50006',NULL),('8ae458ab2d724ce7012d72734e360045','2011-01-11 00:21:55','8ae458ab2d52b79c012d52b82ef90001','2011-01-11 00:21:55','8ae458ab2d52b79c012d52b82ef90001','Update',NULL,NULL,'8ae458ab2d3283ff012d329f719d0006',NULL),('8ae458ab2d75d4f9012d75d674b50001','2011-01-11 16:09:04','8ae458ab2ceb6182012ceb88bf0a0001','2011-01-11 16:09:04','8ae458ab2ceb6182012ceb88bf0a0001','Update',NULL,NULL,'8ae458ab2d575549012d5756d91c0011',NULL),('8ae458ab2d7641cd012d7653dba50002','2011-01-11 18:26:03','8ae458ab2ceb6182012ceb88bf0a0001',NULL,NULL,'Insert',NULL,NULL,'8ae458ab2d7641cd012d7653db760001',NULL),('8ae458ab2d7641cd012d765401710003','2011-01-11 18:26:12','8ae458ab2ceb6182012ceb88bf0a0001','2011-01-11 18:26:12','8ae458ab2ceb6182012ceb88bf0a0001','Update',NULL,NULL,'8ae458ab2d3283ff012d32a49dbe000a',NULL),('8ae458ab2d7641cd012d7654022c0004','2011-01-11 18:26:13','8ae458ab2ceb6182012ceb88bf0a0001','2011-01-11 18:26:13','8ae458ab2ceb6182012ceb88bf0a0001','Update',NULL,NULL,'8ae458ab2d51da97012d51db9aad0002',NULL),('8ae458ab2d7641cd012d765403260005','2011-01-11 18:26:13','8ae458ab2ceb6182012ceb88bf0a0001','2011-01-11 18:26:13','8ae458ab2ceb6182012ceb88bf0a0001','Update',NULL,NULL,'8ae458ab2d51da97012d51db9b490004',NULL),('8ae458ab2d7641cd012d765404ea0006','2011-01-11 18:26:13','8ae458ab2ceb6182012ceb88bf0a0001','2011-01-11 18:26:13','8ae458ab2ceb6182012ceb88bf0a0001','Update',NULL,NULL,'8ae458ab2d51da97012d51db9be50006',NULL),('8ae458ab2d7641cd012d765405d40007','2011-01-11 18:26:14','8ae458ab2ceb6182012ceb88bf0a0001','2011-01-11 18:26:14','8ae458ab2ceb6182012ceb88bf0a0001','Update',NULL,NULL,'8ae458ab2d3283ff012d329f719d0006',NULL),('8ae458ab2d7641cd012d76543ace0034','2011-01-11 18:26:27','8ae458ab2ceb6182012ceb88bf0a0001','2011-01-11 18:26:27','8ae458ab2ceb6182012ceb88bf0a0001','Update',NULL,NULL,'8ae458ab2d670c40012d670e58e90004',NULL),('8ae458ab2d7641cd012d76543bc80035','2011-01-11 18:26:27','8ae458ab2ceb6182012ceb88bf0a0001','2011-01-11 18:26:27','8ae458ab2ceb6182012ceb88bf0a0001','Update',NULL,NULL,'8ae458ab2d670c40012d670f20af0016',NULL),('8ae458ab2d7641cd012d76543c740036','2011-01-11 18:26:28','8ae458ab2ceb6182012ceb88bf0a0001','2011-01-11 18:26:28','8ae458ab2ceb6182012ceb88bf0a0001','Update',NULL,NULL,'8ae458ab2d670c40012d670f213c0018',NULL),('8ae458ab2d7641cd012d76543d1f0037','2011-01-11 18:26:28','8ae458ab2ceb6182012ceb88bf0a0001','2011-01-11 18:26:28','8ae458ab2ceb6182012ceb88bf0a0001','Update',NULL,NULL,'8ae458ab2d670c40012d670f21c9001a',NULL),('8ae458ab2d7641cd012d76543ddb0038','2011-01-11 18:26:28','8ae458ab2ceb6182012ceb88bf0a0001','2011-01-11 18:26:28','8ae458ab2ceb6182012ceb88bf0a0001','Update',NULL,NULL,'8ae458ab2d670c40012d670f2255001c',NULL),('8ae458ab2d7641cd012d7654f22f003a','2011-01-11 18:27:14','8ae458ab2ceb6182012ceb88bf0a0001',NULL,NULL,'Insert',NULL,NULL,'8ae458ab2d7641cd012d7654f22f0039',NULL),('8ae458ab2d7641cd012d76550d7e003b','2011-01-11 18:27:21','8ae458ab2ceb6182012ceb88bf0a0001','2011-01-11 18:27:21','8ae458ab2ceb6182012ceb88bf0a0001','Update',NULL,NULL,'8ae458ab2d3283ff012d32a49dbe000a',NULL),('8ae458ab2d7641cd012d76550eb7003c','2011-01-11 18:27:21','8ae458ab2ceb6182012ceb88bf0a0001','2011-01-11 18:27:21','8ae458ab2ceb6182012ceb88bf0a0001','Update',NULL,NULL,'8ae458ab2d51da97012d51db9aad0002',NULL),('8ae458ab2d7641cd012d76550f72003d','2011-01-11 18:27:22','8ae458ab2ceb6182012ceb88bf0a0001','2011-01-11 18:27:22','8ae458ab2ceb6182012ceb88bf0a0001','Update',NULL,NULL,'8ae458ab2d51da97012d51db9b490004',NULL),('8ae458ab2d7641cd012d7655102d003e','2011-01-11 18:27:22','8ae458ab2ceb6182012ceb88bf0a0001','2011-01-11 18:27:22','8ae458ab2ceb6182012ceb88bf0a0001','Update',NULL,NULL,'8ae458ab2d51da97012d51db9be50006',NULL),('8ae458ab2d7641cd012d76551117003f','2011-01-11 18:27:22','8ae458ab2ceb6182012ceb88bf0a0001','2011-01-11 18:27:22','8ae458ab2ceb6182012ceb88bf0a0001','Update',NULL,NULL,'8ae458ab2d3283ff012d329f719d0006',NULL),('8ae458ab2d7641cd012d76553d2b006c','2011-01-11 18:27:33','8ae458ab2ceb6182012ceb88bf0a0001','2011-01-11 18:27:33','8ae458ab2ceb6182012ceb88bf0a0001','Update',NULL,NULL,'8ae458ab2d575549012d5756d91c0011',NULL),('8ae458ab2d7641cd012d76553e24006d','2011-01-11 18:27:34','8ae458ab2ceb6182012ceb88bf0a0001','2011-01-11 18:27:34','8ae458ab2ceb6182012ceb88bf0a0001','Update',NULL,NULL,'8ae458ab2d575549012d5756da840013',NULL),('8ae458ab2d7641cd012d76553ed0006e','2011-01-11 18:27:34','8ae458ab2ceb6182012ceb88bf0a0001','2011-01-11 18:27:34','8ae458ab2ceb6182012ceb88bf0a0001','Update',NULL,NULL,'8ae458ab2d575549012d5756db4f0015',NULL),('8ae458ab2d7641cd012d76553f7c006f','2011-01-11 18:27:34','8ae458ab2ceb6182012ceb88bf0a0001','2011-01-11 18:27:34','8ae458ab2ceb6182012ceb88bf0a0001','Update',NULL,NULL,'8ae458ab2d575549012d5756dc780017',NULL),('8ae458ab2d7641cd012d765540270070','2011-01-11 18:27:34','8ae458ab2ceb6182012ceb88bf0a0001','2011-01-11 18:27:34','8ae458ab2ceb6182012ceb88bf0a0001','Update',NULL,NULL,'8ae458ab2d575549012d5756dd140019',NULL),('8ae458ab2d7641cd012d76555c320071','2011-01-11 18:27:41','8ae458ab2ceb6182012ceb88bf0a0001','2011-01-11 18:27:41','8ae458ab2ceb6182012ceb88bf0a0001','Update',NULL,NULL,'8ae458ab2d3283ff012d32a49dbe000a',NULL),('8ae458ab2d7641cd012d76555d4b0072','2011-01-11 18:27:42','8ae458ab2ceb6182012ceb88bf0a0001','2011-01-11 18:27:42','8ae458ab2ceb6182012ceb88bf0a0001','Update',NULL,NULL,'8ae458ab2d51da97012d51db9aad0002',NULL),('8ae458ab2d7641cd012d76555df70073','2011-01-11 18:27:42','8ae458ab2ceb6182012ceb88bf0a0001','2011-01-11 18:27:42','8ae458ab2ceb6182012ceb88bf0a0001','Update',NULL,NULL,'8ae458ab2d51da97012d51db9b490004',NULL),('8ae458ab2d7641cd012d76555eb20074','2011-01-11 18:27:42','8ae458ab2ceb6182012ceb88bf0a0001','2011-01-11 18:27:42','8ae458ab2ceb6182012ceb88bf0a0001','Update',NULL,NULL,'8ae458ab2d51da97012d51db9be50006',NULL),('8ae458ab2d7641cd012d76555f6e0075','2011-01-11 18:27:42','8ae458ab2ceb6182012ceb88bf0a0001','2011-01-11 18:27:42','8ae458ab2ceb6182012ceb88bf0a0001','Update',NULL,NULL,'8ae458ab2d3283ff012d329f719d0006',NULL),('8ae458ab2d7641cd012d76558c6b007d','2011-01-11 18:27:54','8ae458ab2ceb6182012ceb88bf0a0001','2011-01-11 18:27:54','8ae458ab2ceb6182012ceb88bf0a0001','Update',NULL,NULL,'8ae458ab2d575549012d5756d91c0011',NULL),('8ae458ab2d7641cd012d76558d65007e','2011-01-11 18:27:54','8ae458ab2ceb6182012ceb88bf0a0001','2011-01-11 18:27:54','8ae458ab2ceb6182012ceb88bf0a0001','Update',NULL,NULL,'8ae458ab2d575549012d5756da840013',NULL),('8ae458ab2d7641cd012d76558e01007f','2011-01-11 18:27:54','8ae458ab2ceb6182012ceb88bf0a0001','2011-01-11 18:27:54','8ae458ab2ceb6182012ceb88bf0a0001','Update',NULL,NULL,'8ae458ab2d575549012d5756db4f0015',NULL),('8ae458ab2d7641cd012d76558ecc0080','2011-01-11 18:27:54','8ae458ab2ceb6182012ceb88bf0a0001','2011-01-11 18:27:54','8ae458ab2ceb6182012ceb88bf0a0001','Update',NULL,NULL,'8ae458ab2d575549012d5756dc780017',NULL),('8ae458ab2d7641cd012d76558f680081','2011-01-11 18:27:54','8ae458ab2ceb6182012ceb88bf0a0001','2011-01-11 18:27:54','8ae458ab2ceb6182012ceb88bf0a0001','Update',NULL,NULL,'8ae458ab2d575549012d5756dd140019',NULL),('8ae458ab2d7641cd012d76925da20083','2011-01-11 19:34:19','8ae458ab2d52b79c012d52b82ef90001','2011-01-11 19:34:19','8ae458ab2d52b79c012d52b82ef90001','Update',NULL,NULL,'8ae458ab2d575549012d5756d91c0011',NULL),('8ae458ab2d7641cd012d76b5aae80084','2011-01-11 20:12:53','8ae458ab2ceb6182012ceb88bf0a0001','2011-01-11 20:12:53','8ae458ab2ceb6182012ceb88bf0a0001','Update',NULL,NULL,'8ae458ab2d3283ff012d32a49dbe000a',NULL),('8ae458ab2d7641cd012d76b5ab740086','2011-01-11 20:12:53','8ae458ab2ceb6182012ceb88bf0a0001',NULL,NULL,'Insert',NULL,NULL,'8ae458ab2d7641cd012d76b5ab740085',NULL),('8ae458ab2d7641cd012d76b5ac2f0087','2011-01-11 20:12:53','8ae458ab2ceb6182012ceb88bf0a0001','2011-01-11 20:12:53','8ae458ab2ceb6182012ceb88bf0a0001','Update',NULL,NULL,'8ae458ab2d51da97012d51db9aad0002',NULL),('8ae458ab2d7641cd012d76b5acdb0088','2011-01-11 20:12:53','8ae458ab2ceb6182012ceb88bf0a0001','2011-01-11 20:12:53','8ae458ab2ceb6182012ceb88bf0a0001','Update',NULL,NULL,'8ae458ab2d51da97012d51db9b490004',NULL),('8ae458ab2d7641cd012d76b5adf40089','2011-01-11 20:12:54','8ae458ab2ceb6182012ceb88bf0a0001','2011-01-11 20:12:54','8ae458ab2ceb6182012ceb88bf0a0001','Update',NULL,NULL,'8ae458ab2d51da97012d51db9be50006',NULL),('8ae458ab2d7641cd012d76b5afd9008a','2011-01-11 20:12:54','8ae458ab2ceb6182012ceb88bf0a0001','2011-01-11 20:12:54','8ae458ab2ceb6182012ceb88bf0a0001','Update',NULL,NULL,'8ae458ab2d3283ff012d329f719d0006',NULL),('8ae458ab2d7641cd012d76b64b97008b','2011-01-11 20:13:34','8ae458ab2ceb6182012ceb88bf0a0001','2011-01-11 20:13:34','8ae458ab2ceb6182012ceb88bf0a0001','Update',NULL,NULL,'8ae458ab2d3283ff012d32a49dbe000a',NULL),('8ae458ab2d7641cd012d76b64cb1008c','2011-01-11 20:13:34','8ae458ab2ceb6182012ceb88bf0a0001','2011-01-11 20:13:34','8ae458ab2ceb6182012ceb88bf0a0001','Update',NULL,NULL,'8ae458ab2d7641cd012d76b5ab740085',NULL),('8ae458ab2d76c195012d76cd6fcc0001','2011-01-11 20:38:51','8ae458ab2ceb6182012ceb88bf0a0001','2011-01-11 20:38:51','8ae458ab2ceb6182012ceb88bf0a0001','Update',NULL,NULL,'8ae458ab2d3283ff012d32a49dbe000a',NULL),('8ae458ab2d76c195012d76cd70680002','2011-01-11 20:38:51','8ae458ab2ceb6182012ceb88bf0a0001','2011-01-11 20:38:51','8ae458ab2ceb6182012ceb88bf0a0001','Update',NULL,NULL,'8ae458ab2d7641cd012d76b5ab740085',NULL),('8ae458ab2d76c195012d76cd71050003','2011-01-11 20:38:51','8ae458ab2ceb6182012ceb88bf0a0001','2011-01-11 20:38:51','8ae458ab2ceb6182012ceb88bf0a0001','Update',NULL,NULL,'8ae458ab2d51da97012d51db9aad0002',NULL),('8ae458ab2d76c195012d76cd71a10004','2011-01-11 20:38:51','8ae458ab2ceb6182012ceb88bf0a0001','2011-01-11 20:38:51','8ae458ab2ceb6182012ceb88bf0a0001','Update',NULL,NULL,'8ae458ab2d51da97012d51db9b490004',NULL),('8ae458ab2d76c195012d76cd724d0005','2011-01-11 20:38:51','8ae458ab2ceb6182012ceb88bf0a0001','2011-01-11 20:38:51','8ae458ab2ceb6182012ceb88bf0a0001','Update',NULL,NULL,'8ae458ab2d51da97012d51db9be50006',NULL),('8ae458ab2d76c195012d76cd72f90006','2011-01-11 20:38:51','8ae458ab2ceb6182012ceb88bf0a0001','2011-01-11 20:38:51','8ae458ab2ceb6182012ceb88bf0a0001','Update',NULL,NULL,'8ae458ab2d3283ff012d329f719d0006',NULL),('8ae458ab2d76c195012d76cd73c40008','2011-01-11 20:38:52','8ae458ab2ceb6182012ceb88bf0a0001',NULL,NULL,'Insert',NULL,NULL,'8ae458ab2d76c195012d76cd73c40007',NULL),('8ae458ab2d76c195012d76ce2f970045','2011-01-11 20:39:40','8ae458ab2ceb6182012ceb88bf0a0001','2011-01-11 20:39:40','8ae458ab2ceb6182012ceb88bf0a0001','Update','8ae458ab2ceb6182012ceb8c4b060008',NULL,NULL,NULL),('8ae458ab2d76d9e9012d76daad6d0001','2011-01-11 20:53:18','8ae458ab2ceb6182012ceb88bf0a0001','2011-01-11 20:53:18','8ae458ab2ceb6182012ceb88bf0a0001','Update','8ae458ab2ceb6182012ceb8c4b060008',NULL,NULL,NULL),('8ae458ab2d7aaad9012d7aad1a9a0002','2011-01-12 14:42:00','8ae458ab2d52b79c012d52b82ef90001',NULL,NULL,'Insert',NULL,NULL,'8ae458ab2d7aaad9012d7aad1a9a0001',NULL),('8ae458ab2d7aaad9012d7aad28560004','2011-01-12 14:42:04','8ae458ab2d52b79c012d52b82ef90001',NULL,NULL,'Insert',NULL,NULL,'8ae458ab2d7aaad9012d7aad28560003',NULL),('8ae458ab2d7aaad9012d7aad60ac0005','2011-01-12 14:42:18','8ae458ab2d52b79c012d52b82ef90001','2011-01-12 14:42:18','8ae458ab2d52b79c012d52b82ef90001','Update',NULL,NULL,'8ae458ab2d575549012d5756d91c0011',NULL),('8ae458ab2d7aaad9012d7aad62320006','2011-01-12 14:42:19','8ae458ab2d52b79c012d52b82ef90001','2011-01-12 14:42:19','8ae458ab2d52b79c012d52b82ef90001','Update',NULL,NULL,'8ae458ab2d575549012d5756da840013',NULL),('8ae458ab2d7aaad9012d7aad633c0007','2011-01-12 14:42:19','8ae458ab2d52b79c012d52b82ef90001','2011-01-12 14:42:19','8ae458ab2d52b79c012d52b82ef90001','Update',NULL,NULL,'8ae458ab2d575549012d5756db4f0015',NULL),('8ae458ab2d7aaad9012d7aad64260008','2011-01-12 14:42:19','8ae458ab2d52b79c012d52b82ef90001','2011-01-12 14:42:19','8ae458ab2d52b79c012d52b82ef90001','Update',NULL,NULL,'8ae458ab2d575549012d5756dc780017',NULL),('8ae458ab2d7aaad9012d7aad64e20009','2011-01-12 14:42:20','8ae458ab2d52b79c012d52b82ef90001','2011-01-12 14:42:20','8ae458ab2d52b79c012d52b82ef90001','Update',NULL,NULL,'8ae458ab2d575549012d5756dd140019',NULL),('8ae458ab2d7aaad9012d7ab09472000a','2011-01-12 14:45:48','8ae458ab2d52b79c012d52b82ef90001','2011-01-12 14:45:48','8ae458ab2d52b79c012d52b82ef90001','Update',NULL,NULL,'8ae458ab2d3283ff012d32a49dbe000a',NULL),('8ae458ab2d7aaad9012d7ab14340000c','2011-01-12 14:46:33','8ae458ab2ceb6182012ceb88bf0a0001',NULL,NULL,'Insert',NULL,NULL,'8ae458ab2d7aaad9012d7ab14340000b',NULL),('8ae458ab2d7aaad9012d7ab16b89000d','2011-01-12 14:46:43','8ae458ab2ceb6182012ceb88bf0a0001','2011-01-12 14:46:43','8ae458ab2ceb6182012ceb88bf0a0001','Update',NULL,NULL,'8ae458ab2d575549012d5756d91c0011',NULL),('8ae458ab2d7aaad9012d7ab16d1f000e','2011-01-12 14:46:44','8ae458ab2ceb6182012ceb88bf0a0001','2011-01-12 14:46:44','8ae458ab2ceb6182012ceb88bf0a0001','Update',NULL,NULL,'8ae458ab2d575549012d5756da840013',NULL),('8ae458ab2d7aaad9012d7ab16e19000f','2011-01-12 14:46:44','8ae458ab2ceb6182012ceb88bf0a0001','2011-01-12 14:46:44','8ae458ab2ceb6182012ceb88bf0a0001','Update',NULL,NULL,'8ae458ab2d7aaad9012d7aad1a9a0001',NULL),('8ae458ab2d7aaad9012d7ab16ec50010','2011-01-12 14:46:44','8ae458ab2ceb6182012ceb88bf0a0001','2011-01-12 14:46:44','8ae458ab2ceb6182012ceb88bf0a0001','Update',NULL,NULL,'8ae458ab2d7aaad9012d7aad1a9a0001',NULL),('8ae458ab2d7aaad9012d7ab16f230011','2011-01-12 14:46:44','8ae458ab2ceb6182012ceb88bf0a0001','2011-01-12 14:46:44','8ae458ab2ceb6182012ceb88bf0a0001','Update',NULL,NULL,'8ae458ab2d575549012d5756db4f0015',NULL),('8ae458ab2d7aaad9012d7ab16fcf0012','2011-01-12 14:46:44','8ae458ab2ceb6182012ceb88bf0a0001','2011-01-12 14:46:44','8ae458ab2ceb6182012ceb88bf0a0001','Update',NULL,NULL,'8ae458ab2d575549012d5756dc780017',NULL),('8ae458ab2d7aaad9012d7ab1706b0013','2011-01-12 14:46:45','8ae458ab2ceb6182012ceb88bf0a0001','2011-01-12 14:46:45','8ae458ab2ceb6182012ceb88bf0a0001','Update',NULL,NULL,'8ae458ab2d575549012d5756dd140019',NULL),('8ae458ab2d7aaad9012d7ab27eee001b','2011-01-12 14:47:54','8ae458ab2d52b79c012d52b82ef90001','2011-01-12 14:47:54','8ae458ab2d52b79c012d52b82ef90001','Update',NULL,NULL,'8ae458ab2d575549012d5756d91c0011',NULL),('8ae458ab2d7aaad9012d7ab27fc9001c','2011-01-12 14:47:54','8ae458ab2d52b79c012d52b82ef90001','2011-01-12 14:47:54','8ae458ab2d52b79c012d52b82ef90001','Update',NULL,NULL,'8ae458ab2d575549012d5756da840013',NULL),('8ae458ab2d7aaad9012d7ab28074001d','2011-01-12 14:47:54','8ae458ab2d52b79c012d52b82ef90001','2011-01-12 14:47:54','8ae458ab2d52b79c012d52b82ef90001','Update',NULL,NULL,'8ae458ab2d7aaad9012d7aad1a9a0001',NULL),('8ae458ab2d7aaad9012d7ab28140001e','2011-01-12 14:47:54','8ae458ab2d52b79c012d52b82ef90001','2011-01-12 14:47:54','8ae458ab2d52b79c012d52b82ef90001','Update',NULL,NULL,'8ae458ab2d7aaad9012d7aad1a9a0001',NULL),('8ae458ab2d7aaad9012d7ab281eb001f','2011-01-12 14:47:55','8ae458ab2d52b79c012d52b82ef90001','2011-01-12 14:47:55','8ae458ab2d52b79c012d52b82ef90001','Update',NULL,NULL,'8ae458ab2d575549012d5756db4f0015',NULL),('8ae458ab2d7aaad9012d7ab282970020','2011-01-12 14:47:55','8ae458ab2d52b79c012d52b82ef90001','2011-01-12 14:47:55','8ae458ab2d52b79c012d52b82ef90001','Update',NULL,NULL,'8ae458ab2d575549012d5756dc780017',NULL),('8ae458ab2d7aaad9012d7ab283340021','2011-01-12 14:47:55','8ae458ab2d52b79c012d52b82ef90001','2011-01-12 14:47:55','8ae458ab2d52b79c012d52b82ef90001','Update',NULL,NULL,'8ae458ab2d575549012d5756dd140019',NULL),('8ae458ab2d7aaad9012d7abf58570022','2011-01-12 15:01:56','8ae458ab2d52b79c012d52b82ef90001','2011-01-12 15:01:56','8ae458ab2d52b79c012d52b82ef90001','Update',NULL,NULL,'8ae458ab2d3283ff012d32a49dbe000a',NULL),('8ae458ab2d7aaad9012d7abfa4d10023','2011-01-12 15:02:16','8ae458ab2ceb6182012ceb88bf0a0001','2011-01-12 15:02:16','8ae458ab2ceb6182012ceb88bf0a0001','Update',NULL,NULL,'8ae458ab2d3283ff012d32a49dbe000a',NULL),('8ae458ab2d7aaad9012d7abfa58d0024','2011-01-12 15:02:16','8ae458ab2ceb6182012ceb88bf0a0001','2011-01-12 15:02:16','8ae458ab2ceb6182012ceb88bf0a0001','Update',NULL,NULL,'8ae458ab2d7641cd012d76b5ab740085',NULL),('8ae458ab2d7aaad9012d7abfa6480025','2011-01-12 15:02:16','8ae458ab2ceb6182012ceb88bf0a0001','2011-01-12 15:02:16','8ae458ab2ceb6182012ceb88bf0a0001','Update',NULL,NULL,'8ae458ab2d51da97012d51db9aad0002',NULL),('8ae458ab2d7aaad9012d7abfa6b60026','2011-01-12 15:02:16','8ae458ab2ceb6182012ceb88bf0a0001','2011-01-12 15:02:16','8ae458ab2ceb6182012ceb88bf0a0001','Update',NULL,NULL,'8ae458ab2d51da97012d51db9b490004',NULL),('8ae458ab2d7aaad9012d7abfa7710027','2011-01-12 15:02:16','8ae458ab2ceb6182012ceb88bf0a0001','2011-01-12 15:02:16','8ae458ab2ceb6182012ceb88bf0a0001','Update',NULL,NULL,'8ae458ab2d51da97012d51db9be50006',NULL),('8ae458ab2d7aaad9012d7abfa80d0028','2011-01-12 15:02:16','8ae458ab2ceb6182012ceb88bf0a0001','2011-01-12 15:02:16','8ae458ab2ceb6182012ceb88bf0a0001','Update',NULL,NULL,'8ae458ab2d3283ff012d329f719d0006',NULL),('8ae458ab2d7aaad9012d7abfa8b90029','2011-01-12 15:02:17','8ae458ab2ceb6182012ceb88bf0a0001','2011-01-12 15:02:17','8ae458ab2ceb6182012ceb88bf0a0001','Update',NULL,NULL,'8ae458ab2d76c195012d76cd73c40007',NULL),('8ae458ab2d7aaad9012d7ac02b86002b','2011-01-12 15:02:50','8ae458ab2ceb6182012ceb88bf0a0001',NULL,NULL,'Insert',NULL,NULL,NULL,'8ae458ab2d7aaad9012d7ac02b86002a'),('8ae458ab2d7aaad9012d7ac03867002d','2011-01-12 15:02:53','8ae458ab2ceb6182012ceb88bf0a0001',NULL,NULL,'Insert',NULL,NULL,NULL,'8ae458ab2d7aaad9012d7ac03867002c'),('8ae458ab2d7aaad9012d7ac048d2002f','2011-01-12 15:02:58','8ae458ab2ceb6182012ceb88bf0a0001',NULL,NULL,'Insert',NULL,NULL,NULL,'8ae458ab2d7aaad9012d7ac048d2002e');
/*!40000 ALTER TABLE `audit_log` ENABLE KEYS */;
UNLOCK TABLES;

--
-- Table structure for table `author`
--

DROP TABLE IF EXISTS `author`;
/*!40101 SET @saved_cs_client     = @@character_set_client */;
/*!40101 SET character_set_client = utf8 */;
CREATE TABLE `author` (
  `ID` varchar(32) NOT NULL,
  `AUTHOR_NAME` varchar(200) NOT NULL,
  PRIMARY KEY (`ID`)
) ENGINE=InnoDB DEFAULT CHARSET=latin1;
/*!40101 SET character_set_client = @saved_cs_client */;

--
-- Dumping data for table `author`
--

LOCK TABLES `author` WRITE;
/*!40000 ALTER TABLE `author` DISABLE KEYS */;
INSERT INTO `author` VALUES ('1','3M Health Information Systems'),('10','American Academy of Family Physicians'),('11','American Academy of Orthopaedic Surgeons'),('12','American College of Rheumatology'),('13','American College of Surgeons'),('14','American Medical Association - Physician Consortium for Performance Improvement'),('15','American Nurses Association'),('16','American Podiatric Medical Association'),('17','American Speech-Language-Hearing Association'),('18','Asian Liver Center at Stanford University'),('19','Booz Allen Hamilton'),('2','ACC/AHA Task Force on Performance Measures'),('20','California Maternal Quality Care Collaborative'),('21','California Nursing Outcome Coalition'),('22','Center for Medicare & Medicaid Services'),('23','Center for Quality Assessment and Improvement in Mental Health'),('24','Centers for Disease Control and Prevention'),('25','Child Health Corporation of America'),('26','Children\'s Hospital of Philadelphia'),('27','Christiana Care Health System'),('28','City of New York Department of Health and Mental Hygiene'),('29','Cleveland Clinic'),('3','ActiveHealth Management'),('30','CREcare'),('31','Focus on Therapeutic Outcomes, Inc'),('32','General Electric - Healthcare'),('33','Harborview Medical Center'),('34','Health Benchmarks, Inc'),('35','HealthPartners'),('36','Henry Ford Hospital'),('37','Hospital Corporation of America'),('38','Ingenix'),('39','Institute for Clinical and Evaluative Sciences'),('4','Agency for Healthcare Research and Quality'),('40','Institute for Clinical Systems Improvement'),('41','Institute for Healthcare Improvement'),('42','Intermountain Healthcare'),('43','Intersocietal Accreditation Comission'),('44','IPRO'),('45','James Whitcomb Riley Hospital for Children'),('46','Joint Commission Resources, Inc.'),('47','Kidney Care Quality Alliance'),('48','Leapfrog Group'),('49','Lifescan, A Johnson & Johnson Company'),('5','Ambulatory Surgical Centers Quality Collaboration'),('50','Louisiana State University'),('51','Massachusetts General Hospital/Partners Health Care System'),('52','MN Community Measurement'),('53','National Association of Children\'s Hospitals and Related Institutions'),('54','National Cancer Institute'),('55','National Committee for Quality Assurance'),('56','National Hospice and Palliative Care Organization'),('57','National Initiative for Children\'s Healthcare Quality'),('58','National Perinatal Information Center'),('59','New York State Department of Health'),('6','American Academy of Dermatology'),('60','Office of Statewide Health Planning and Development'),('61','Oregon Health & Science University'),('62','Ortho-McNeil-Janssen Pharmaceuticals, Inc.'),('63','PacifiCare'),('64','Premier, Inc'),('65','PRETest Consult, LLC'),('66','Providence St. Vincent Medical Center'),('67','Providence Health and Services'),('68','RAND'),('69','Resolution Health, Inc.'),('7','American Academy of Pediatrics'),('70','Society for Vascular Surgery'),('71','Society of Thoracic Surgeons'),('72','The Joint Commission'),('73','United Health Group'),('74','University of Colorado Health Sciences Center'),('75','University of Minnesota Rural Health Research Center'),('76','Vermont Oxford Network'),('77','VHA, Inc.'),('78','Wisconsin Collaborative for Healthcare Quality'),('79','Wisconsin Department of Health and Family Services'),('8','American College of Cardiology'),('9','American College of Emergency Physicians');
/*!40000 ALTER TABLE `author` ENABLE KEYS */;
UNLOCK TABLES;

--
-- Table structure for table `category`
--

DROP TABLE IF EXISTS `category`;
/*!40101 SET @saved_cs_client     = @@character_set_client */;
/*!40101 SET character_set_client = utf8 */;
CREATE TABLE `category` (
  `CATEGORY_ID` varchar(32) NOT NULL,
  `DESCRIPTION` varchar(50) NOT NULL,
  `ABBREVIATION` varchar(50) NOT NULL,
  PRIMARY KEY (`CATEGORY_ID`)
) ENGINE=InnoDB DEFAULT CHARSET=latin1;
/*!40101 SET character_set_client = @saved_cs_client */;

--
-- Dumping data for table `category`
--

LOCK TABLES `category` WRITE;
/*!40000 ALTER TABLE `category` DISABLE KEYS */;
INSERT INTO `category` VALUES ('1','Care Experience','EXP'),('10','Intervention','INT'),('11','Laboratory Test','LAB'),('12','Medication','MED'),('13','Negation Rationale','NEG'),('14','Physical Exam','PE'),('15','Preference','PRF'),('16','Procedure','PRC'),('17','Risk Category/Assessment','RSK'),('18','Substance','SUB'),('19','Symptom','SX'),('2','Care Plan','PLN'),('20','System Characteristic','SYS'),('21','Transfer of Care','TRN'),('22','Measure Timing','Measure Timing'),('23','Attribute','ATR'),('3','Communication','COM'),('4','Condition/Diagnosis/Problem','CDP'),('5','Device','DEV'),('6','Diagnostic Study','DXS'),('7','Encounter','ENC'),('8','Functional Status','FXS'),('9','Individual Characteristic','IND');
/*!40000 ALTER TABLE `category` ENABLE KEYS */;
UNLOCK TABLES;

--
-- Table structure for table `clause`
--

DROP TABLE IF EXISTS `clause`;
/*!40101 SET @saved_cs_client     = @@character_set_client */;
/*!40101 SET character_set_client = utf8 */;
CREATE TABLE `clause` (
  `ID` varchar(32) NOT NULL,
  `NAME` varchar(100) DEFAULT NULL,
  `DESCRIPTION` varchar(2000) DEFAULT NULL,
  `MEASURE_ID` varchar(64) DEFAULT NULL,
  `CONTEXT_ID` varchar(32) DEFAULT NULL,
  `DECISION_ID` varchar(64) DEFAULT NULL,
  `CLAUSE_TYPE_ID` varchar(32) DEFAULT NULL,
  `STATUS_ID` varchar(32) DEFAULT NULL,
  `VERSION` varchar(32) DEFAULT NULL,
  PRIMARY KEY (`ID`)
) ENGINE=InnoDB DEFAULT CHARSET=latin1;
/*!40101 SET character_set_client = @saved_cs_client */;

--
-- Dumping data for table `clause`
--

LOCK TABLES `clause` WRITE;
/*!40000 ALTER TABLE `clause` DISABLE KEYS */;
INSERT INTO `clause` VALUES ('8ae44ffa2d7c276c012d7c316992012e','My Measure_Denominator2',NULL,'8ae458ab2ceb6182012ceb8c4b060008','3','97e5125f-83b5-4431-b6a5-7fb8a7784384',NULL,NULL,NULL),('8ae44ffa2d7c276c012d7c36d0010141','My Measure_Denominator3',NULL,'8ae458ab2ceb6182012ceb8c4b060008','3','caa2097b-ce81-4ca0-87bf-4971296b3efe',NULL,NULL,NULL),('8ae44ffa2d7c276c012d7c36d0fb0143','My Measure_Denominator4',NULL,'8ae458ab2ceb6182012ceb8c4b060008','3','aa19b52d-032f-42a3-a7a0-5b3976b409e0',NULL,NULL,NULL),('8ae44ffa2d804ba7012d804cf6580007','clone short name2_Denominator3',NULL,'8ae44ffa2d804ba7012d804cf6390001','3','1208ef45-85bc-43eb-ae60-1450ede4821e',NULL,NULL,NULL),('8ae44ffa2d804ba7012d804cf6680008','clone short name2_Exceptions1',NULL,'8ae44ffa2d804ba7012d804cf6390001','5','bf8ba366-d70e-418f-bbe5-cb664dcf9698',NULL,NULL,NULL),('8ae44ffa2d804ba7012d804cf6780009','clone short name2_Exceptions2',NULL,'8ae44ffa2d804ba7012d804cf6390001','5','36337ad3-e7df-4582-80af-d5a544346095',NULL,NULL,NULL),('8ae44ffa2d804ba7012d804cf687000a','clone short name2_Numerator1',NULL,'8ae44ffa2d804ba7012d804cf6390001','2','b6ccfedf-5509-4e21-b1a5-292a6f8525e9',NULL,NULL,NULL),('8ae44ffa2d804ba7012d804cfb3a0015','clone short name2_Population1',NULL,'8ae44ffa2d804ba7012d804cf6390001','1','c493e251-b1c1-42b8-a5b7-4b2fd7b24a89',NULL,NULL,NULL),('8ae44ffa2d804ba7012d804cfb3a0016','clone short name2_Population2',NULL,'8ae44ffa2d804ba7012d804cf6390001','1','df927b39-667e-4ff2-b0d9-6a92bc4c9f32',NULL,NULL,NULL),('8ae44ffa2d9575f9012d957702c8000b','My Measure_User-defined1',NULL,'8ae458ab2ceb6182012ceb8c4b060008','6','7a32d2ac-9945-4892-92dc-5b2ec1479c9b',NULL,NULL,NULL),('8ae44ffa2d9575f9012d957d89b20012','My Measure_Numerator2',NULL,'8ae458ab2ceb6182012ceb8c4b060008','2','7aff5930-8dbb-4ede-878a-771c4c1ec0af',NULL,NULL,NULL),('8ae458ab2ce12264012ce12404dd0009','test',NULL,'8ae458ab2ce12264012ce122dee80001','7','b5db7bdd-0b10-4f2b-a93c-ba58c658e475',NULL,NULL,NULL),('8ae458ab2ce12264012ce12a5499000b','asdfasdfasdfasdfasdfas',NULL,'8ae458ab2ce12264012ce122dee80001','7','eaa2d5d3-24b0-43c0-a7f1-effffd20babe',NULL,NULL,NULL),('8ae458ab2ce627aa012ce629a2470003','Population1',NULL,'8ae458ab2ce5c5c0012ce5c6a5e90001','1','42d64681-0ccb-43fd-9692-65a1d895eaac',NULL,NULL,NULL),('8ae458ab2ce627aa012ce629a3030005','Numerator1',NULL,'8ae458ab2ce5c5c0012ce5c6a5e90001','2','8f5e3c8f-2569-4973-a208-bd0e156beefc',NULL,NULL,NULL),('8ae458ab2ce627aa012ce629a3af0007','Denominator1',NULL,'8ae458ab2ce5c5c0012ce5c6a5e90001','3','706c1354-b75e-4e2e-a0ca-c45b9ecb33aa',NULL,NULL,NULL),('8ae458ab2ce627aa012ce629a4990009','test',NULL,'8ae458ab2ce5c5c0012ce5c6a5e90001','7','80685807-b18d-4646-a4db-8b2477db153c',NULL,NULL,NULL),('8ae458ab2d096a1d012d096c96e70003','asdf',NULL,'8ae458ab2cf59b54012cf59cd0ab0001','7','67aa9a09-4874-42b0-b404-2acab84c079b',NULL,NULL,NULL),('8ae458ab2d096a1d012d096c990a0005','Numerator1',NULL,'8ae458ab2cf59b54012cf59cd0ab0001','2','3bc5119a-155b-4118-b52b-f4645d957427',NULL,NULL,NULL),('8ae458ab2d09dd9a012d09defc9e0003','Population2',NULL,'8ae458ab2ce5c5c0012ce5c6a5e90001','1','4c95c05f-a4fb-4495-8302-e40121a95e00',NULL,NULL,NULL),('8ae458ab2d09dd9a012d09df7c21000b','Numerator2',NULL,'8ae458ab2ce5c5c0012ce5c6a5e90001','2','ed60dc5a-7d0a-464c-93ed-e71da3fb0e76',NULL,NULL,NULL),('8ae458ab2d09dd9a012d09dfd61a0012','Denominator2',NULL,'8ae458ab2ce5c5c0012ce5c6a5e90001','3','c8e5a947-7f82-40c1-a487-e7d4e8134643',NULL,NULL,NULL),('8ae458ab2d09dd9a012d09e0413a001a','Exclusions1',NULL,'8ae458ab2ce5c5c0012ce5c6a5e90001','4','d8725101-aa70-4b64-899d-8b36fbc1719c',NULL,NULL,NULL),('8ae458ab2d09dd9a012d09e041d6001c','Exceptions1',NULL,'8ae458ab2ce5c5c0012ce5c6a5e90001','5','5d21e145-4a83-487d-9df3-a9f3accf6469',NULL,NULL,NULL),('8ae458ab2d09dd9a012d09e31576002f','Population1',NULL,'8ae458ab2ce12264012ce122dee80001','1','52fb8a4f-c417-4df3-a325-64ed05a7963d',NULL,NULL,NULL),('8ae458ab2d09dd9a012d09e38ce80033','Population2',NULL,'8ae458ab2ce12264012ce122dee80001','1','cc5adbcb-ac94-4cce-a226-eaa8e436037f',NULL,NULL,NULL),('8ae458ab2d09dd9a012d09e3ae980038','Numerator1',NULL,'8ae458ab2ce12264012ce122dee80001','2','eacc7094-c861-4741-9c6d-2981842e9bc5',NULL,NULL,NULL),('8ae458ab2d09dd9a012d09e3d48d003e','Numerator2',NULL,'8ae458ab2ce12264012ce122dee80001','2','f0965962-9fe0-48de-97ed-04da35918abf',NULL,NULL,NULL),('8ae458ab2d09dd9a012d09e40cef0045','Denominator1',NULL,'8ae458ab2ce12264012ce122dee80001','3','b12c86ae-7e14-4103-9b9a-dd2add774714',NULL,NULL,NULL),('8ae458ab2d09dd9a012d09e40d8c0047','Denominator2',NULL,'8ae458ab2ce12264012ce122dee80001','3','1bf7b5d3-8f75-43f3-ab7a-4e4f5d02a6d1',NULL,NULL,NULL),('8ae458ab2d09dd9a012d09e440be0050','Exclusions1',NULL,'8ae458ab2ce12264012ce122dee80001','4','904b5979-ef1f-429d-ae0e-d86f166e94f3',NULL,NULL,NULL),('8ae458ab2d09dd9a012d09e4414b0052','Exceptions1',NULL,'8ae458ab2ce12264012ce122dee80001','5','664774f0-977d-4699-a76d-f299a438f392',NULL,NULL,NULL),('8ae458ab2d0a0416012d0a0919f60007','Population1',NULL,'8ae458ab2d0a0416012d0a08ac2b0001','1','07be994d-bb7a-4a80-a28c-8b276a9b5022',NULL,NULL,NULL),('8ae458ab2d0a0416012d0a094df3000a','Numerator1',NULL,'8ae458ab2d0a0416012d0a08ac2b0001','2','260be259-3801-4356-9b6f-c3e6745bf4c8',NULL,NULL,NULL),('8ae458ab2d0a0416012d0a098463000e','Denominator1',NULL,'8ae458ab2d0a0416012d0a08ac2b0001','3','ab8b3aa9-b001-45d0-b88d-9b683167d3a9',NULL,NULL,NULL),('8ae458ab2d0a0416012d0a0984ef0010','Denominator2',NULL,'8ae458ab2d0a0416012d0a08ac2b0001','3','7546e471-8d7d-4128-8e36-529f114c5277',NULL,NULL,NULL),('8ae458ab2d0a37b6012d0a3b06c80007','Population1',NULL,'8ae458ab2d0a37b6012d0a3a33920001','1','68635aff-ea71-48a4-b90c-dc6d6697038e',NULL,NULL,NULL),('8ae458ab2d0a37b6012d0a3b07640009','Numerator1',NULL,'8ae458ab2d0a37b6012d0a3a33920001','2','7498a81a-e66f-4a1e-a8d3-87d1ad7d5e20',NULL,NULL,NULL),('8ae458ab2d0a37b6012d0a3b0800000b','Denominator1',NULL,'8ae458ab2d0a37b6012d0a3a33920001','3','0976a49f-9f4a-4c2a-b554-7f2e6ce3f0e7',NULL,NULL,NULL),('8ae458ab2d3283ff012d329f719d0006','My Measure_Exceptions1',NULL,'8ae458ab2ceb6182012ceb8c4b060008','5','76e77bb7-fcd7-4efe-a3c9-7d414135b9ad',NULL,NULL,NULL),('8ae458ab2d3283ff012d32a49dbe000a','My Measure_Population1',NULL,'8ae458ab2ceb6182012ceb8c4b060008','1','9e023714-02c6-423a-8cb2-928da4120b9a',NULL,NULL,NULL),('8ae458ab2d37fbd9012d381a21650002','Population',NULL,'8ae458ab2ce5c5c0012ce5c6a5e90001','1','0a1cf384-bee5-400a-a766-a0b23e08a121',NULL,NULL,NULL),('8ae458ab2d37fbd9012d381a22eb0005','Numerator',NULL,'8ae458ab2ce5c5c0012ce5c6a5e90001','2','7a322c94-2225-4fe5-a80d-13ae71e4aaa0',NULL,NULL,NULL),('8ae458ab2d37fbd9012d381a24c00008','Denominator',NULL,'8ae458ab2ce5c5c0012ce5c6a5e90001','3','8691420d-141d-4e4f-95a7-5b54caec0720',NULL,NULL,NULL),('8ae458ab2d51da97012d51db9aad0002','My Measure_Numerator1',NULL,'8ae458ab2ceb6182012ceb8c4b060008','2','d3135744-9faa-40a6-94a8-343abe7372c3',NULL,NULL,NULL),('8ae458ab2d51da97012d51db9b490004','My Measure_Denominator1',NULL,'8ae458ab2ceb6182012ceb8c4b060008','3','75fc91b4-9103-4baa-8aa6-6b874c0638a8',NULL,NULL,NULL),('8ae458ab2d51da97012d51db9be50006','My Measure_Exclusions1',NULL,'8ae458ab2ceb6182012ceb8c4b060008','4','46bcc424-d4ce-486d-b320-e3f43bfd617a',NULL,NULL,NULL),('8ae458ab2d52990f012d529ad389000b','Population1',NULL,'8ae458ab2d52990f012d5299d66a0001','1','273a00dc-48f2-4de1-b5ab-6092f842137a',NULL,NULL,NULL),('8ae458ab2d52990f012d529ad464000d','Numerator1',NULL,'8ae458ab2d52990f012d5299d66a0001','2','bb052c03-4ef7-421a-bdd2-84514ebf2834',NULL,NULL,NULL),('8ae458ab2d52990f012d529ad500000f','Denominator1',NULL,'8ae458ab2d52990f012d5299d66a0001','3','04dfbc78-2e82-4a0b-ae96-74d0a931947e',NULL,NULL,NULL),('8ae458ab2d52990f012d529ad58d0011','Exclusions1',NULL,'8ae458ab2d52990f012d5299d66a0001','4','2fa02927-bda0-46dc-a22d-f1d408c7a7ab',NULL,NULL,NULL),('8ae458ab2d52990f012d529ad6390013','Exceptions1',NULL,'8ae458ab2d52990f012d5299d66a0001','5','a8d3059f-d4f6-49e3-a1b0-16ffc2061fc2',NULL,NULL,NULL),('8ae458ab2d575549012d575676790004','clone my measure',NULL,'8ae458ab2d575549012d5756765a0001','7','398ae8ea-076c-4e6f-93da-97709ec18740',NULL,NULL,NULL),('8ae458ab2d575549012d575676790005','clone my measure',NULL,'8ae458ab2d575549012d5756765a0001','7','b75bf3ad-6c2d-4c79-a3da-f3bf31bd2552',NULL,NULL,NULL),('8ae458ab2d575549012d575676790006','clone my measure',NULL,'8ae458ab2d575549012d5756765a0001','7','cd11c8eb-f853-42af-83d2-bdf7fa19cb13',NULL,NULL,NULL),('8ae458ab2d575549012d575676890007','clone my measure',NULL,'8ae458ab2d575549012d5756765a0001','7','e01b98ef-a01a-4967-81b4-42542404965c',NULL,NULL,NULL),('8ae458ab2d575549012d575676890008','clone my measure',NULL,'8ae458ab2d575549012d5756765a0001','7','0b3b9f95-63e2-471a-868c-c041c751433a',NULL,NULL,NULL),('8ae458ab2d575549012d5756d91c0011','clone my measure_Population1',NULL,'8ae458ab2d575549012d5756765a0001','1','1bd076f0-0f20-44e9-b792-69d69d958422',NULL,NULL,NULL),('8ae458ab2d575549012d5756da840013','clone my measure_Numerator1',NULL,'8ae458ab2d575549012d5756765a0001','2','f73c7efd-6189-478b-9496-6250d0cee970',NULL,NULL,NULL),('8ae458ab2d575549012d5756db4f0015','clone my measure_Denominator1',NULL,'8ae458ab2d575549012d5756765a0001','3','7bb25b86-531c-4817-874e-880bb2cbcfcc',NULL,NULL,NULL),('8ae458ab2d575549012d5756dc780017','clone my measure_Exclusions1',NULL,'8ae458ab2d575549012d5756765a0001','4','6ee170dd-86ab-47fe-a9cb-9919727522d2',NULL,NULL,NULL),('8ae458ab2d575549012d5756dd140019','clone my measure_Exceptions1',NULL,'8ae458ab2d575549012d5756765a0001','5','662e6754-e3bb-487c-82f6-5235dfc170be',NULL,NULL,NULL),('8ae458ab2d5757cb012d575948db0004','clone 2',NULL,'8ae458ab2d5757cb012d575948cc0001','7','eef68b6e-910d-4f18-9006-901fe76835c3',NULL,NULL,NULL),('8ae458ab2d5757cb012d575948db0005','clone 2',NULL,'8ae458ab2d5757cb012d575948cc0001','7','f927bf1d-4ba5-4cb2-b1f3-58449ff3f371',NULL,NULL,NULL),('8ae458ab2d5757cb012d575948eb0006','clone 2',NULL,'8ae458ab2d5757cb012d575948cc0001','7','72e7d228-9712-4747-9e9d-62501c011880',NULL,NULL,NULL),('8ae458ab2d5757cb012d575948eb0007','clone 2',NULL,'8ae458ab2d5757cb012d575948cc0001','7','deef0bec-6ea0-4929-bddf-988b855c07b5',NULL,NULL,NULL),('8ae458ab2d5757cb012d575948eb0008','clone 2',NULL,'8ae458ab2d5757cb012d575948cc0001','7','c3e48524-454a-4e4d-ae12-319477b93f4f',NULL,NULL,NULL),('8ae458ab2d5757cb012d5759c57f0011','clone 2_Population1',NULL,'8ae458ab2d5757cb012d575948cc0001','1','f4644dc4-e473-42d1-b103-80d7cd81aa3e',NULL,NULL,NULL),('8ae458ab2d5757cb012d5759c65a0013','clone 2_Numerator1',NULL,'8ae458ab2d5757cb012d575948cc0001','2','2eb35fa1-f44a-415e-918c-20739b70fae3',NULL,NULL,NULL),('8ae458ab2d5757cb012d5759c6e60015','clone 2_Denominator1',NULL,'8ae458ab2d5757cb012d575948cc0001','3','a49acfff-aae3-43bb-b82e-1cb4fb3978e3',NULL,NULL,NULL),('8ae458ab2d5757cb012d5759c7920017','clone 2_Exclusions1',NULL,'8ae458ab2d5757cb012d575948cc0001','4','b14e0625-e448-48df-b663-6695db9173e9',NULL,NULL,NULL),('8ae458ab2d5757cb012d5759c81f0019','clone 2_Exceptions1',NULL,'8ae458ab2d5757cb012d575948cc0001','5','a4083164-64da-4a53-9a34-2348f7ab28e4',NULL,NULL,NULL),('8ae458ab2d5ca931012d5ce9d51b0035','Exclusions1',NULL,'8ae458ab2d0a0416012d0a08ac2b0001','4','abf7c922-43c6-460f-bf7c-d7a28417ae4b',NULL,NULL,NULL),('8ae458ab2d5ca931012d5ce9d5f60037','Exceptions1',NULL,'8ae458ab2d0a0416012d0a08ac2b0001','5','a87ff7a2-ef10-40d4-ab71-1647968d8acd',NULL,NULL,NULL),('8ae458ab2d670c40012d670e58e90004','editable share_Population1',NULL,'8ae458ab2d668c4f012d6692dbed0002','1','afed2923-d143-408f-91d0-c70be350a0d4',NULL,NULL,NULL),('8ae458ab2d670c40012d670f20af0016','editable share_Numerator1',NULL,'8ae458ab2d668c4f012d6692dbed0002','2','cf8330aa-ee04-4292-8e0e-3257b83746f1',NULL,NULL,NULL),('8ae458ab2d670c40012d670f213c0018','editable share_Denominator1',NULL,'8ae458ab2d668c4f012d6692dbed0002','3','68394810-2095-461f-acb3-060853ecd107',NULL,NULL,NULL),('8ae458ab2d670c40012d670f21c9001a','editable share_Exclusions1',NULL,'8ae458ab2d668c4f012d6692dbed0002','4','7fef0e44-3e15-4e6b-8847-9ce7cacd403c',NULL,NULL,NULL),('8ae458ab2d670c40012d670f2255001c','editable share_Exceptions1',NULL,'8ae458ab2d668c4f012d6692dbed0002','5','c55dfde0-a33c-4665-b836-e2fb524f0cf1',NULL,NULL,NULL),('8ae458ab2d67134b012d6716b89f0006','asdf_Population1',NULL,'8ae458ab2d619764012d619c95ea0001','1','9a78bea2-25ce-4bd7-af44-964e9de3c5fd',NULL,NULL,NULL),('8ae458ab2d67134b012d6716b94b0008','asdf_Numerator1',NULL,'8ae458ab2d619764012d619c95ea0001','2','a512c636-47c4-453b-ab26-0650b3f900d9',NULL,NULL,NULL),('8ae458ab2d67134b012d6716b9f6000a','asdf_Denominator1',NULL,'8ae458ab2d619764012d619c95ea0001','3','15f98740-7deb-4234-9a83-6d4935a1bd83',NULL,NULL,NULL),('8ae458ab2d67134b012d6716ba93000c','asdf_Exclusions1',NULL,'8ae458ab2d619764012d619c95ea0001','4','5f3cb338-8e11-4f66-b401-cd990edfeef8',NULL,NULL,NULL),('8ae458ab2d67134b012d6716bb5e000e','asdf_Exceptions1',NULL,'8ae458ab2d619764012d619c95ea0001','5','a6c5695e-8601-4314-83e1-066ee6ca78f9',NULL,NULL,NULL),('8ae458ab2d7641cd012d76b5ab740085','My Measure_Population2',NULL,'8ae458ab2ceb6182012ceb8c4b060008','1','8d6bb8d9-bef9-4bd3-aedd-8b9d4691ab04',NULL,NULL,NULL),('8ae458ab2d76c195012d76cd73c40007','My Measure_Exceptions2',NULL,'8ae458ab2ceb6182012ceb8c4b060008','5','6efaf783-f9a8-44db-91ee-aa506a362cc8',NULL,NULL,NULL),('8ae458ab2d7aaad9012d7aad1a9a0001','clone my measure_Numerator2',NULL,'8ae458ab2d575549012d5756765a0001','2','b5a39e44-a319-4b20-9af9-892dbaf3d6d0',NULL,NULL,NULL),('8ae458ab2d7aaad9012d7aad28560003','clone my measure_Numerator2',NULL,'8ae458ab2d575549012d5756765a0001','2','64c8ceed-a752-42bc-852f-ac3d97ed676d',NULL,NULL,NULL);
/*!40000 ALTER TABLE `clause` ENABLE KEYS */;
UNLOCK TABLES;

--
-- Table structure for table `code`
--

DROP TABLE IF EXISTS `code`;
/*!40101 SET @saved_cs_client     = @@character_set_client */;
/*!40101 SET character_set_client = utf8 */;
CREATE TABLE `code` (
  `CODE_ID` varchar(32) NOT NULL,
  `CODE` varchar(32) NOT NULL,
  `DESCRIPTION` varchar(1000) NOT NULL,
  `CODE_LIST_ID` varchar(32) NOT NULL,
  PRIMARY KEY (`CODE_ID`),
  KEY `CODE_LIST_FK` (`CODE_LIST_ID`),
  CONSTRAINT `CODE_LIST_FK` FOREIGN KEY (`CODE_LIST_ID`) REFERENCES `code_list` (`CODE_LIST_ID`) ON DELETE CASCADE ON UPDATE CASCADE
) ENGINE=InnoDB DEFAULT CHARSET=latin1;
/*!40101 SET character_set_client = @saved_cs_client */;

--
-- Dumping data for table `code`
--

LOCK TABLES `code` WRITE;
/*!40000 ALTER TABLE `code` DISABLE KEYS */;
INSERT INTO `code` VALUES ('8ae44ffa2dbe4000012dbe400cc90004','428.6','Heart Failure','8ae44ffa2dbe4000012dbe400cc90003'),('8ae44ffa2dbe471d012dbe4739ee0007','428.6','Heart Failure','8ae44ffa2dbe471d012dbe4739ee0006'),('8ae458ab2d04c6a1012d04eaf4d70001','code 1','1','8ae458ab2ce12264012ce123859a0003'),('8ae458ab2d04c6a1012d04eb2cc00002','code','test','8ae458ab2ce12264012ce123859a0003'),('8ae458ab2d4ca108012d4ca74edd0001','1','1','8ae458ab2ceb6182012ceb8cb28b000a'),('8ae458ab2d4ca108012d4ca755b30002','2','2','8ae458ab2ceb6182012ceb8cb28b000a'),('8ae458ab2d4ca108012d4ca75d150003','3','3','8ae458ab2ceb6182012ceb8cb28b000a'),('8ae458ab2d4ca108012d4ca763eb0004','4','4','8ae458ab2ceb6182012ceb8cb28b000a'),('8ae458ab2d4ca108012d4ca769d70005','5','5','8ae458ab2ceb6182012ceb8cb28b000a'),('8ae458ab2d4ca108012d4ca76f750006','6','6','8ae458ab2ceb6182012ceb8cb28b000a'),('8ae458ab2d4ca108012d4ca775ce0007','7','7','8ae458ab2ceb6182012ceb8cb28b000a'),('8ae458ab2d4ca108012d4ca77c940008','8','8','8ae458ab2ceb6182012ceb8cb28b000a'),('8ae458ab2d4ca108012d4ca783890009','9','9','8ae458ab2ceb6182012ceb8cb28b000a'),('8ae458ab2d4ca108012d4ca7976f000a','10','10','8ae458ab2ceb6182012ceb8cb28b000a'),('8ae458ab2d4ca108012d4ca7a068000b','11','11','8ae458ab2ceb6182012ceb8cb28b000a'),('8ae458ab2d4ca108012d4ca7aa6b000c','12','12','8ae458ab2ceb6182012ceb8cb28b000a'),('8ae458ab2d4ca108012d4ca7c093000d','13','13','8ae458ab2ceb6182012ceb8cb28b000a'),('8ae458ab2d4dbbe2012d4dd93ea10001','1','1','8ae458ab2d4ca108012d4cb61d44000e'),('8ae458ab2d4dbbe2012d4dd945f40002','2','2','8ae458ab2d4ca108012d4cb61d44000e'),('8ae458ab2d4dbbe2012d4dd94e9f0003','3','3','8ae458ab2d4ca108012d4cb61d44000e'),('8ae458ab2d4dbbe2012d4dd957690004','4','4','8ae458ab2d4ca108012d4cb61d44000e'),('8ae458ab2d4dbbe2012d4dd95df10005','5','5','8ae458ab2d4ca108012d4cb61d44000e'),('8ae458ab2d4dbbe2012d4dd9637f0006','6','6','8ae458ab2d4ca108012d4cb61d44000e'),('8ae458ab2d4dbbe2012d4dd96c0a0007','7','7','8ae458ab2d4ca108012d4cb61d44000e'),('8ae458ab2d4dbbe2012d4dd972920008','8','8','8ae458ab2d4ca108012d4cb61d44000e'),('8ae458ab2d4dbbe2012d4dd9785f0009','9','9','8ae458ab2d4ca108012d4cb61d44000e'),('8ae458ab2d4dbbe2012d4dd98511000a','10','10','8ae458ab2d4ca108012d4cb61d44000e'),('8ae458ab2d4dbbe2012d4dd99722000b','11','11','8ae458ab2d4ca108012d4cb61d44000e'),('8ae458ab2d4dbbe2012d4dd99e94000c','12','12','8ae458ab2d4ca108012d4cb61d44000e'),('8ae458ab2d4dbbe2012d4dd9a5a9000d','13','13','8ae458ab2d4ca108012d4cb61d44000e'),('8ae458ab2d4dbbe2012d4dd9af3e000e','14','14','8ae458ab2d4ca108012d4cb61d44000e'),('8ae458ab2d4dbbe2012d4dd9b653000f','15','15','8ae458ab2d4ca108012d4cb61d44000e'),('8ae458ab2d4dbbe2012d4dd9bd570010','16','16','8ae458ab2d4ca108012d4cb61d44000e');
/*!40000 ALTER TABLE `code` ENABLE KEYS */;
UNLOCK TABLES;

--
-- Table structure for table `code_list`
--

DROP TABLE IF EXISTS `code_list`;
/*!40101 SET @saved_cs_client     = @@character_set_client */;
/*!40101 SET character_set_client = utf8 */;
CREATE TABLE `code_list` (
  `CODE_LIST_ID` varchar(32) NOT NULL,
  PRIMARY KEY (`CODE_LIST_ID`),
  KEY `CODE_LIST_OBJECT_FK` (`CODE_LIST_ID`),
  CONSTRAINT `CODE_LIST_OBJECT_FK` FOREIGN KEY (`CODE_LIST_ID`) REFERENCES `list_object` (`LIST_OBJECT_ID`) ON DELETE CASCADE ON UPDATE CASCADE
) ENGINE=InnoDB DEFAULT CHARSET=latin1;
/*!40101 SET character_set_client = @saved_cs_client */;

--
-- Dumping data for table `code_list`
--

LOCK TABLES `code_list` WRITE;
/*!40000 ALTER TABLE `code_list` DISABLE KEYS */;
INSERT INTO `code_list` VALUES ('8ae44ffa2dbe4000012dbe400b720001'),('8ae44ffa2dbe4000012dbe400cc90003'),('8ae44ffa2dbe471d012dbe4738390004'),('8ae44ffa2dbe471d012dbe4739ee0006'),('8ae458ab2ce12264012ce123859a0003'),('8ae458ab2ceb6182012ceb88c1aa0004'),('8ae458ab2ceb6182012ceb8cb28b000a'),('8ae458ab2d09da99012d09dc52540001'),('8ae458ab2d4ca108012d4cb61d44000e'),('8ae458ab2d4ca108012d4cb6581b0010'),('8ae458ab2d4ca108012d4cb68b800012'),('8ae458ab2d4ca108012d4cb6b7b10014'),('8ae458ab2d4ca108012d4cb6e8a40016'),('8ae458ab2d4ca108012d4cb7167b0018'),('8ae458ab2d4ca108012d4cb7481b001a'),('8ae458ab2d4ca108012d4cb77565001c'),('8ae458ab2d52b79c012d52b8313b0004'),('8ae458ab2d52b79c012d52b832070006'),('8ae458ab2d52b79c012d52b833010008'),('8ae458ab2d5c723c012d5c831cd20017'),('8ae458ab2d5c723c012d5c834e530019'),('8ae458ab2d5c723c012d5c84b46f0020'),('8ae458ab2d5c723c012d5c84f09e0022'),('8ae458ab2d5c723c012d5c8538950024'),('8ae458ab2d5c723c012d5c8587af0026'),('8ae458ab2d5c723c012d5c85cfc50028'),('8ae458ab2d5c723c012d5c860916002a'),('8ae458ab2d61536e012d615975bc0033'),('8ae458ab2d61536e012d615976b60035'),('8ae458ab2d61536e012d615977a00037'),('8ae458ab2d665094012d6651a18c0001'),('8ae458ab2d668c4f012d6693129e0004'),('8ae458ab2d670c40012d67108a75001e');
/*!40000 ALTER TABLE `code_list` ENABLE KEYS */;
UNLOCK TABLES;

--
-- Table structure for table `code_system`
--

DROP TABLE IF EXISTS `code_system`;
/*!40101 SET @saved_cs_client     = @@character_set_client */;
/*!40101 SET character_set_client = utf8 */;
CREATE TABLE `code_system` (
  `CODE_SYSTEM_ID` varchar(32) NOT NULL,
  `DESCRIPTION` varchar(50) NOT NULL,
  `CATEGORY_ID` varchar(32) NOT NULL,
  `ABBREVIATION` varchar(32) DEFAULT NULL,
  PRIMARY KEY (`CODE_SYSTEM_ID`),
  KEY `CODE_SYS_CAT_FK` (`CATEGORY_ID`),
  CONSTRAINT `CODE_SYS_CAT_FK` FOREIGN KEY (`CATEGORY_ID`) REFERENCES `category` (`CATEGORY_ID`) ON DELETE CASCADE ON UPDATE CASCADE
) ENGINE=InnoDB DEFAULT CHARSET=latin1;
/*!40101 SET character_set_client = @saved_cs_client */;

--
-- Dumping data for table `code_system`
--

LOCK TABLES `code_system` WRITE;
/*!40000 ALTER TABLE `code_system` DISABLE KEYS */;
INSERT INTO `code_system` VALUES ('1','SNOMED','1','SNM'),('10','I9','4','I9'),('11','I10','4','I10'),('12','SNOMED','5','SNM'),('13','I9','5','I9'),('14','I10','5','I10'),('15','SNOMED','6','SNM'),('16','LOINC','6','LNC'),('17','CPT','6','CPT'),('18','HCPCS','6','HCP'),('19','SNOMED','7','SNM'),('2','SNOMED','2','SNM'),('20','LOINC','7','LNC'),('21','CPT','7','CPT'),('22','HCPCS','7','HCP'),('23','SNOMED','8','SNM'),('24','I9','8','I9'),('25','I10','8','I10'),('26','HL7','9','HL7'),('27','SNOMED','10','SNM'),('28','LOINC','10','LNC'),('29','I9','10','I9'),('3','I9','2','I9'),('30','I10','10','I10'),('31','CPT','10','CPT'),('32','HCPCS','10','HCP'),('33','SNOMED','11','SNM'),('34','LOINC','11','LNC'),('35','RxNorm','12','RxN'),('36','HL7','13','HL7'),('37','SNOMED','13','SNM'),('38','SNOMED','14','SNM'),('39','LOINC','14','LNC'),('4','I10','2','I10'),('40','SNOMED','15','SNM'),('41','SNOMED','16','SNM'),('42','I9','16','I9'),('43','I10','16','I10'),('44','CPT','16','CPT'),('45','HCPCS','16','HCP'),('46','SNOMED','17','SNM'),('47','I9','17','I9'),('48','I10','17','I10'),('49','SNOMED','18','SNM'),('5','SNOMED','3','SNM'),('50','I9','18','I9'),('51','I10','18','I10'),('52','SNOMED','19','SNM'),('53','I9','19','I9'),('54','I10','19','I10'),('55','SNOMED','20','SNM'),('56','HL7','20','HL7'),('57','SNOMED','21','SNM'),('58','I9','21','I9'),('59','I10','21','I10'),('6','I9','3','I9'),('60','NQF','22','NQF'),('68','Grouping','1','GRP'),('69','Grouping','2','GRP'),('7','I10','3','I10'),('70','Grouping','3','GRP'),('71','Grouping','4','GRP'),('72','Grouping','5','GRP'),('73','Grouping','6','GRP'),('74','Grouping','7','GRP'),('75','Grouping','8','GRP'),('76','Grouping','9','GRP'),('77','Grouping','10','GRP'),('78','Grouping','11','GRP'),('79','Grouping','12','GRP'),('8','CPT','3','CPT'),('80','Grouping','13','GRP'),('81','Grouping','14','GRP'),('82','Grouping','15','GRP'),('83','Grouping','16','GRP'),('84','Grouping','17','GRP'),('85','Grouping','18','GRP'),('86','Grouping','19','GRP'),('87','Grouping','20','GRP'),('88','Grouping','21','GRP'),('89','Grouping','22','GRP'),('9','SNOMED','4','SNM'),('90','Grouping','23','GRP');
/*!40000 ALTER TABLE `code_system` ENABLE KEYS */;
UNLOCK TABLES;

--
-- Table structure for table `context`
--

DROP TABLE IF EXISTS `context`;
/*!40101 SET @saved_cs_client     = @@character_set_client */;
/*!40101 SET character_set_client = utf8 */;
CREATE TABLE `context` (
  `CONTEXT_ID` varchar(64) NOT NULL,
  `DESCRIPTION` varchar(100) NOT NULL,
  PRIMARY KEY (`CONTEXT_ID`)
) ENGINE=InnoDB DEFAULT CHARSET=latin1;
/*!40101 SET character_set_client = @saved_cs_client */;

--
-- Dumping data for table `context`
--

LOCK TABLES `context` WRITE;
/*!40000 ALTER TABLE `context` DISABLE KEYS */;
INSERT INTO `context` VALUES ('1','Population'),('2','Numerator'),('3','Denominator'),('4','Exclusions'),('5','Exceptions'),('6','User-defined'),('7','Measure Phrase');
/*!40000 ALTER TABLE `context` ENABLE KEYS */;
UNLOCK TABLES;

--
-- Table structure for table `data_type`
--

DROP TABLE IF EXISTS `data_type`;
/*!40101 SET @saved_cs_client     = @@character_set_client */;
/*!40101 SET character_set_client = utf8 */;
CREATE TABLE `data_type` (
  `DATA_TYPE_ID` varchar(32) NOT NULL,
  `DESCRIPTION` varchar(50) NOT NULL,
  `CATEGORY_ID` varchar(32) NOT NULL,
  PRIMARY KEY (`DATA_TYPE_ID`),
  KEY `DATA_TYPE_CAT_FK` (`CATEGORY_ID`),
  CONSTRAINT `DATA_TYPE_CAT_FK` FOREIGN KEY (`CATEGORY_ID`) REFERENCES `category` (`CATEGORY_ID`) ON DELETE CASCADE ON UPDATE CASCADE
) ENGINE=InnoDB DEFAULT CHARSET=latin1;
/*!40101 SET character_set_client = @saved_cs_client */;

--
-- Dumping data for table `data_type`
--

LOCK TABLES `data_type` WRITE;
/*!40000 ALTER TABLE `data_type` DISABLE KEYS */;
INSERT INTO `data_type` VALUES ('1','Patient Care Experience','1'),('10','Diagnosis Resolved','4'),('11','Device Adverse Event','5'),('12','Device Allergy','5'),('13','Device Applied','5'),('14','Device Intolerance','5'),('15','Device Order','5'),('16','Diagnostic Study Adverse Event','6'),('17','Diagnostic Study Intolerance','6'),('18','Diagnostic Study Order','6'),('19','Diagnostic Study Performed','6'),('2','Provider Care Experience','1'),('20','Diagnostic Study Result','6'),('21','Encounter Order','7'),('22','Encounter Performed','7'),('23','Functional Status Order','8'),('24','Functional Status Performed','8'),('25','Functional Status Result','8'),('26','Patient Characteristic','9'),('27','Provider Characteristic','9'),('28','Intervention Adverse Event','10'),('29','Intervention Intolerance','10'),('3','Care Plan','2'),('30','Intervention Order','10'),('31','Intervention Performed','10'),('32','Intervention Result','10'),('33','Laboratory Test Adverse Event','11'),('34','Laboratory Test Intolerance','11'),('35','Laboratory Test Order','11'),('36','Laboratory Test Performed','11'),('37','Laboratory Test Result','11'),('38','Medication Active','12'),('39','Medication Administered','12'),('4','Communication: Provider to Provider','3'),('40','Medication Adverse Effects','12'),('41','Medication Allergy','12'),('42','Medication Dispensed','12'),('43','Medication Intolerance','12'),('44','Medication Order','12'),('45','Communication Not Done','13'),('46','Device Not Done','13'),('47','Diagnostic Study Not Done','13'),('48','Encounter Not Done','13'),('49','Functional Status Not Done','13'),('5','Communication: From Patient to Provider','3'),('50','Laboratory Test Not Done','13'),('51','Medication Test Not Done','13'),('52','Physical Exam Not Done','13'),('53','Procedure Not Done','13'),('54','Substance Not Done','13'),('55','Physical Exam Finding','14'),('56','Physical Exam Order','14'),('57','Physical Exam Performed','14'),('58','Patient Preference','15'),('59','Provider Preference','15'),('6','Communication: From Provider to Patient','3'),('60','Procedure Adverse Event','16'),('61','Procedure Intolerance','16'),('62','Procedure Order','16'),('63','Procedure Performed','16'),('64','Procedure,Result','16'),('65','Risk Category / Assessment','17'),('66','Substance Administered','18'),('67','Substance Adverse Event','18'),('68','Substance Allergy','18'),('69','Substance Intolerance','18'),('7','Diagnosis Active','4'),('70','Substance Order','18'),('71','Symptom Active','19'),('72','Symptom Assessed','19'),('73','Symptom Inactive','19'),('74','Symptom Resolved','19'),('75','System Characteristic','20'),('76','Transfer From','21'),('77','Transfer To','21'),('78','Device Recommended','5'),('79','Encounter Recommended','7'),('8','Diagnosis Family History','4'),('80','Functional Status Recommended','8'),('81','Intervention Recommended','10'),('82','Laboratory Test Recommended','11'),('83','Patient Characteristic: Birth date','9'),('84','Patient Characteristic: Gender','9'),('85','Patient Characteristic: Social history','9'),('86','Patient Characteristic: Terminal illness','9'),('87','Physical Exam Recommended','14'),('88','Procedure Recommended','16'),('89','Substance Recommended','18'),('9','Diagnosis Inactive','4'),('90','Diagnostic Study Recommended','6'),('91','start of timing window','22'),('92','Attribute','23');
/*!40000 ALTER TABLE `data_type` ENABLE KEYS */;
UNLOCK TABLES;

--
-- Table structure for table `decision`
--

DROP TABLE IF EXISTS `decision`;
/*!40101 SET @saved_cs_client     = @@character_set_client */;
/*!40101 SET character_set_client = utf8 */;
CREATE TABLE `decision` (
  `ID` varchar(64) NOT NULL,
  `OPERATOR` varchar(45) NOT NULL,
  `PARENT_ID` varchar(64) DEFAULT NULL,
  `ORDER_NUM` varchar(32) DEFAULT NULL,
  `CLAUSE_ID` varchar(64) DEFAULT NULL,
  `ATTRIBUTE_ID` varchar(64) DEFAULT NULL,
  PRIMARY KEY (`ID`)
) ENGINE=InnoDB DEFAULT CHARSET=latin1;
/*!40101 SET character_set_client = @saved_cs_client */;

--
-- Dumping data for table `decision`
--

LOCK TABLES `decision` WRITE;
/*!40000 ALTER TABLE `decision` DISABLE KEYS */;
INSERT INTO `decision` VALUES ('002a2b9a-7b50-4634-9400-c3206c8f5395','QDSTERM','eef68b6e-910d-4f18-9006-901fe76835c3','0',NULL,NULL),('04dfbc78-2e82-4a0b-ae96-74d0a931947e','CLAUSE',NULL,NULL,NULL,NULL),('06e2bbb3-3f53-4308-9fcd-bdc0082ab6a4','QDSTERM','42d64681-0ccb-43fd-9692-65a1d895eaac','0',NULL,NULL),('07be994d-bb7a-4a80-a28c-8b276a9b5022','CLAUSE',NULL,NULL,NULL,NULL),('0976a49f-9f4a-4c2a-b554-7f2e6ce3f0e7','CLAUSE',NULL,NULL,NULL,NULL),('0a1cf384-bee5-400a-a766-a0b23e08a121','CLAUSE',NULL,NULL,NULL,NULL),('0b3b9f95-63e2-471a-868c-c041c751433a','CLAUSE',NULL,NULL,NULL,NULL),('0c622135-31ac-4bef-ab29-837aa35d3550','QDSTERM','706c1354-b75e-4e2e-a0ca-c45b9ecb33aa','0',NULL,NULL),('0dee04dc-b25a-4626-9ccd-f89a4f654b8c','QDSTERM','706c1354-b75e-4e2e-a0ca-c45b9ecb33aa','0',NULL,NULL),('116bc5a2-b8fb-4c12-a6d2-ae9ffc7523e4','QDSTERM','260be259-3801-4356-9b6f-c3e6745bf4c8','0',NULL,NULL),('1208ef45-85bc-43eb-ae60-1450ede4821e','CLAUSE',NULL,NULL,NULL,NULL),('15f98740-7deb-4234-9a83-6d4935a1bd83','CLAUSE',NULL,NULL,NULL,NULL),('16b31654-a31a-40ed-b385-4225a71f592c','QDSTERM','7a322c94-2225-4fe5-a80d-13ae71e4aaa0','0',NULL,NULL),('184f7ef8-ca0c-4350-9537-2fb5e9f2660a','QDSTERM','8f5e3c8f-2569-4973-a208-bd0e156beefc','0',NULL,NULL),('18bc3797-ceca-4abd-9948-67afc05b9576','QDSTERM','d8725101-aa70-4b64-899d-8b36fbc1719c','0',NULL,NULL),('1bd076f0-0f20-44e9-b792-69d69d958422','CLAUSE',NULL,NULL,NULL,NULL),('1bf7b5d3-8f75-43f3-ab7a-4e4f5d02a6d1','CLAUSE',NULL,NULL,NULL,NULL),('1d323c92-ec61-4027-a380-e8ed2dca3ec0','QDSTERM','b12c86ae-7e14-4103-9b9a-dd2add774714','0',NULL,NULL),('1d7574b0-0b62-40b4-a487-a45da25ab553','QDSTERM','a685b2fb-a7ff-43a8-ad95-3f5b10bbbd75','0',NULL,NULL),('1ef98c9a-7379-4902-95f3-552069b2e924','QDSTERM','664774f0-977d-4699-a76d-f299a438f392','0',NULL,NULL),('239f41f9-19c1-43bb-ba11-802f1816f631','QDSTERM','a7c3f48d-cf6d-4497-b02a-4e2dc61c31a5','0',NULL,NULL),('25f4a358-20c0-4d2f-b387-4db15a4dd79b','QDSTERM','42d64681-0ccb-43fd-9692-65a1d895eaac','0',NULL,NULL),('260be259-3801-4356-9b6f-c3e6745bf4c8','CLAUSE',NULL,NULL,NULL,NULL),('273a00dc-48f2-4de1-b5ab-6092f842137a','CLAUSE',NULL,NULL,NULL,NULL),('29c6928c-41bd-4a75-86f2-9071c814ae92','QDSTERM','42d64681-0ccb-43fd-9692-65a1d895eaac','0',NULL,NULL),('2bdc04cb-8fb9-456e-982a-7ef7807240f1','QDSTERM','f927bf1d-4ba5-4cb2-b1f3-58449ff3f371','0',NULL,NULL),('2c1e35a8-e365-4bca-bc07-99836186fa5b','QDSTERM','273a00dc-48f2-4de1-b5ab-6092f842137a','0',NULL,NULL),('2de5a349-85f6-4a5e-b4d1-b118b3c94a89','QDSTERM','42d64681-0ccb-43fd-9692-65a1d895eaac','0',NULL,NULL),('2eb35fa1-f44a-415e-918c-20739b70fae3','CLAUSE',NULL,NULL,NULL,NULL),('2fa02927-bda0-46dc-a22d-f1d408c7a7ab','CLAUSE',NULL,NULL,NULL,NULL),('30a2790c-66eb-4338-b329-6abbb5f3dbe2','QDSTERM','706c1354-b75e-4e2e-a0ca-c45b9ecb33aa','0',NULL,NULL),('3557beae-2b87-4a08-9148-6798d3ec8ddf','QDSTERM','42d64681-0ccb-43fd-9692-65a1d895eaac','0',NULL,NULL),('36337ad3-e7df-4582-80af-d5a544346095','CLAUSE',NULL,NULL,NULL,NULL),('37d1fc32-f648-4888-9019-72489eaf4f42','QDSTERM','3bc5119a-155b-4118-b52b-f4645d957427','0',NULL,NULL),('398ae8ea-076c-4e6f-93da-97709ec18740','CLAUSE',NULL,NULL,NULL,NULL),('3bc5119a-155b-4118-b52b-f4645d957427','CLAUSE',NULL,NULL,NULL,NULL),('3d539e71-bc63-4e30-acca-89c32be95fae','QDSTERM','706c1354-b75e-4e2e-a0ca-c45b9ecb33aa','0',NULL,NULL),('3da1489c-22cb-4762-b59e-7c5a69af56d4','QDSTERM','7aff5930-8dbb-4ede-878a-771c4c1ec0af','0',NULL,NULL),('3ea52d13-8f54-46ac-a0ba-8e68deba16f2','QDSTERM','07be994d-bb7a-4a80-a28c-8b276a9b5022','0',NULL,NULL),('42d64681-0ccb-43fd-9692-65a1d895eaac','CLAUSE',NULL,NULL,NULL,NULL),('46bcc424-d4ce-486d-b320-e3f43bfd617a','CLAUSE',NULL,NULL,NULL,NULL),('49d7187f-64b4-470f-96dc-9b7b15fcb4c9','OR','75fc91b4-9103-4baa-8aa6-6b874c0638a8','0',NULL,NULL),('4c95c05f-a4fb-4495-8302-e40121a95e00','CLAUSE',NULL,NULL,NULL,NULL),('4cf5a306-3ae3-414a-a2b5-96e89d5970f4','QDSTERM','ed60dc5a-7d0a-464c-93ed-e71da3fb0e76','0',NULL,NULL),('4d449ff0-b2d1-4ebe-b7c2-dae61e4cb809','QDSTERM','8f5e3c8f-2569-4973-a208-bd0e156beefc','0',NULL,NULL),('4e09a1ba-2a74-4644-9df5-be72d55c468a','QDSTERM','ab8b3aa9-b001-45d0-b88d-9b683167d3a9','0',NULL,NULL),('52fb8a4f-c417-4df3-a325-64ed05a7963d','CLAUSE',NULL,NULL,NULL,NULL),('53d3f586-298a-4db8-a739-a9e709dde9e1','QDSTERM','4c95c05f-a4fb-4495-8302-e40121a95e00','0',NULL,NULL),('5518e041-58f4-43b5-91d7-40576439ac14','QDSTERM','8f5e3c8f-2569-4973-a208-bd0e156beefc','0',NULL,NULL),('56f563bc-649c-4d0d-9258-63aecdf8da9c','QDSTERM','7498a81a-e66f-4a1e-a8d3-87d1ad7d5e20','0',NULL,NULL),('5769af02-b1cc-48be-b7dd-798537c0b77d','QDSTERM','bfcabc25-af46-4bf6-a77c-92ac1ec4d1e1','0',NULL,NULL),('57b33b5f-0a78-4ae1-b23b-263b7fca4456','QDSTERM','42d64681-0ccb-43fd-9692-65a1d895eaac','0',NULL,NULL),('5d0b2f7f-b71e-4841-85ea-472dcb3bb5e0','QDSTERM','8f5e3c8f-2569-4973-a208-bd0e156beefc','0',NULL,NULL),('5d21e145-4a83-487d-9df3-a9f3accf6469','CLAUSE',NULL,NULL,NULL,NULL),('5dfd29a8-1427-4d4a-bce4-45561314975e','QDSTERM','42d64681-0ccb-43fd-9692-65a1d895eaac','0',NULL,NULL),('5f3cb338-8e11-4f66-b401-cd990edfeef8','CLAUSE',NULL,NULL,NULL,NULL),('60e22014-9b27-414c-816a-47c3d9385093','LESS_THAN','b5db7bdd-0b10-4f2b-a93c-ba58c658e475','0',NULL,NULL),('61c3602d-6fb1-4806-a815-e5bc8c66d5a0','QDSTERM','706c1354-b75e-4e2e-a0ca-c45b9ecb33aa','0',NULL,NULL),('64476884-2cf5-414c-adf5-31d6ee844c11','QDSTERM','706c1354-b75e-4e2e-a0ca-c45b9ecb33aa','0',NULL,NULL),('64c8ceed-a752-42bc-852f-ac3d97ed676d','CLAUSE',NULL,NULL,NULL,NULL),('64da2b65-25cf-4cfa-a243-33bc39c2d7cb','QDSTERM','8f5e3c8f-2569-4973-a208-bd0e156beefc','0',NULL,NULL),('662e6754-e3bb-487c-82f6-5235dfc170be','CLAUSE',NULL,NULL,NULL,NULL),('664774f0-977d-4699-a76d-f299a438f392','CLAUSE',NULL,NULL,NULL,NULL),('67aa9a09-4874-42b0-b404-2acab84c079b','CLAUSE',NULL,NULL,NULL,NULL),('68394810-2095-461f-acb3-060853ecd107','CLAUSE',NULL,NULL,NULL,NULL),('68635aff-ea71-48a4-b90c-dc6d6697038e','CLAUSE',NULL,NULL,NULL,NULL),('68cac006-b5dd-44ea-b8df-10a8074255d7','QDSTERM','52fb8a4f-c417-4df3-a325-64ed05a7963d','0',NULL,NULL),('6e0ef9f8-0983-4fa1-8a2d-8063a83857ef','QDSTERM','75fc91b4-9103-4baa-8aa6-6b874c0638a8','0',NULL,NULL),('6ee170dd-86ab-47fe-a9cb-9919727522d2','CLAUSE',NULL,NULL,NULL,NULL),('6efaf783-f9a8-44db-91ee-aa506a362cc8','CLAUSE',NULL,NULL,NULL,NULL),('706c1354-b75e-4e2e-a0ca-c45b9ecb33aa','CLAUSE',NULL,NULL,NULL,NULL),('70c1b309-7c53-45fa-a4a8-ef6c44c2c96b','QDSTERM','b8a2a7b6-143f-4ccd-be22-41db916959a9','0',NULL,NULL),('71f774f7-068a-405e-a8a5-608cb930569a','QDSTERM','42d64681-0ccb-43fd-9692-65a1d895eaac','0',NULL,NULL),('72800569-29be-41c6-ba60-bfb16aef80f9','QDSTERM','cc5adbcb-ac94-4cce-a226-eaa8e436037f','0',NULL,NULL),('72c3d7cc-b97f-45e9-b538-dc472619810b','QDSTERM','f4644dc4-e473-42d1-b103-80d7cd81aa3e','0',NULL,NULL),('72e7d228-9712-4747-9e9d-62501c011880','CLAUSE',NULL,NULL,NULL,NULL),('7498a81a-e66f-4a1e-a8d3-87d1ad7d5e20','CLAUSE',NULL,NULL,NULL,NULL),('7546e471-8d7d-4128-8e36-529f114c5277','CLAUSE',NULL,NULL,NULL,NULL),('75b78c12-dc14-4125-ad78-f70c1ade4278','QDSTERM','68635aff-ea71-48a4-b90c-dc6d6697038e','0',NULL,NULL),('75fc91b4-9103-4baa-8aa6-6b874c0638a8','CLAUSE',NULL,NULL,NULL,NULL),('767ab419-2a7e-44d8-b326-0c9a7f29330b','QDSTERM','42d64681-0ccb-43fd-9692-65a1d895eaac','0',NULL,NULL),('76e77bb7-fcd7-4efe-a3c9-7d414135b9ad','CLAUSE',NULL,NULL,NULL,NULL),('79dc6eca-7169-4209-b063-cabbce4e22e0','QDSTERM','42d64681-0ccb-43fd-9692-65a1d895eaac','0',NULL,NULL),('7a322c94-2225-4fe5-a80d-13ae71e4aaa0','CLAUSE',NULL,NULL,NULL,NULL),('7a32d2ac-9945-4892-92dc-5b2ec1479c9b','CLAUSE',NULL,NULL,NULL,NULL),('7a51e745-f0dd-4928-bac7-6d1fe99c25ba','QDSTERM','42d64681-0ccb-43fd-9692-65a1d895eaac','0',NULL,NULL),('7aff5930-8dbb-4ede-878a-771c4c1ec0af','CLAUSE',NULL,NULL,NULL,NULL),('7bb25b86-531c-4817-874e-880bb2cbcfcc','CLAUSE',NULL,NULL,NULL,NULL),('7df4d31c-81ba-445b-b8c0-9586fa927fe2','QDSTERM','42d64681-0ccb-43fd-9692-65a1d895eaac','0',NULL,NULL),('7e1555b9-4741-4098-a11f-29a253a11c60','QDSTERM','42d64681-0ccb-43fd-9692-65a1d895eaac','0',NULL,NULL),('7fef0e44-3e15-4e6b-8847-9ce7cacd403c','CLAUSE',NULL,NULL,NULL,NULL),('80685807-b18d-4646-a4db-8b2477db153c','CLAUSE',NULL,NULL,NULL,NULL),('82d10231-d66b-4c51-8889-2d4c58bdacb5','QDSTERM','04dfbc78-2e82-4a0b-ae96-74d0a931947e','0',NULL,NULL),('8691420d-141d-4e4f-95a7-5b54caec0720','CLAUSE',NULL,NULL,NULL,NULL),('8926f587-5a8c-4e2b-a70c-69873451ffbc','QDSTERM','42d64681-0ccb-43fd-9692-65a1d895eaac','0',NULL,NULL),('8a843048-5183-4fff-bc9f-b06ebd191256','QDSTERM','8f5e3c8f-2569-4973-a208-bd0e156beefc','0',NULL,NULL),('8cd0f316-1262-4fc2-9276-37f076ece09d','AND','9e023714-02c6-423a-8cb2-928da4120b9a','0',NULL,NULL),('8d6bb8d9-bef9-4bd3-aedd-8b9d4691ab04','CLAUSE',NULL,NULL,NULL,NULL),('8ea9662d-50c3-4b68-b191-8951c5805462','QDSTERM','98bf6a45-43b0-4acf-ac17-f30ba2dd2ad0','0',NULL,NULL),('8f5e3c8f-2569-4973-a208-bd0e156beefc','CLAUSE',NULL,NULL,NULL,NULL),('903eb018-2652-45ae-9572-61c7cfb1274c','QDSTERM','706c1354-b75e-4e2e-a0ca-c45b9ecb33aa','0',NULL,NULL),('904b5979-ef1f-429d-ae0e-d86f166e94f3','CLAUSE',NULL,NULL,NULL,NULL),('90d42ffb-3336-410f-b703-2ff29b5e1d9d','QDSTERM','904b5979-ef1f-429d-ae0e-d86f166e94f3','0',NULL,NULL),('91ef63a1-f182-401d-a9d3-0d248f9c0c63','QDSTERM','9e023714-02c6-423a-8cb2-928da4120b9a','0',NULL,NULL),('92e4ecef-39fd-4447-9d6d-2bcaf9dcf7a3','QDSTERM','60e22014-9b27-414c-816a-47c3d9385093','1',NULL,NULL),('96770c5c-7c95-41f4-94af-fc613d052b9a','QDSTERM','8d6bb8d9-bef9-4bd3-aedd-8b9d4691ab04','0',NULL,NULL),('97c7468b-a707-48d0-b46f-d57c7a7ee3d3','QDSTERM','42d64681-0ccb-43fd-9692-65a1d895eaac','0',NULL,NULL),('97e5125f-83b5-4431-b6a5-7fb8a7784384','CLAUSE',NULL,NULL,NULL,NULL),('98bf6a45-43b0-4acf-ac17-f30ba2dd2ad0','LESS_THAN','80685807-b18d-4646-a4db-8b2477db153c','0',NULL,NULL),('9a29644d-9f52-4b79-a8e8-eb12e60b243b','QDSTERM','98bf6a45-43b0-4acf-ac17-f30ba2dd2ad0','1',NULL,NULL),('9a78bea2-25ce-4bd7-af44-964e9de3c5fd','CLAUSE',NULL,NULL,NULL,NULL),('9aad532d-e242-41cc-9b65-02346d58353b','QDSTERM','42d64681-0ccb-43fd-9692-65a1d895eaac','0',NULL,NULL),('9d45dfa9-81df-4a22-8723-bef374e97296','QDSTERM','eacc7094-c861-4741-9c6d-2981842e9bc5','0',NULL,NULL),('9d6a43d7-3d29-4300-820a-dc38d2a0c58e','QDSTERM','bb052c03-4ef7-421a-bdd2-84514ebf2834','0',NULL,NULL),('9e023714-02c6-423a-8cb2-928da4120b9a','CLAUSE',NULL,NULL,NULL,NULL),('a34787df-a6c1-4c1b-9e76-5e673ceb2870','QDSTERM','706c1354-b75e-4e2e-a0ca-c45b9ecb33aa','0',NULL,NULL),('a4083164-64da-4a53-9a34-2348f7ab28e4','CLAUSE',NULL,NULL,NULL,NULL),('a49acfff-aae3-43bb-b82e-1cb4fb3978e3','CLAUSE',NULL,NULL,NULL,NULL),('a512c636-47c4-453b-ab26-0650b3f900d9','CLAUSE',NULL,NULL,NULL,NULL),('a56191b1-ce32-413a-bdd8-6095dee91925','QDSTERM','8f5e3c8f-2569-4973-a208-bd0e156beefc','0',NULL,NULL),('a685b2fb-a7ff-43a8-ad95-3f5b10bbbd75','AND','42d64681-0ccb-43fd-9692-65a1d895eaac','0',NULL,NULL),('a6c5695e-8601-4314-83e1-066ee6ca78f9','CLAUSE',NULL,NULL,NULL,NULL),('a7002a0a-4cf1-4771-974b-1ba326a796e1','QDSTERM','0a1cf384-bee5-400a-a766-a0b23e08a121','0',NULL,NULL),('a7c3f48d-cf6d-4497-b02a-4e2dc61c31a5','SAS','67aa9a09-4874-42b0-b404-2acab84c079b','0',NULL,NULL),('a864e1ce-0f86-44bd-b9cc-85728079455c','QDSTERM','42d64681-0ccb-43fd-9692-65a1d895eaac','0',NULL,NULL),('a87ff7a2-ef10-40d4-ab71-1647968d8acd','CLAUSE',NULL,NULL,NULL,NULL),('a8d3059f-d4f6-49e3-a1b0-16ffc2061fc2','CLAUSE',NULL,NULL,NULL,NULL),('aa19b52d-032f-42a3-a7a0-5b3976b409e0','CLAUSE',NULL,NULL,NULL,NULL),('ab6c3617-fe6d-4f65-b8c2-984f751a7cde','AND','7aff5930-8dbb-4ede-878a-771c4c1ec0af','0',NULL,NULL),('ab8b3aa9-b001-45d0-b88d-9b683167d3a9','CLAUSE',NULL,NULL,NULL,NULL),('abf7c922-43c6-460f-bf7c-d7a28417ae4b','CLAUSE',NULL,NULL,NULL,NULL),('ad3b115b-4a0b-4710-a67e-30f8aa1fab4c','QDSTERM','bfcabc25-af46-4bf6-a77c-92ac1ec4d1e1','1',NULL,NULL),('ae317087-7e4a-450a-85eb-59622c7c029b','QDSTERM','75fc91b4-9103-4baa-8aa6-6b874c0638a8','0',NULL,NULL),('ae3632c1-78e1-4469-8416-c9a0ee077fda','QDSTERM','5d21e145-4a83-487d-9df3-a9f3accf6469','0',NULL,NULL),('aedbe716-a7c1-44c5-8c97-0bb9884cb16c','QDSTERM','60e22014-9b27-414c-816a-47c3d9385093','0',NULL,NULL),('afed2923-d143-408f-91d0-c70be350a0d4','CLAUSE',NULL,NULL,NULL,NULL),('b12c86ae-7e14-4103-9b9a-dd2add774714','CLAUSE',NULL,NULL,NULL,NULL),('b14e0625-e448-48df-b663-6695db9173e9','CLAUSE',NULL,NULL,NULL,NULL),('b5a39e44-a319-4b20-9af9-892dbaf3d6d0','CLAUSE',NULL,NULL,NULL,NULL),('b5db7bdd-0b10-4f2b-a93c-ba58c658e475','CLAUSE',NULL,NULL,NULL,NULL),('b604ec47-88d6-454e-89f5-0774e57732b8','QDSTERM','b75bf3ad-6c2d-4c79-a3da-f3bf31bd2552','0',NULL,NULL),('b6ccfedf-5509-4e21-b1a5-292a6f8525e9','CLAUSE',NULL,NULL,NULL,NULL),('b75bf3ad-6c2d-4c79-a3da-f3bf31bd2552','CLAUSE',NULL,NULL,NULL,NULL),('b8a2a7b6-143f-4ccd-be22-41db916959a9','AND','d3135744-9faa-40a6-94a8-343abe7372c3','0',NULL,NULL),('bb052c03-4ef7-421a-bdd2-84514ebf2834','CLAUSE',NULL,NULL,NULL,NULL),('bbb8dc92-159c-4718-969a-0db51cb58cb4','CLAUSE','8f5e3c8f-2569-4973-a208-bd0e156beefc','0','8ae458ab2ce627aa012ce629a4990009',NULL),('bc7a18a7-a7b5-4381-8ced-f28e6790c849','QDSTERM','706c1354-b75e-4e2e-a0ca-c45b9ecb33aa','0',NULL,NULL),('bee30309-8b8e-4091-a635-744a4c815ac2','QDSTERM','f0965962-9fe0-48de-97ed-04da35918abf','0',NULL,NULL),('bf8ba366-d70e-418f-bbe5-cb664dcf9698','CLAUSE',NULL,NULL,NULL,NULL),('bfcabc25-af46-4bf6-a77c-92ac1ec4d1e1','LESS_THAN','eaa2d5d3-24b0-43c0-a7f1-effffd20babe','0',NULL,NULL),('c0f6ce41-32c4-4180-b700-f84ae757bb4f','QDSTERM','76e77bb7-fcd7-4efe-a3c9-7d414135b9ad','0',NULL,NULL),('c152f204-c5ef-4e3c-9db5-93bd6137ceb8','QDSTERM','7546e471-8d7d-4128-8e36-529f114c5277','0',NULL,NULL),('c24c9545-84a5-4dff-bbee-ba1481560cba','QDSTERM','8f5e3c8f-2569-4973-a208-bd0e156beefc','0',NULL,NULL),('c3e48524-454a-4e4d-ae12-319477b93f4f','CLAUSE',NULL,NULL,NULL,NULL),('c493e251-b1c1-42b8-a5b7-4b2fd7b24a89','CLAUSE',NULL,NULL,NULL,NULL),('c4d81ce8-eac2-4a16-8028-99c46d89713a','QDSTERM','706c1354-b75e-4e2e-a0ca-c45b9ecb33aa','0',NULL,NULL),('c55dfde0-a33c-4665-b836-e2fb524f0cf1','CLAUSE',NULL,NULL,NULL,NULL),('c89555dc-710b-4ff1-a7c4-dd43f4e8f875','QDSTERM','42d64681-0ccb-43fd-9692-65a1d895eaac','0',NULL,NULL),('c8e5a947-7f82-40c1-a487-e7d4e8134643','CLAUSE',NULL,NULL,NULL,NULL),('ca7073d4-fa3e-4b5b-8b70-3a612ff94124','QDSTERM','a4083164-64da-4a53-9a34-2348f7ab28e4','0',NULL,NULL),('caa2097b-ce81-4ca0-87bf-4971296b3efe','CLAUSE',NULL,NULL,NULL,NULL),('cb376f9d-59da-4ad3-a705-25af7fa30863','QDSTERM','1bf7b5d3-8f75-43f3-ab7a-4e4f5d02a6d1','0',NULL,NULL),('cc5adbcb-ac94-4cce-a226-eaa8e436037f','CLAUSE',NULL,NULL,NULL,NULL),('cd11c8eb-f853-42af-83d2-bdf7fa19cb13','CLAUSE',NULL,NULL,NULL,NULL),('cf8330aa-ee04-4292-8e0e-3257b83746f1','CLAUSE',NULL,NULL,NULL,NULL),('d3135744-9faa-40a6-94a8-343abe7372c3','CLAUSE',NULL,NULL,NULL,NULL),('d3bf6f08-23d0-46f9-9b44-253a8165fca2','QDSTERM','8f5e3c8f-2569-4973-a208-bd0e156beefc','0',NULL,NULL),('d5949ae0-48cc-4c89-9207-c796050f9bf5','QDSTERM','706c1354-b75e-4e2e-a0ca-c45b9ecb33aa','0',NULL,NULL),('d5cd6507-a520-4476-ad63-202808b721ec','QDSTERM','8691420d-141d-4e4f-95a7-5b54caec0720','0',NULL,NULL),('d8725101-aa70-4b64-899d-8b36fbc1719c','CLAUSE',NULL,NULL,NULL,NULL),('db104994-16ad-411f-a77e-6abacd47e679','QDSTERM','398ae8ea-076c-4e6f-93da-97709ec18740','0',NULL,NULL),('dc346f2f-0e02-466e-9501-0c89b12a4023','QDSTERM','706c1354-b75e-4e2e-a0ca-c45b9ecb33aa','0',NULL,NULL),('de39eeb8-1da0-404c-8881-562af95d197d','QDSTERM','a7c3f48d-cf6d-4497-b02a-4e2dc61c31a5','1',NULL,NULL),('de969fef-2367-4851-a42d-c417189acd08','QDSTERM','8f5e3c8f-2569-4973-a208-bd0e156beefc','0',NULL,NULL),('deef0bec-6ea0-4929-bddf-988b855c07b5','CLAUSE',NULL,NULL,NULL,NULL),('df927b39-667e-4ff2-b0d9-6a92bc4c9f32','CLAUSE',NULL,NULL,NULL,NULL),('e01b98ef-a01a-4967-81b4-42542404965c','CLAUSE',NULL,NULL,NULL,NULL),('e1827afe-952a-45c9-b8b9-8e58e66fe4c9','QDSTERM','8f5e3c8f-2569-4973-a208-bd0e156beefc','0',NULL,NULL),('e218b3e4-f3f9-4302-b276-fb8fd190cdf2','QDSTERM','b6ccfedf-5509-4e21-b1a5-292a6f8525e9','0',NULL,NULL),('e249237a-8832-40da-bfa9-c9e674c1e510','QDSTERM','caa2097b-ce81-4ca0-87bf-4971296b3efe','0',NULL,NULL),('e2b24fb4-87bb-4128-8487-0ed40674bac8','QDSTERM','7aff5930-8dbb-4ede-878a-771c4c1ec0af','0',NULL,NULL),('e3db78e3-a3f8-40d6-8019-a33ce1249438','QDSTERM','c8e5a947-7f82-40c1-a487-e7d4e8134643','0',NULL,NULL),('e4b6ab7d-a0a4-4a81-b9a1-e8050dbe5062','QDSTERM','706c1354-b75e-4e2e-a0ca-c45b9ecb33aa','0',NULL,NULL),('e518c015-9644-4ce3-b62b-2e14ad3cc897','QDSTERM','caa2097b-ce81-4ca0-87bf-4971296b3efe','0',NULL,NULL),('e73db439-f6d9-481e-a60e-0c1a5bd28b75','QDSTERM','07be994d-bb7a-4a80-a28c-8b276a9b5022','0',NULL,NULL),('eaa2d5d3-24b0-43c0-a7f1-effffd20babe','CLAUSE',NULL,NULL,NULL,NULL),('eacc7094-c861-4741-9c6d-2981842e9bc5','CLAUSE',NULL,NULL,NULL,NULL),('ebed2da3-86b3-4764-bb9f-be29d75733cb','QDSTERM','0976a49f-9f4a-4c2a-b554-7f2e6ce3f0e7','0',NULL,NULL),('ed60dc5a-7d0a-464c-93ed-e71da3fb0e76','CLAUSE',NULL,NULL,NULL,NULL),('eef68b6e-910d-4f18-9006-901fe76835c3','CLAUSE',NULL,NULL,NULL,NULL),('f0965962-9fe0-48de-97ed-04da35918abf','CLAUSE',NULL,NULL,NULL,NULL),('f4115e48-dd32-405d-9a9a-3fb45e1b1035','QDSTERM','42d64681-0ccb-43fd-9692-65a1d895eaac','0',NULL,NULL),('f4644dc4-e473-42d1-b103-80d7cd81aa3e','CLAUSE',NULL,NULL,NULL,NULL),('f73c7efd-6189-478b-9496-6250d0cee970','CLAUSE',NULL,NULL,NULL,NULL),('f7446673-25fb-4963-8b1f-3f5674faa714','QDSTERM','6efaf783-f9a8-44db-91ee-aa506a362cc8','0',NULL,NULL),('f927bf1d-4ba5-4cb2-b1f3-58449ff3f371','CLAUSE',NULL,NULL,NULL,NULL),('fae4bb57-4a88-4f20-9055-8e0ac4997268','QDSTERM','42d64681-0ccb-43fd-9692-65a1d895eaac','0',NULL,NULL),('faee9794-db11-43b7-9adb-434d945282da','QDSTERM','706c1354-b75e-4e2e-a0ca-c45b9ecb33aa','0',NULL,NULL),('fcf4b63d-3599-4c8e-a577-9cd53aea95f2','QDSTERM','8f5e3c8f-2569-4973-a208-bd0e156beefc','0',NULL,NULL),('fd4b1f7c-d019-4bd2-90b6-929a325c177e','QDSTERM','9e023714-02c6-423a-8cb2-928da4120b9a','0',NULL,NULL),('ff160cc5-1c26-48cc-a94f-1d886e2ed220','QDSTERM','8f5e3c8f-2569-4973-a208-bd0e156beefc','0',NULL,NULL);
/*!40000 ALTER TABLE `decision` ENABLE KEYS */;
UNLOCK TABLES;

--
-- Table structure for table `grouped_code_lists`
--

DROP TABLE IF EXISTS `grouped_code_lists`;
/*!40101 SET @saved_cs_client     = @@character_set_client */;
/*!40101 SET character_set_client = utf8 */;
CREATE TABLE `grouped_code_lists` (
  `GROUPED_CODE_LISTS_ID` varchar(32) NOT NULL,
  `GROUP_LIST_ID` varchar(32) NOT NULL,
  `CODE_LIST_ID` varchar(32) NOT NULL,
  `DESCRIPTION` varchar(1000) NOT NULL,
  PRIMARY KEY (`GROUPED_CODE_LISTS_ID`),
  KEY `GR_CODE_LIST_FK` (`CODE_LIST_ID`),
  KEY `GR_LIST_OBJ_FK` (`GROUP_LIST_ID`),
  CONSTRAINT `GR_CODE_LIST_FK` FOREIGN KEY (`CODE_LIST_ID`) REFERENCES `code_list` (`CODE_LIST_ID`) ON DELETE CASCADE ON UPDATE CASCADE,
  CONSTRAINT `GR_LIST_OBJ_FK` FOREIGN KEY (`GROUP_LIST_ID`) REFERENCES `list_object` (`LIST_OBJECT_ID`) ON DELETE CASCADE ON UPDATE CASCADE
) ENGINE=InnoDB DEFAULT CHARSET=latin1;
/*!40101 SET character_set_client = @saved_cs_client */;

--
-- Dumping data for table `grouped_code_lists`
--

LOCK TABLES `grouped_code_lists` WRITE;
/*!40000 ALTER TABLE `grouped_code_lists` DISABLE KEYS */;
INSERT INTO `grouped_code_lists` VALUES ('8ae44ffa2dbe45a4012dbe45af060002','8ae44ffa2dbe45a4012dbe45aef60001','8ae458ab2d4ca108012d4cb7167b0018','Grouped list 7'),('8ae44ffa2dbe45a4012dbe45af060003','8ae44ffa2dbe45a4012dbe45aef60001','8ae458ab2d5c723c012d5c831cd20017','Grouped diagnostic'),('8ae44ffa2dbe45a4012dbe45af060004','8ae44ffa2dbe45a4012dbe45aef60001','8ae458ab2d4ca108012d4cb77565001c','Grouped list 9'),('8ae44ffa2dbe45a4012dbe45af060005','8ae44ffa2dbe45a4012dbe45aef60001','8ae458ab2d4ca108012d4cb6e8a40016','Grouped list 6'),('8ae44ffa2dbe45a4012dbe45af060006','8ae44ffa2dbe45a4012dbe45aef60001','8ae458ab2d52b79c012d52b8313b0004','Grouped Measurement Period'),('8ae44ffa2dbe45a4012dbe45af060007','8ae44ffa2dbe45a4012dbe45aef60001','8ae458ab2d670c40012d67108a75001e','Grouped applied to editable 2'),('8ae44ffa2dbe45a4012dbe45af060008','8ae44ffa2dbe45a4012dbe45aef60001','8ae458ab2d665094012d6651a18c0001','Grouped I own this one'),('8ae44ffa2dbe45a4012dbe45af060009','8ae44ffa2dbe45a4012dbe45aef60001','8ae458ab2d4ca108012d4cb7481b001a','Grouped list 8'),('8ae44ffa2dbe45a4012dbe45af06000a','8ae44ffa2dbe45a4012dbe45aef60001','8ae458ab2d4ca108012d4cb61d44000e','Grouped list 1'),('8ae44ffa2dbe45a4012dbe45af06000b','8ae44ffa2dbe45a4012dbe45aef60001','8ae44ffa2dbe4000012dbe400cc90003','Grouped Code list with codes'),('8ae44ffa2dbe45a4012dbe45af06000c','8ae44ffa2dbe45a4012dbe45aef60001','8ae458ab2d5c723c012d5c8538950024','Grouped medication'),('8ae44ffa2dbe45a4012dbe45af06000d','8ae44ffa2dbe45a4012dbe45aef60001','8ae458ab2d5c723c012d5c84b46f0020','Grouped communication'),('8ae44ffa2dbe45a4012dbe45af06000e','8ae44ffa2dbe45a4012dbe45aef60001','8ae458ab2d5c723c012d5c834e530019','Grouped Lab'),('8ae44ffa2dbe45a4012dbe45af06000f','8ae44ffa2dbe45a4012dbe45aef60001','8ae458ab2d5c723c012d5c84f09e0022','Grouped device'),('8ae44ffa2dbe45a4012dbe45af060010','8ae44ffa2dbe45a4012dbe45aef60001','8ae458ab2d5c723c012d5c8587af0026','Grouped physical exam'),('8ae44ffa2dbe45a4012dbe45af060011','8ae44ffa2dbe45a4012dbe45aef60001','8ae458ab2ceb6182012ceb8cb28b000a','Grouped applied to editable share'),('8ae44ffa2dbe45a4012dbe45af060012','8ae44ffa2dbe45a4012dbe45aef60001','8ae458ab2d61536e012d615976b60035','Grouped Measurement Start Date'),('8ae44ffa2dbe45a4012dbe45af060013','8ae44ffa2dbe45a4012dbe45aef60001','8ae458ab2ceb6182012ceb88c1aa0004','Grouped Measurement Period'),('8ae44ffa2dbe45a4012dbe45af060014','8ae44ffa2dbe45a4012dbe45aef60001','8ae458ab2d5c723c012d5c85cfc50028','Grouped procedure'),('8ae44ffa2dbe45a4012dbe45af060015','8ae44ffa2dbe45a4012dbe45aef60001','8ae458ab2d4ca108012d4cb6b7b10014','Grouped list 4'),('8ae44ffa2dbe45a4012dbe45af060016','8ae44ffa2dbe45a4012dbe45aef60001','8ae458ab2d52b79c012d52b832070006','Grouped Measurement Start Date'),('8ae44ffa2dbe45a4012dbe45af060017','8ae44ffa2dbe45a4012dbe45aef60001','8ae458ab2ce12264012ce123859a0003','Grouped asdf'),('8ae44ffa2dbe45a4012dbe45af060018','8ae44ffa2dbe45a4012dbe45aef60001','8ae458ab2d61536e012d615975bc0033','Grouped Measurement Period'),('8ae44ffa2dbe45a4012dbe45af060019','8ae44ffa2dbe45a4012dbe45aef60001','8ae458ab2d4ca108012d4cb68b800012','Grouped list 3'),('8ae44ffa2dbe45a4012dbe45af06001a','8ae44ffa2dbe45a4012dbe45aef60001','8ae458ab2d52b79c012d52b833010008','Grouped Measurement End Date'),('8ae44ffa2dbe45a4012dbe45af06001b','8ae44ffa2dbe45a4012dbe45aef60001','8ae44ffa2dbe4000012dbe400b720001','Grouped Code list without codes'),('8ae44ffa2dbe45a4012dbe45af06001c','8ae44ffa2dbe45a4012dbe45aef60001','8ae458ab2d668c4f012d6693129e0004','Grouped cl for editable share'),('8ae44ffa2dbe45a4012dbe45af06001d','8ae44ffa2dbe45a4012dbe45aef60001','8ae458ab2d5c723c012d5c860916002a','Grouped substance'),('8ae44ffa2dbe45a4012dbe45af06001e','8ae44ffa2dbe45a4012dbe45aef60001','8ae458ab2d61536e012d615977a00037','Grouped Measurement End Date'),('8ae44ffa2dbe45a4012dbe45af06001f','8ae44ffa2dbe45a4012dbe45aef60001','8ae458ab2d09da99012d09dc52540001','Grouped code list 2'),('8ae44ffa2dbe45a4012dbe45af060020','8ae44ffa2dbe45a4012dbe45aef60001','8ae458ab2d4ca108012d4cb6581b0010','Grouped list 2'),('8ae44ffa2dbe4624012dbe462f240002','8ae44ffa2dbe4624012dbe462f240001','8ae458ab2d4ca108012d4cb77565001c','Grouped list 9'),('8ae44ffa2dbe4624012dbe462f240003','8ae44ffa2dbe4624012dbe462f240001','8ae44ffa2dbe4000012dbe400b720001','Grouped Code list without codes'),('8ae44ffa2dbe4624012dbe462f240004','8ae44ffa2dbe4624012dbe462f240001','8ae458ab2d5c723c012d5c84b46f0020','Grouped communication'),('8ae44ffa2dbe4624012dbe462f240005','8ae44ffa2dbe4624012dbe462f240001','8ae458ab2d52b79c012d52b832070006','Grouped Measurement Start Date'),('8ae44ffa2dbe4624012dbe462f240006','8ae44ffa2dbe4624012dbe462f240001','8ae458ab2d4ca108012d4cb7481b001a','Grouped list 8'),('8ae44ffa2dbe4624012dbe462f240007','8ae44ffa2dbe4624012dbe462f240001','8ae458ab2d52b79c012d52b833010008','Grouped Measurement End Date'),('8ae44ffa2dbe4624012dbe462f240008','8ae44ffa2dbe4624012dbe462f240001','8ae458ab2d670c40012d67108a75001e','Grouped applied to editable 2'),('8ae44ffa2dbe4624012dbe462f330009','8ae44ffa2dbe4624012dbe462f240001','8ae458ab2d4ca108012d4cb68b800012','Grouped list 3'),('8ae44ffa2dbe4624012dbe462f33000a','8ae44ffa2dbe4624012dbe462f240001','8ae458ab2d52b79c012d52b8313b0004','Grouped Measurement Period'),('8ae44ffa2dbe4624012dbe462f33000b','8ae44ffa2dbe4624012dbe462f240001','8ae458ab2ceb6182012ceb88c1aa0004','Grouped Measurement Period'),('8ae44ffa2dbe4624012dbe462f33000c','8ae44ffa2dbe4624012dbe462f240001','8ae458ab2d5c723c012d5c85cfc50028','Grouped procedure'),('8ae44ffa2dbe4624012dbe462f33000d','8ae44ffa2dbe4624012dbe462f240001','8ae458ab2d5c723c012d5c8538950024','Grouped medication'),('8ae44ffa2dbe4624012dbe462f33000e','8ae44ffa2dbe4624012dbe462f240001','8ae458ab2d5c723c012d5c84f09e0022','Grouped device'),('8ae44ffa2dbe4624012dbe462f33000f','8ae44ffa2dbe4624012dbe462f240001','8ae458ab2d5c723c012d5c8587af0026','Grouped physical exam'),('8ae44ffa2dbe4624012dbe462f330010','8ae44ffa2dbe4624012dbe462f240001','8ae458ab2d5c723c012d5c860916002a','Grouped substance'),('8ae44ffa2dbe4624012dbe462f330011','8ae44ffa2dbe4624012dbe462f240001','8ae458ab2d4ca108012d4cb61d44000e','Grouped list 1'),('8ae44ffa2dbe4624012dbe462f330012','8ae44ffa2dbe4624012dbe462f240001','8ae458ab2d665094012d6651a18c0001','Grouped I own this one'),('8ae44ffa2dbe4624012dbe462f330013','8ae44ffa2dbe4624012dbe462f240001','8ae458ab2d09da99012d09dc52540001','Grouped code list 2'),('8ae44ffa2dbe4624012dbe462f330014','8ae44ffa2dbe4624012dbe462f240001','8ae458ab2d61536e012d615975bc0033','Grouped Measurement Period'),('8ae44ffa2dbe4624012dbe462f330015','8ae44ffa2dbe4624012dbe462f240001','8ae458ab2d4ca108012d4cb7167b0018','Grouped list 7'),('8ae44ffa2dbe4624012dbe462f330016','8ae44ffa2dbe4624012dbe462f240001','8ae458ab2d5c723c012d5c831cd20017','Grouped diagnostic'),('8ae44ffa2dbe4624012dbe462f330017','8ae44ffa2dbe4624012dbe462f240001','8ae458ab2ceb6182012ceb8cb28b000a','Grouped applied to editable share'),('8ae44ffa2dbe4624012dbe462f330018','8ae44ffa2dbe4624012dbe462f240001','8ae458ab2d61536e012d615977a00037','Grouped Measurement End Date'),('8ae44ffa2dbe4624012dbe462f330019','8ae44ffa2dbe4624012dbe462f240001','8ae458ab2d4ca108012d4cb6e8a40016','Grouped list 6'),('8ae44ffa2dbe4624012dbe462f33001a','8ae44ffa2dbe4624012dbe462f240001','8ae44ffa2dbe4000012dbe400cc90003','Grouped Code list with codes'),('8ae44ffa2dbe4624012dbe462f33001b','8ae44ffa2dbe4624012dbe462f240001','8ae458ab2d5c723c012d5c834e530019','Grouped Lab'),('8ae44ffa2dbe4624012dbe462f33001c','8ae44ffa2dbe4624012dbe462f240001','8ae458ab2ce12264012ce123859a0003','Grouped asdf'),('8ae44ffa2dbe4624012dbe462f33001d','8ae44ffa2dbe4624012dbe462f240001','8ae458ab2d61536e012d615976b60035','Grouped Measurement Start Date'),('8ae44ffa2dbe4624012dbe462f33001e','8ae44ffa2dbe4624012dbe462f240001','8ae458ab2d668c4f012d6693129e0004','Grouped cl for editable share'),('8ae44ffa2dbe4624012dbe462f33001f','8ae44ffa2dbe4624012dbe462f240001','8ae458ab2d4ca108012d4cb6581b0010','Grouped list 2'),('8ae44ffa2dbe4624012dbe462f330020','8ae44ffa2dbe4624012dbe462f240001','8ae458ab2d4ca108012d4cb6b7b10014','Grouped list 4'),('8ae44ffa2dbe4687012dbe4692340002','8ae44ffa2dbe4687012dbe4692240001','8ae458ab2d09da99012d09dc52540001','Grouped code list 2'),('8ae44ffa2dbe4687012dbe4692340003','8ae44ffa2dbe4687012dbe4692240001','8ae458ab2d4ca108012d4cb7167b0018','Grouped list 7'),('8ae44ffa2dbe4687012dbe4692340004','8ae44ffa2dbe4687012dbe4692240001','8ae458ab2d4ca108012d4cb6581b0010','Grouped list 2'),('8ae44ffa2dbe4687012dbe4692340005','8ae44ffa2dbe4687012dbe4692240001','8ae458ab2ceb6182012ceb8cb28b000a','Grouped applied to editable share'),('8ae44ffa2dbe4687012dbe4692340006','8ae44ffa2dbe4687012dbe4692240001','8ae458ab2d4ca108012d4cb68b800012','Grouped list 3'),('8ae44ffa2dbe4687012dbe4692340007','8ae44ffa2dbe4687012dbe4692240001','8ae458ab2d5c723c012d5c860916002a','Grouped substance'),('8ae44ffa2dbe4687012dbe4692340008','8ae44ffa2dbe4687012dbe4692240001','8ae458ab2d5c723c012d5c8587af0026','Grouped physical exam'),('8ae44ffa2dbe4687012dbe4692340009','8ae44ffa2dbe4687012dbe4692240001','8ae458ab2d4ca108012d4cb61d44000e','Grouped list 1'),('8ae44ffa2dbe4687012dbe469234000a','8ae44ffa2dbe4687012dbe4692240001','8ae44ffa2dbe4000012dbe400b720001','Grouped Code list without codes'),('8ae44ffa2dbe4687012dbe469234000b','8ae44ffa2dbe4687012dbe4692240001','8ae458ab2d670c40012d67108a75001e','Grouped applied to editable 2'),('8ae44ffa2dbe4687012dbe469234000c','8ae44ffa2dbe4687012dbe4692240001','8ae458ab2d61536e012d615976b60035','Grouped Measurement Start Date'),('8ae44ffa2dbe4687012dbe469234000d','8ae44ffa2dbe4687012dbe4692240001','8ae458ab2d52b79c012d52b832070006','Grouped Measurement Start Date'),('8ae44ffa2dbe4687012dbe469234000e','8ae44ffa2dbe4687012dbe4692240001','8ae458ab2d4ca108012d4cb77565001c','Grouped list 9'),('8ae44ffa2dbe4687012dbe469234000f','8ae44ffa2dbe4687012dbe4692240001','8ae458ab2d4ca108012d4cb7481b001a','Grouped list 8'),('8ae44ffa2dbe4687012dbe4692340010','8ae44ffa2dbe4687012dbe4692240001','8ae458ab2d52b79c012d52b8313b0004','Grouped Measurement Period'),('8ae44ffa2dbe4687012dbe4692340011','8ae44ffa2dbe4687012dbe4692240001','8ae458ab2d52b79c012d52b833010008','Grouped Measurement End Date'),('8ae44ffa2dbe4687012dbe4692340012','8ae44ffa2dbe4687012dbe4692240001','8ae458ab2d668c4f012d6693129e0004','Grouped cl for editable share'),('8ae44ffa2dbe4687012dbe4692340013','8ae44ffa2dbe4687012dbe4692240001','8ae458ab2d5c723c012d5c84f09e0022','Grouped device'),('8ae44ffa2dbe4687012dbe4692340014','8ae44ffa2dbe4687012dbe4692240001','8ae458ab2d665094012d6651a18c0001','Grouped I own this one'),('8ae44ffa2dbe4687012dbe4692340015','8ae44ffa2dbe4687012dbe4692240001','8ae458ab2d5c723c012d5c831cd20017','Grouped diagnostic'),('8ae44ffa2dbe4687012dbe4692340016','8ae44ffa2dbe4687012dbe4692240001','8ae458ab2d61536e012d615977a00037','Grouped Measurement End Date'),('8ae44ffa2dbe4687012dbe4692340017','8ae44ffa2dbe4687012dbe4692240001','8ae458ab2ceb6182012ceb88c1aa0004','Grouped Measurement Period'),('8ae44ffa2dbe4687012dbe4692340018','8ae44ffa2dbe4687012dbe4692240001','8ae458ab2d4ca108012d4cb6b7b10014','Grouped list 4'),('8ae44ffa2dbe4687012dbe4692340019','8ae44ffa2dbe4687012dbe4692240001','8ae458ab2d5c723c012d5c84b46f0020','Grouped communication'),('8ae44ffa2dbe4687012dbe469234001a','8ae44ffa2dbe4687012dbe4692240001','8ae458ab2d4ca108012d4cb6e8a40016','Grouped list 6'),('8ae44ffa2dbe4687012dbe469234001b','8ae44ffa2dbe4687012dbe4692240001','8ae458ab2ce12264012ce123859a0003','Grouped asdf'),('8ae44ffa2dbe4687012dbe469234001c','8ae44ffa2dbe4687012dbe4692240001','8ae458ab2d5c723c012d5c834e530019','Grouped Lab'),('8ae44ffa2dbe4687012dbe469234001d','8ae44ffa2dbe4687012dbe4692240001','8ae458ab2d5c723c012d5c85cfc50028','Grouped procedure'),('8ae44ffa2dbe4687012dbe469234001e','8ae44ffa2dbe4687012dbe4692240001','8ae458ab2d5c723c012d5c8538950024','Grouped medication'),('8ae44ffa2dbe4687012dbe469234001f','8ae44ffa2dbe4687012dbe4692240001','8ae458ab2d61536e012d615975bc0033','Grouped Measurement Period'),('8ae44ffa2dbe4687012dbe4692340020','8ae44ffa2dbe4687012dbe4692240001','8ae44ffa2dbe4000012dbe400cc90003','Grouped Code list with codes'),('8ae44ffa2dbe471d012dbe473b65000a','8ae44ffa2dbe471d012dbe473b650009','8ae458ab2d5c723c012d5c84f09e0022','Grouped device'),('8ae44ffa2dbe471d012dbe473b65000b','8ae44ffa2dbe471d012dbe473b650009','8ae458ab2d5c723c012d5c8587af0026','Grouped physical exam'),('8ae44ffa2dbe471d012dbe473b65000c','8ae44ffa2dbe471d012dbe473b650009','8ae458ab2d61536e012d615977a00037','Grouped Measurement End Date'),('8ae44ffa2dbe471d012dbe473b65000d','8ae44ffa2dbe471d012dbe473b650009','8ae458ab2d5c723c012d5c834e530019','Grouped Lab'),('8ae44ffa2dbe471d012dbe473b65000e','8ae44ffa2dbe471d012dbe473b650009','8ae458ab2d4ca108012d4cb68b800012','Grouped list 3'),('8ae44ffa2dbe471d012dbe473b65000f','8ae44ffa2dbe471d012dbe473b650009','8ae458ab2d61536e012d615976b60035','Grouped Measurement Start Date'),('8ae44ffa2dbe471d012dbe473b650010','8ae44ffa2dbe471d012dbe473b650009','8ae458ab2d5c723c012d5c85cfc50028','Grouped procedure'),('8ae44ffa2dbe471d012dbe473b650011','8ae44ffa2dbe471d012dbe473b650009','8ae458ab2d4ca108012d4cb61d44000e','Grouped list 1'),('8ae44ffa2dbe471d012dbe473b650012','8ae44ffa2dbe471d012dbe473b650009','8ae458ab2d52b79c012d52b833010008','Grouped Measurement End Date'),('8ae44ffa2dbe471d012dbe473b650013','8ae44ffa2dbe471d012dbe473b650009','8ae458ab2d670c40012d67108a75001e','Grouped applied to editable 2'),('8ae44ffa2dbe471d012dbe473b650014','8ae44ffa2dbe471d012dbe473b650009','8ae458ab2d4ca108012d4cb7481b001a','Grouped list 8'),('8ae44ffa2dbe471d012dbe473b650015','8ae44ffa2dbe471d012dbe473b650009','8ae44ffa2dbe4000012dbe400cc90003','Grouped Code list with codes'),('8ae44ffa2dbe471d012dbe473b650016','8ae44ffa2dbe471d012dbe473b650009','8ae44ffa2dbe471d012dbe4739ee0006','Grouped Code list with codes'),('8ae44ffa2dbe471d012dbe473b650017','8ae44ffa2dbe471d012dbe473b650009','8ae44ffa2dbe471d012dbe4738390004','Grouped Code list without codes'),('8ae44ffa2dbe471d012dbe473b650018','8ae44ffa2dbe471d012dbe473b650009','8ae458ab2ceb6182012ceb8cb28b000a','Grouped applied to editable share'),('8ae44ffa2dbe471d012dbe473b650019','8ae44ffa2dbe471d012dbe473b650009','8ae458ab2d4ca108012d4cb6b7b10014','Grouped list 4'),('8ae44ffa2dbe471d012dbe473b75001a','8ae44ffa2dbe471d012dbe473b650009','8ae458ab2d4ca108012d4cb7167b0018','Grouped list 7'),('8ae44ffa2dbe471d012dbe473b75001b','8ae44ffa2dbe471d012dbe473b650009','8ae458ab2d665094012d6651a18c0001','Grouped I own this one'),('8ae44ffa2dbe471d012dbe473b75001c','8ae44ffa2dbe471d012dbe473b650009','8ae458ab2d61536e012d615975bc0033','Grouped Measurement Period'),('8ae44ffa2dbe471d012dbe473b75001d','8ae44ffa2dbe471d012dbe473b650009','8ae458ab2d52b79c012d52b8313b0004','Grouped Measurement Period'),('8ae44ffa2dbe471d012dbe473b75001e','8ae44ffa2dbe471d012dbe473b650009','8ae458ab2d5c723c012d5c84b46f0020','Grouped communication'),('8ae44ffa2dbe471d012dbe473b75001f','8ae44ffa2dbe471d012dbe473b650009','8ae458ab2d4ca108012d4cb6e8a40016','Grouped list 6'),('8ae44ffa2dbe471d012dbe473b750020','8ae44ffa2dbe471d012dbe473b650009','8ae458ab2d4ca108012d4cb77565001c','Grouped list 9'),('8ae44ffa2dbe471d012dbe473b750021','8ae44ffa2dbe471d012dbe473b650009','8ae44ffa2dbe4000012dbe400b720001','Grouped Code list without codes'),('8ae44ffa2dbe471d012dbe473b750022','8ae44ffa2dbe471d012dbe473b650009','8ae458ab2d668c4f012d6693129e0004','Grouped cl for editable share'),('8ae44ffa2dbe471d012dbe473b750023','8ae44ffa2dbe471d012dbe473b650009','8ae458ab2d52b79c012d52b832070006','Grouped Measurement Start Date'),('8ae44ffa2dbe471d012dbe473b750024','8ae44ffa2dbe471d012dbe473b650009','8ae458ab2ce12264012ce123859a0003','Grouped asdf'),('8ae44ffa2dbe471d012dbe473b750025','8ae44ffa2dbe471d012dbe473b650009','8ae458ab2d5c723c012d5c8538950024','Grouped medication'),('8ae44ffa2dbe471d012dbe473b750026','8ae44ffa2dbe471d012dbe473b650009','8ae458ab2d4ca108012d4cb6581b0010','Grouped list 2'),('8ae44ffa2dbe471d012dbe473b750027','8ae44ffa2dbe471d012dbe473b650009','8ae458ab2d09da99012d09dc52540001','Grouped code list 2'),('8ae44ffa2dbe471d012dbe473b750028','8ae44ffa2dbe471d012dbe473b650009','8ae458ab2d5c723c012d5c860916002a','Grouped substance'),('8ae44ffa2dbe471d012dbe473b750029','8ae44ffa2dbe471d012dbe473b650009','8ae458ab2d5c723c012d5c831cd20017','Grouped diagnostic'),('8ae44ffa2dbe471d012dbe473b75002a','8ae44ffa2dbe471d012dbe473b650009','8ae458ab2ceb6182012ceb88c1aa0004','Grouped Measurement Period'),('8ae458ab2ceae84d012ceaeb90fb0002','8ae458ab2ceae84d012ceaeb90eb0001','8ae458ab2ce12264012ce123859a0003','test'),('8ae458ab2cf102e9012cf10436460002','8ae458ab2cf102e9012cf10436460001','8ae458ab2ceb6182012ceb8cb28b000a','test'),('8ae458ab2d579114012d579258430003','8ae458ab2d579114012d579238c40001','8ae458ab2ceb6182012ceb8cb28b000a','test');
/*!40000 ALTER TABLE `grouped_code_lists` ENABLE KEYS */;
UNLOCK TABLES;

--
-- Table structure for table `list_object`
--

DROP TABLE IF EXISTS `list_object`;
/*!40101 SET @saved_cs_client     = @@character_set_client */;
/*!40101 SET character_set_client = utf8 */;
CREATE TABLE `list_object` (
  `LIST_OBJECT_ID` varchar(32) NOT NULL,
  `VERSION` varchar(255) NOT NULL DEFAULT '0.1',
  `NAME` varchar(255) NOT NULL,
  `STEWARD` varchar(255) NOT NULL,
  `OID` varchar(255) NOT NULL,
  `RATIONALE` varchar(2000) DEFAULT NULL,
  `COMMENT` varchar(2000) DEFAULT NULL,
  `OBJECT_STATUS_ID` varchar(32) NOT NULL,
  `OBJECT_OWNER` varchar(32) NOT NULL,
  `CATEGORY_ID` varchar(32) NOT NULL,
  `CODE_SYS_VERSION` varchar(255) NOT NULL,
  `CODE_SYSTEM_ID` varchar(32) NOT NULL,
  `MEASURE_ID` varchar(32) DEFAULT NULL,
  PRIMARY KEY (`LIST_OBJECT_ID`),
  KEY `LIST_OBJECT_STATUS_FK` (`OBJECT_STATUS_ID`),
  KEY `LIST_OBJECT_USER_FK` (`OBJECT_OWNER`),
  KEY `LIST_OBJECT_CAT_FK` (`CATEGORY_ID`),
  KEY `LIST_OBJECT_CODE_SYSTEM_FK` (`CODE_SYSTEM_ID`),
  KEY `LIST_OBJECT_MEASURE_FK` (`MEASURE_ID`),
  CONSTRAINT `LIST_OBJECT_CAT_FK` FOREIGN KEY (`CATEGORY_ID`) REFERENCES `category` (`CATEGORY_ID`) ON DELETE CASCADE ON UPDATE CASCADE,
  CONSTRAINT `LIST_OBJECT_CODE_SYSTEM_FK` FOREIGN KEY (`CODE_SYSTEM_ID`) REFERENCES `code_system` (`CODE_SYSTEM_ID`) ON DELETE CASCADE ON UPDATE CASCADE,
  CONSTRAINT `LIST_OBJECT_MEASURE_FK` FOREIGN KEY (`MEASURE_ID`) REFERENCES `measure` (`ID`) ON DELETE CASCADE ON UPDATE CASCADE,
  CONSTRAINT `LIST_OBJECT_STATUS_FK` FOREIGN KEY (`OBJECT_STATUS_ID`) REFERENCES `object_status` (`OBJECT_STATUS_ID`) ON DELETE CASCADE ON UPDATE CASCADE,
  CONSTRAINT `LIST_OBJECT_USER_FK` FOREIGN KEY (`OBJECT_OWNER`) REFERENCES `user` (`USER_ID`) ON DELETE CASCADE ON UPDATE CASCADE
) ENGINE=InnoDB DEFAULT CHARSET=latin1;
/*!40101 SET character_set_client = @saved_cs_client */;

--
-- Dumping data for table `list_object`
--

LOCK TABLES `list_object` WRITE;
/*!40000 ALTER TABLE `list_object` DISABLE KEYS */;
INSERT INTO `list_object` VALUES ('8ae44ffa2dbe4000012dbe400b720001','0.1','Code list without codes','1','test oid','rationale','comment','1','Admin','1','1.0','1',NULL),('8ae44ffa2dbe4000012dbe400cc90003','0.1','Code list with codes','1','test oid','rationale','comment','1','Admin','1','2.0','1',NULL),('8ae44ffa2dbe45a4012dbe45aef60001','0.1','Group Code list name 1111111','1','test oid','rationale','comment','1','Admin','1','2.0','1',NULL),('8ae44ffa2dbe4624012dbe462f240001','0.1','Group Code list name 1111111','1','test oid','rationale','comment','1','Admin','1','2.0','1',NULL),('8ae44ffa2dbe4687012dbe4692240001','0.1','Group Code list name 1111111','1','test oid','rationale','comment','1','Admin','1','2.0','1',NULL),('8ae44ffa2dbe471d012dbe4738390004','0.1','Code list without codes','1','test oid','rationale','comment','1','Admin','1','1.0','1',NULL),('8ae44ffa2dbe471d012dbe4739ee0006','0.1','Code list with codes','1','test oid','rationale','comment','1','Admin','1','2.0','1',NULL),('8ae44ffa2dbe471d012dbe473b650009','0.1','Group Code list name 1111111','1','test oid','rationale','comment','1','Admin','1','2.0','1',NULL),('8ae458ab2ce12264012ce123859a0003','1.0','asdf','1','1','','','2','Admin','1','123','1',NULL),('8ae458ab2ceae84d012ceaeb90eb0001','Grouping','grouped test','1','2','test','','2','Admin','1','Grouping','68',NULL),('8ae458ab2ceb6182012ceb88c1aa0004','1.0','Measurement Period','1','3',NULL,NULL,'2','8ae458ab2ceb6182012ceb88bf0a0001','22','1.0','60',NULL),('8ae458ab2ceb6182012ceb8cb28b000a','1.0','applied to editable share','1','4','','','2','8ae458ab2ceb6182012ceb88bf0a0001','1','1','1','8ae458ab2ceb6182012ceb8c4b060008'),('8ae458ab2cf102e9012cf10436460001','Grouping','tbierbau group test','1','5','','','2','8ae458ab2ceb6182012ceb88bf0a0001','1','Grouping','68','8ae458ab2ceb6182012ceb8c4b060008'),('8ae458ab2d09da99012d09dc52540001','1.0','code list 2','1','6','','','2','Admin','3','123','7',NULL),('8ae458ab2d4ca108012d4cb61d44000e','1.0','list 1','1','9','','','2','8ae458ab2ceb6182012ceb88bf0a0001','1','1','1','8ae458ab2ceb6182012ceb8c4b060008'),('8ae458ab2d4ca108012d4cb6581b0010','1.0','list 2','2','10','','','2','8ae458ab2ceb6182012ceb88bf0a0001','3','1','8','8ae458ab2ceb6182012ceb8c4b060008'),('8ae458ab2d4ca108012d4cb68b800012','1.0','list 3','5','11','','','2','8ae458ab2ceb6182012ceb88bf0a0001','4','1','11','8ae458ab2ceb6182012ceb8c4b060008'),('8ae458ab2d4ca108012d4cb6b7b10014','1.0','list 4','5','12','','','2','8ae458ab2ceb6182012ceb88bf0a0001','6','1','17','8ae458ab2ceb6182012ceb8c4b060008'),('8ae458ab2d4ca108012d4cb6e8a40016','1.0','list 6','4','13','','','2','8ae458ab2ceb6182012ceb88bf0a0001','5','1','13','8ae458ab2ceb6182012ceb8c4b060008'),('8ae458ab2d4ca108012d4cb7167b0018','1.0','list 7','11','14','','','2','8ae458ab2ceb6182012ceb88bf0a0001','6','1','18','8ae458ab2ceb6182012ceb8c4b060008'),('8ae458ab2d4ca108012d4cb7481b001a','1.0','list 8','13','15','','','2','8ae458ab2ceb6182012ceb88bf0a0001','8','1','24','8ae458ab2ceb6182012ceb8c4b060008'),('8ae458ab2d4ca108012d4cb77565001c','1.0','list 9','13','16','','','2','8ae458ab2ceb6182012ceb88bf0a0001','6','1','18','8ae458ab2ceb6182012ceb8c4b060008'),('8ae458ab2d4cd7a3012d4cda15430001','Grouping','Empty Group Test','6','17','','','1','8ae458ab2ceb6182012ceb88bf0a0001','1','Grouping','68','8ae458ab2ceb6182012ceb8c4b060008'),('8ae458ab2d4d1aa0012d4d9711d7002d','Grouping','group test adding lists','10','21','test','','1','8ae458ab2ceb6182012ceb88bf0a0001','2','Grouping','69','8ae458ab2ceb6182012ceb8c4b060008'),('8ae458ab2d52b79c012d52b8313b0004','1.0','Measurement Period','1','23',NULL,NULL,'2','8ae458ab2d52b79c012d52b82ef90001','22','1.0','60',NULL),('8ae458ab2d52b79c012d52b832070006','1.0','Measurement Start Date','1','24',NULL,NULL,'2','8ae458ab2d52b79c012d52b82ef90001','22','1.0','60',NULL),('8ae458ab2d52b79c012d52b833010008','1.0','Measurement End Date','1','25',NULL,NULL,'2','8ae458ab2d52b79c012d52b82ef90001','22','1.0','60',NULL),('8ae458ab2d579114012d579238c40001','Grouping','group test ttp162','2','26','','','1','8ae458ab2ceb6182012ceb88bf0a0001','1','Grouping','68','8ae458ab2ceb6182012ceb8c4b060008'),('8ae458ab2d5c723c012d5c831cd20017','1','diagnostic','4','30','','','2','8ae458ab2ceb6182012ceb88bf0a0001','6','1','17','8ae458ab2ceb6182012ceb8c4b060008'),('8ae458ab2d5c723c012d5c834e530019','1','Lab','4','31','','','1','8ae458ab2ceb6182012ceb88bf0a0001','11','1','33','8ae458ab2ceb6182012ceb8c4b060008'),('8ae458ab2d5c723c012d5c84b46f0020','1','communication','5','32','','','1','8ae458ab2ceb6182012ceb88bf0a0001','3','1','8','8ae458ab2ceb6182012ceb8c4b060008'),('8ae458ab2d5c723c012d5c84f09e0022','1','device','6','33','','','1','8ae458ab2ceb6182012ceb88bf0a0001','5','1','14','8ae458ab2ceb6182012ceb8c4b060008'),('8ae458ab2d5c723c012d5c8538950024','1','medication','27','34','','','1','8ae458ab2ceb6182012ceb88bf0a0001','12','1','35','8ae458ab2ceb6182012ceb8c4b060008'),('8ae458ab2d5c723c012d5c8587af0026','1','physical exam','3','35','','','1','8ae458ab2ceb6182012ceb88bf0a0001','14','1','39','8ae458ab2ceb6182012ceb8c4b060008'),('8ae458ab2d5c723c012d5c85cfc50028','1','procedure','13','36','','','1','8ae458ab2ceb6182012ceb88bf0a0001','16','1','44','8ae458ab2ceb6182012ceb8c4b060008'),('8ae458ab2d5c723c012d5c860916002a','1','substance','7','37','','','1','8ae458ab2ceb6182012ceb88bf0a0001','18','1','51','8ae458ab2ceb6182012ceb8c4b060008'),('8ae458ab2d61536e012d615975bc0033','1','Measurement Period','1','38',NULL,NULL,'2','8ae458ab2d61536e012d615973c80030','22','1','60',NULL),('8ae458ab2d61536e012d615976b60035','1','Measurement Start Date','1','39',NULL,NULL,'2','8ae458ab2d61536e012d615973c80030','22','1','60',NULL),('8ae458ab2d61536e012d615977a00037','1','Measurement End Date','1','40',NULL,NULL,'2','8ae458ab2d61536e012d615973c80030','22','1','60',NULL),('8ae458ab2d665094012d6651a18c0001','1','I own this one','1','41','','','1','8ae458ab2d52b79c012d52b82ef90001','3','1','7','8ae458ab2d619764012d619c95ea0001'),('8ae458ab2d668c4f012d6693129e0004','1','cl for editable share','2','42','','','2','8ae458ab2ceb6182012ceb88bf0a0001','1','1','1','8ae458ab2ceb6182012ceb8c4b060008'),('8ae458ab2d668c4f012d66936c770006','Grouping','gcl for editable share','2','43','','','2','8ae458ab2ceb6182012ceb88bf0a0001','1','Grouping','68','8ae458ab2ceb6182012ceb8c4b060008'),('8ae458ab2d670c40012d67108a75001e','1','applied to editable 2','1','44','','','1','8ae458ab2ceb6182012ceb88bf0a0001','1','1','1','8ae458ab2ceb6182012ceb8c4b060008');
/*!40000 ALTER TABLE `list_object` ENABLE KEYS */;
UNLOCK TABLES;

--
-- Table structure for table `list_object_oid_gen`
--

DROP TABLE IF EXISTS `list_object_oid_gen`;
/*!40101 SET @saved_cs_client     = @@character_set_client */;
/*!40101 SET character_set_client = utf8 */;
CREATE TABLE `list_object_oid_gen` (
  `LIST_OBJECT_OID_GEN_ID` bigint(20) NOT NULL AUTO_INCREMENT,
  PRIMARY KEY (`LIST_OBJECT_OID_GEN_ID`)
) ENGINE=InnoDB AUTO_INCREMENT=45 DEFAULT CHARSET=latin1;
/*!40101 SET character_set_client = @saved_cs_client */;

--
-- Dumping data for table `list_object_oid_gen`
--

LOCK TABLES `list_object_oid_gen` WRITE;
/*!40000 ALTER TABLE `list_object_oid_gen` DISABLE KEYS */;
INSERT INTO `list_object_oid_gen` VALUES (1),(2),(3),(4),(5),(6),(9),(10),(11),(12),(13),(14),(15),(16),(17),(18),(19),(20),(21),(22),(23),(24),(25),(26),(27),(28),(29),(30),(31),(32),(33),(34),(35),(36),(37),(38),(39),(40),(41),(42),(43),(44);
/*!40000 ALTER TABLE `list_object_oid_gen` ENABLE KEYS */;
UNLOCK TABLES;

--
-- Table structure for table `measure`
--

DROP TABLE IF EXISTS `measure`;
/*!40101 SET @saved_cs_client     = @@character_set_client */;
/*!40101 SET character_set_client = utf8 */;
CREATE TABLE `measure` (
  `ID` varchar(64) NOT NULL,
  `MEASURE_OWNER_ID` varchar(40) NOT NULL,
  `ABBR_NAME` varchar(45) DEFAULT NULL,
  `DESCRIPTION` varchar(2000) DEFAULT NULL,
  `VERSION` varchar(32) DEFAULT NULL,
  `MEASURE_STATUS` varchar(32) DEFAULT NULL,
  `EXPORT_TS` timestamp NULL DEFAULT NULL,
  PRIMARY KEY (`ID`),
  KEY `MEASURE_OWNER_FK` (`MEASURE_OWNER_ID`),
  CONSTRAINT `MEASURE_OWNER_FK` FOREIGN KEY (`MEASURE_OWNER_ID`) REFERENCES `user` (`USER_ID`) ON DELETE CASCADE ON UPDATE CASCADE
) ENGINE=InnoDB DEFAULT CHARSET=latin1;
/*!40101 SET character_set_client = @saved_cs_client */;

--
-- Dumping data for table `measure`
--

LOCK TABLES `measure` WRITE;
/*!40000 ALTER TABLE `measure` DISABLE KEYS */;
INSERT INTO `measure` VALUES ('8ae44ffa2d7c276c012d7c29d902003c','8ae458ab2ceb6182012ceb88bf0a0001','status test','new measure status test',NULL,NULL,NULL),('8ae44ffa2d7fae70012d7fb0aa8e003d','8ae458ab2ceb6182012ceb88bf0a0001','empty measure','empty measure',NULL,'Complete',NULL),('8ae44ffa2d804ba7012d804cf6390001','8ae458ab2ceb6182012ceb88bf0a0001','clone short name2','clone short name test',NULL,'Complete',NULL),('8ae44ffa2d804ba7012d80f8651d00dc','8ae458ab2ceb6182012ceb88bf0a0001','a','a',NULL,'In Progress',NULL),('8ae44ffa2d9fc0ec012d9fc1fb390001','8ae458ab2ceb6182012ceb88bf0a0001','sign out test','sign out test',NULL,NULL,NULL),('8ae458ab2ceb6182012ceb8c4b060008','8ae458ab2ceb6182012ceb88bf0a0001','My Measure','My Measure',NULL,'Complete','2011-01-20 19:26:28'),('8ae458ab2d575549012d5756765a0001','8ae458ab2ceb6182012ceb88bf0a0001','clone my measure','clone my measure',NULL,NULL,NULL),('8ae458ab2d5757cb012d575948cc0001','8ae458ab2ceb6182012ceb88bf0a0001','clone 2','clone 2',NULL,NULL,NULL),('8ae458ab2d619764012d619c95ea0001','8ae458ab2d52b79c012d52b82ef90001','asdf','asdf sadlfkj asdfljk asdfljka asdfj asdf sadlfkj asdfljk asdfljka asdfj asdf sadlfkj asdfljk asdfljka asdfj asdf sadlfkj asdfljk asdfljka asdfj asdf sadlfkj asdfljk asdfljka asdfj asdf sadlfkj asdfljk asdfljka asdfj ',NULL,NULL,NULL),('8ae458ab2d668c4f012d6692dbed0002','8ae458ab2ceb6182012ceb88bf0a0001','editable share','editable share',NULL,NULL,NULL);
/*!40000 ALTER TABLE `measure` ENABLE KEYS */;
UNLOCK TABLES;

--
-- Table structure for table `measure_export`
--

DROP TABLE IF EXISTS `measure_export`;
/*!40101 SET @saved_cs_client     = @@character_set_client */;
/*!40101 SET character_set_client = utf8 */;
CREATE TABLE `measure_export` (
  `MEASURE_EXPORT_ID` varchar(64) NOT NULL,
  `MEASURE_ID` varchar(64) NOT NULL,
  `SIMPLE_XML` longtext NOT NULL,
  PRIMARY KEY (`MEASURE_EXPORT_ID`),
  KEY `MEASURE_EXPORT_ID_MEASURE_FK` (`MEASURE_ID`),
  CONSTRAINT `MEASURE_EXPORT_ID_MEASURE_FK` FOREIGN KEY (`MEASURE_ID`) REFERENCES `measure` (`ID`) ON DELETE CASCADE ON UPDATE CASCADE
) ENGINE=InnoDB DEFAULT CHARSET=latin1;
/*!40101 SET character_set_client = @saved_cs_client */;

--
-- Dumping data for table `measure_export`
--

LOCK TABLES `measure_export` WRITE;
/*!40000 ALTER TABLE `measure_export` DISABLE KEYS */;
INSERT INTO `measure_export` VALUES ('8ae458ab2d56864b012d568e85500002','8ae458ab2ceb6182012ceb8c4b060008','<measure>\n  <headers>\n    <uuid>\n      69d00d26-15db-488d-a0a8-796f75158220\n    </uuid>\n    <title>\n      My Measure\n    </title>\n    <period uuid=\"3558ae2b-dddb-44a6-9d7e-7434d792c151\">\n      <startdate uuid=\"9e59f265-f95e-474a-8105-7d70812fc63c\">\n        \n      </startdate>\n      <stopdate uuid=\"68eee16c-cce5-42fb-9bf0-b8d87c355538\">\n        \n      </stopdate>\n      <duration unit=\"QTR\">\n        1\n      </duration>\n    </period>\n    <description>\n      13:27:48,318 DEBUG btpool0-2 web.FilterChainProxy:339 - /mat/package reached end of additional filter chain; proceeding with original chain\n13:27:48,318  INFO btpool0-2 server.HibernateStatisticsFilter:35 - Requesting /mat/package in session 1hpa7ttkjcyxi\nHibernate: select this_.ID as ID4_0_, this_.NAME as NAME4_0_, this_.DESCRIPTION as DESCRIPT3_4_0_, this_.MEASURE_ID as MEASURE4_4_0_, this_.CONTEXT_ID as CONTEXT5_4_0_, this_.DECISION_ID as DECISION6_4_0_, this_.CLAUSE_TYPE_ID as CLAUSE7_4_0_, this_.STATUS_ID as STATUS8_4_0_, this_.VERSION as VERSION4_0_ from MAT_APP.CLAUSE this_ where this_.MEASURE_ID=?\nHibernate: select this_.PACKAGER_ID as PACKAGER1_24_3_, this_.MEASURE_ID as MEASURE2_24_3_, this_.CLAUSE_ID as CLAUSE3_24_3_, this_.SEQUENCE as SEQUENCE24_3_, measure2_.ID as ID14_0_, measure2_.ABBR_NAME as ABBR2_14_0_, measure2_.DESCRIPTION as DESCRIPT3_14_0_, measure2_.VERSION as VERSION14_0_, measure2_.MEASURE_STATUS as MEASURE5_14_0_, measure2_.MEASURE_OWNER_ID as MEASURE6_14_0_, measure2_.EXPORT_TS as EXPORT7_14_0_, user3_.USER_ID as USER1_13_1_, user3_.FIRST_NAME as FIRST2_13_1_, user3_.MIDDLE_INITIAL as MIDDLE9_13_1_, user3_.LAST_NAME as LAST10_13_1_, user3_.EMAIL_ADDRESS as EMAIL8_13_1_, user3_.PHONE_NO as PHONE11_13_1_, user3_.TITLE as TITLE13_1_, user3_.TERMINATION_DATE as TERMINA13_13_1_, user3_.ACTIVATION_DATE as ACTIVATION14_13_1_, user3_.SIGN_IN_DATE as SIGN5_13_1_, user3_.SIGN_OUT_DATE as SIGN6_13_1_, user3_.LOCKED_OUT_DATE as LOCKED7_13_1_, user3_.ORGANIZATION_NAME as ORGANIZ15_13_1_, user3_.ORG_OID as ORG16_13_1_, user3_.ROOT_OID as ROOT17_13_1_, user3_.STATUS_ID as STATUS4_13_1_, user3_.AUDIT_ID as AUDIT18_13_1_, user3_.SECURITY_ROLE_ID as SECURITY3_13_1_, clause4_.ID as ID4_2_, clause4_.NAME as NAME4_2_, clause4_.DESCRIPTION as DESCRIPT3_4_2_, clause4_.MEASURE_ID as MEASURE4_4_2_, clause4_.CONTEXT_ID as CONTEXT5_4_2_, clause4_.DECISION_ID as DECISION6_4_2_, clause4_.CLAUSE_TYPE_ID as CLAUSE7_4_2_, clause4_.STATUS_ID as STATUS8_4_2_, clause4_.VERSION as VERSION4_2_ from MAT_APP.PACKAGER this_ left outer join MAT_APP.MEASURE measure2_ on this_.MEASURE_ID=measure2_.ID left outer join MAT_APP.USER user3_ on measure2_.MEASURE_OWNER_ID=user3_.USER_ID left outer join MAT_APP.CLAUSE clause4_ on this_.CLAUSE_ID=clause4_.ID where lower(this_.MEASURE_ID)=?\nHibernate: select userpasswo0_.USER_PASSWORD_ID as USER1_37_3_, userpasswo0_.USER_ID as USER2_37_3_, userpasswo0_.PWD_LOCK_COUNTER as PWD3_37_3_, userpasswo0_.FIRST_FAILED_ATTEMPT_TIME as FIRST4_37_3_, userpasswo0_.FORGOT_PWD_LOCK_COUNTER as FORGOT5_37_3_, userpasswo0_.PASSWORD as PASSWORD37_3_, userpasswo0_.SALT as SALT37_3_, userpasswo0_.INITIAL_PWD as INITIAL8_37_3_, userpasswo0_.TEMP_PWD as TEMP9_37_3_, userpasswo0_.CREATE_DATE as CREATE10_37_3_, user1_.USER_ID as USER1_13_0_, user1_.FIRST_NAME as FIRST2_13_0_, user1_.MIDDLE_INITIAL as MIDDLE9_13_0_, user1_.LAST_NAME as LAST10_13_0_, user1_.EMAIL_ADDRESS as EMAIL8_13_0_, user1_.PHONE_NO as PHONE11_13_0_, user1_.TITLE as TITLE13_0_, user1_.TERMINATION_DATE as TERMINA13_13_0_, user1_.ACTIVATION_DATE as ACTIVATION14_13_0_, user1_.SIGN_IN_DATE as SIGN5_13_0_, user1_.SIGN_OUT_DATE as SIGN6_13_0_, user1_.LOCKED_OUT_DATE as LOCKED7_13_0_, user1_.ORGANIZATION_NAME as ORGANIZ15_13_0_, user1_.ORG_OID as ORG16_13_0_, user1_.ROOT_OID as ROOT17_13_0_, user1_.STATUS_ID as STATUS4_13_0_, user1_.AUDIT_ID as AUDIT18_13_0_, user1_.SECURITY_ROLE_ID as SECURITY3_13_0_, status2_.STATUS_ID as STATUS1_34_1_, status2_.DESCRIPTION as DESCRIPT2_34_1_, securityro3_.SECURITY_ROLE_ID as SECURITY1_31_2_, securityro3_.DESCRIPTION as DESCRIPT2_31_2_ from MAT_APP.USER_PASSWORD userpasswo0_ left outer join MAT_APP.USER user1_ on userpasswo0_.USER_ID=user1_.USER_ID left outer join MAT_APP.STATUS status2_ on user1_.STATUS_ID=status2_.STATUS_ID left outer join MAT_APP.SECURITY_ROLE securityro3_ on user1_.SECURITY_ROLE_ID=securityro3_.SECURITY_ROLE_ID where userpasswo0_.USER_ID=?\n13:27:48,365 DEBUG btpool0-2 access.ExceptionTranslationFilter:100 - Chain processed normally\n13:27:48,365 DEBUG btpool0-2 context.SecurityContextPersistenceFilter:89 - SecurityContextHolder now cleared, as request processing completed\nHibernate: delete from MAT_APP.METADATA where METADATA_ID in (? , ? , ? , ? , ? , ? , ? , ? , ? , ? , ? , ? , ? , ? , ? , ? , ? , ? , ? , ? , ? , ? , ? , ? , ? , ? , ? , ? , ? , ? , ? , ? , ? , ? , ? , ? , ? , ? , ? , ? , ? , ? , ? , ?)\nDeleted Row: 44\nHibernate: insert into MAT_APP.METADATA (NAME, VALUE, MEASURE_ID, METADATA_ID) values (?, ?, ?, ?)\nHibernate: insert into MAT_APP.METADATA (NAME, VALUE, MEASURE_ID, METADATA_ID) values (?, ?, ?, ?)\nHibernate: insert into MAT_APP.METADATA (NAME, VALUE, MEASURE_ID, METADATA_ID) values (?, ?, ?, ?)\nHibernate: insert into MAT_APP.METADATA (NAME, VALUE, MEASURE_ID, METADATA_ID) values (?, ?, ?, ?)\nHibernate: insert into MAT_APP.METADATA (NAME, VALUE, MEASURE_ID, METADATA_ID) values (?, ?, ?, ?)\nHibernate: insert into MAT_APP.METADATA (NAME, VALUE, MEASURE_ID, METADATA_ID) values (?, ?, ?, ?)\nHibernate: insert into MAT_APP.METADATA (NAME, VALUE, MEASURE_ID, METADATA_ID) values (?, ?, ?, ?)\nHibernate: insert into MAT_APP.METADATA (NAME, VALUE, MEASURE_ID, METADATA_ID) values (?, ?, ?, ?)\nHibernate: insert into MAT_APP.METADATA (NAME, VALUE, MEASURE_ID, METADATA_ID) values (?, ?, ?, ?)\nHibernate: insert into MAT_APP.METADATA (NAME, VALUE, MEASURE_ID, METADATA_ID) values (?, ?, ?, ?)\nHibernate: insert into MAT_APP.METADATA (NAME, VALUE, MEASURE_ID, METADATA_ID) values (?, ?, ?, ?)\nHibernate: insert into MAT_APP.METADATA (NAME, VALUE, MEASURE_ID, METADATA_ID) values (?, ?, ?, ?)\nHibernate: insert into MAT_APP.METADATA (NAME, VALUE, MEASURE_ID, METADATA_ID) values (?, ?, ?, ?)\nHibernate: insert into MAT_APP.METADATA (NAME, VALUE, MEASURE_ID, METADATA_ID) values (?, ?, ?, ?)\nHibernate: insert into MAT_APP.METADATA (NAME, VALUE, MEASURE_ID, METADATA_ID) values (?, ?, ?, ?)\nHibernate: insert into MAT_APP.METADATA (NAME, VALUE, MEASURE_ID, METADATA_ID) values (?, ?, ?, ?)\nHibernate: insert into MAT_APP.METADATA (NAME, VALUE, MEASURE_ID, METADATA_ID) values (?, ?, ?, ?)\nHibernate: insert into MAT_APP.METADATA (NAME, VALUE, MEASURE_ID, METADATA_ID) values (?, ?, ?, ?)\nHibernate: insert into MAT_APP.METADATA (NAME, VALUE, MEASURE_ID, METADATA_ID) values (?, ?, ?, ?)\nHibernate: insert into MAT_APP.METADATA (NAME, VALUE, MEASURE_ID, METADATA_ID) values (?, ?, ?, ?)\nHibernate: insert into MAT_APP.METADATA (NAME, VALUE, MEASURE_ID, METADATA_ID) values (?, ?, ?, ?)\nHibernate: insert into MAT_APP.METADATA (NAME, VALUE, MEASURE_ID, METADATA_ID) values (?, ?, ?, ?)\nHibernate: insert into MAT_APP.METADATA (NAME, VALUE, MEASURE_ID, METADATA_ID) values (?, ?, ?, ?)\nHibernate: insert into MAT_APP.METADATA (NAME, VALUE, MEASURE_ID, METADATA_ID) values (?, ?, ?, ?)\nHibernate: insert into MAT_APP.METADATA (NAME, VALUE, MEASURE_ID, METADATA_ID) values (?, ?, ?, ?)\nHibernate: insert into MAT_APP.METADATA (NAME, VALUE, MEASURE_ID, METADATA_ID) values (?, ?, ?, ?)\nHibernate: insert into MAT_APP.METADATA (NAME, VALUE, MEASURE_ID, METADATA_ID) values (?, ?, ?, ?)\nHibernate: insert into MAT_APP.METADATA (NAME, VALUE, MEASURE_ID, METADATA_ID) values (?, ?, ?, ?)\nHibernate: insert into MAT_APP.METADATA (NAME, VALUE, MEASURE_ID, METADATA_ID) values (?, ?, ?, ?)\nHibernate: insert into MAT_APP.METADATA (NAME, VALUE, MEASURE_ID, METADATA_ID) values (?, ?, ?, ?)\nHibernate: insert into MAT_APP.METADATA (NAME, VALUE, MEASURE_ID, METADATA_ID) values (?, ?, ?, ?)\nHibernate: insert into MAT_APP.METADATA (NAME, VALUE, MEASURE_ID, METADATA_ID) values (?, ?, ?, ?)\nHibernate: insert into MAT_APP.METADATA (NAME, VALUE, MEASURE_ID, METADATA_ID) values (?, ?, ?, ?)\nHibernate: insert into MAT_APP.METADATA (NAME, VALUE, MEASURE_ID, METADATA_ID) values (?, ?, ?, ?)\nHibernate: insert into MAT_APP.METADATA (NAME, VALUE, MEASURE_ID, METADATA_ID) values (?, ?, ?, ?)\nHibernate: insert into MAT_APP.METADATA (NAME, VALUE, MEASURE_ID, METADATA_ID) values (?, ?, ?, ?)\nHibernate: insert into MAT_APP.METADATA (NAME, VALUE, MEASURE_ID, METADATA_ID) values (?, ?, ?, ?)\nHibernate: insert into MAT_APP.METADATA (NAME, VALUE, MEASURE_ID, METADATA_ID) values (?, ?, ?, ?)\nHibernate: insert into MAT_APP.METADATA (NAME, VALUE, MEASURE_ID, METADATA_ID) values (?, ?, ?, ?)\nHibernate: insert into MAT_APP.METADATA (NAME, VALUE, MEASURE_ID, METADATA_ID) values (?, ?, ?, ?)\nHibernate: insert into MAT_APP.METADATA (NAME, VALUE, MEASURE_ID, METADATA_ID) values (?, ?, ?, ?)\nHibernate: insert into MAT_APP.METADATA (NAME, VALUE, MEASURE_ID, METADATA_ID) values (?, ?, ?, ?)\nHibernate: insert into MAT_APP.METADATA (NAME, VALUE, MEASURE_ID, METADATA_ID) values (?, ?, ?, ?)\nHibernate: insert into MAT_APP.METADATA (NAME, VALUE, MEASURE_ID, METADATA_ID) values (?, ?, ?, ?)\nHibernate: select this_.METADATA_ID as METADATA1_20_2_, this_.NAME as NAME20_2_, this_.VALUE as VALUE20_2_, this_.MEASURE_ID as MEASURE4_20_2_, measure2_.ID as ID14_0_, measure2_.ABBR_NAME as ABBR2_14_0_, measure2_.DESCRIPTION as DESCRIPT3_14_0_, measure2_.VERSION as VERSION14_0_, measure2_.MEASURE_STATUS as MEASURE5_14_0_, measure2_.MEASURE_OWNER_ID as MEASURE6_14_0_, measure2_.EXPORT_TS as EXPORT7_14_0_, user3_.USER_ID as USER1_13_1_, user3_.FIRST_NAME as FIRST2_13_1_, user3_.MIDDLE_INITIAL as MIDDLE9_13_1_, user3_.LAST_NAME as LAST10_13_1_, user3_.EMAIL_ADDRESS as EMAIL8_13_1_, user3_.PHONE_NO as PHONE11_13_1_, user3_.TITLE as TITLE13_1_, user3_.TERMINATION_DATE as TERMINA13_13_1_, user3_.ACTIVATION_DATE as ACTIVATION14_13_1_, user3_.SIGN_IN_DATE as SIGN5_13_1_, user3_.SIGN_OUT_DATE as SIGN6_13_1_, user3_.LOCKED_OUT_DATE as LOCKED7_13_1_, user3_.ORGANIZATION_NAME as ORGANIZ15_13_1_, user3_.ORG_OID as ORG16_13_1_, user3_.ROOT_OID as ROOT17_13_1_, user3_.STATUS_ID as STATUS4_13_1_, user3_.AUDIT_ID as AUDIT18_13_1_, user3_.SECURITY_ROLE_ID as SECURITY3_13_1_ from MAT_APP.METADATA this_ left outer join MAT_APP.MEASURE measure2_ on this_.MEASURE_ID=measure2_.ID left outer join MAT_APP.USER user3_ on measure2_.MEASURE_OWNER_ID=user3_.USER_ID where this_.MEASURE_ID=?\n1\n13:27:48,630 DEBUG btpool0-3 access.ExceptionTranslationFilter:100 - Chain processed normally\n13:27:48,630 DEBUG btpool0-3 context.SecurityContextPersistenceFilter:89 - SecurityContextHolder now cleared, as request processing completed\n13:27:49,443 DEBUG btpool0-3 web.FilterChainProxy:175 - Converted URL to lowercase, from: &apos;/mat/measurelibrary&apos;; to: &apos;/mat/measurelibrary&apos;\n13:27:49,443 DEBUG btpool0-3 web.FilterChainProxy:182 - Candidate is: &apos;/mat/measurelibrary&apos;; pattern is /**; matched=true\n13:27:49,443 DEBUG btpool0-3 web.FilterChainProxy:350 - /mat/measureLibrary at position 1 of 11 in additional filter chain; firing Filter: &apos;org.springframework.security.web.session.ConcurrentSessionFilter@fff76a&apos;\n13:27:49,443 DEBUG btpool0-3 web.FilterChainProxy:350 - /mat/measureLibrary at position 2 of 11 in additional filter chain; firing Filter: &apos;org.springframework.security.web.context.SecurityContextPersistenceFilter@cc7ed2&apos;\n13:27:49,443 DEBUG btpool0-3 context.HttpSessionSecurityContextRepository:165 - Obtained a valid SecurityContext from SPRING_SECURITY_CONTEXT: &apos;org.springframework.security.core.context.SecurityContextImpl@445d025b: Authentication: org.springframework.security.authentication.UsernamePasswordAuthenticationToken@445d025b: Principal: 8ae458ab2ceb6182012ceb88bf0a0001; Credentials: [PROTECTED]; Authenticated: true; Details: null; Granted Authorities: Super user&apos;\n13:27:49,443 DEBUG btpool0-3 web.FilterChainProxy:350 - /mat/measureLibrary at position 3 of 11 in additional filter chain; firing Filter: &apos;mat.server.PreventCachingFilter@1126c79&apos;\n13:27:49,443 DEBUG btpool0-3 web.FilterChainProxy:350 - /mat/measureLibrary at position 4 of 11 in additional filter chain; firing Filter: &apos;org.springframework.security.web.authentication.logout.LogoutFilter@8f8096&apos;\n13:27:49,443 DEBUG btpool0-3 web.FilterChainProxy:350 - /mat/measureLibrary at position 5 of 11 in additional filter chain; firing Filter: &apos;org.springframework.security.web.authentication.UsernamePasswordAuthenticationFilter@1430472&apos;\n13:27:49,443 DEBUG btpool0-3 web.FilterChainProxy:350 - /mat/measureLibrary at position 6 of 11 in additional filter chain; firing Filter: &apos;org.springframework.security.web.savedrequest.RequestCacheAwareFilter@d91483&apos;\n13:27:49,443 DEBUG btpool0-3 web.FilterChainProxy:350 - /mat/measureLibrary at position 7 of 11 in additional filter chain; firing Filter: &apos;org.springframework.security.web.servletapi.SecurityContextHolderAwareRequestFilter@1d1a5ea&apos;\n13:27:49,443 DEBUG btpool0-3 web.FilterChainProxy:350 - /mat/measureLibrary at position 8 of 11 in additional filter chain; firing Filter: &apos;org.springframework.security.web.authentication.AnonymousAuthenticationFilter@7d7d9a&apos;\n13:27:49,443 DEBUG btpool0-3 authentication.AnonymousAuthenticationFilter:72 - SecurityContextHolder not populated with anonymous token, as it already contained: &apos;org.springframework.security.authentication.UsernamePasswordAuthenticationToken@445d025b: Principal: 8ae458ab2ceb6182012ceb88bf0a0001; Credentials: [PROTECTED]; Authenticated: true; Details: null; Granted Authorities: Super user&apos;\n13:27:49,443 DEBUG btpool0-3 web.FilterChainProxy:350 - /mat/measureLibrary at position 9 of 11 in additional filter chain; firing Filter: &apos;org.springframework.security.web.session.SessionManagementFilter@c137df&apos;\n13:27:49,443 DEBUG btpool0-3 web.FilterChainProxy:350 - /mat/measureLibrary at position 10 of 11 in additional filter chain; firing Filter: &apos;org.springframework.security.web.access.ExceptionTranslationFilter@13da8bc&apos;\n13:27:49,443 DEBUG btpool0-3 web.FilterChainProxy:350 - /mat/measureLibrary at position 11 of 11 in additional filter chain; firing Filter: &apos;org.springframework.security.web.access.intercept.FilterSecurityInterceptor@110e7e5&apos;\n13:27:49,443 DEBUG btpool0-3 expression.ExpressionBasedFilterInvocationSecurityMetadataSource:173 - Converted URL to lowercase, from: &apos;/mat/measurelibrary&apos;; to: &apos;/mat/measurelibrary&apos;\n13:27:49,443 DEBUG btpool0-3 expression.ExpressionBasedFilterInvocationSecurityMetadataSource:200 - Candidate is: &apos;/mat/measurelibrary&apos;; pattern is /mat.html; matched=false\n13:27:49,443 DEBUG btpool0-3 intercept.FilterSecurityInterceptor:182 - Public object - authentication not attempted\n13:27:49,443 DEBUG btpool0-3 web.FilterChainProxy:339 - /mat/measureLibrary reached end of additional filter chain; proceeding with original chain\n13:27:49,443  INFO btpool0-3 server.HibernateStatisticsFilter:35 - Requesting /mat/measureLibrary in session 1hpa7ttkjcyxi\nHibernate: select measure0_.ID as ID14_4_, measure0_.ABBR_NAME as ABBR2_14_4_, measure0_.DESCRIPTION as DESCRIPT3_14_4_, measure0_.VERSION as VERSION14_4_, measure0_.MEASURE_STATUS as MEASURE5_14_4_, measure0_.MEASURE_OWNER_ID as MEASURE6_14_4_, measure0_.EXPORT_TS as EXPORT7_14_4_, user1_.USER_ID as USER1_13_0_, user1_.FIRST_NAME as FIRST2_13_0_, user1_.MIDDLE_INITIAL as MIDDLE9_13_0_, user1_.LAST_NAME as LAST10_13_0_, user1_.EMAIL_\n    </description>\n    <setid>\n      123\n    </setid>\n    <version>\n      12\n    </version>\n    <status>\n      Complete\n    </status>\n    <authors>\n      <author id=\"bac86871-938f-4893-b480-0c37c4105117\">\n        3M Health Information Systems\n      </author>\n    </authors>\n    <custodian id=\"84e2549e-7196-4558-8a70-5969c03bfb42\">\n      ACC/AHA Task Force on Performance Measures\n    </custodian>\n    <verifiers>\n      <verifiers>\n        None\n      </verifiers>\n    </verifiers>\n    <scores>\n      <score id=\"scoreID\">\n        Proportion\n      </score>\n    </scores>\n    <types>\n      <type id=\"measureTypeId\">\n        Access\n      </type>\n      <type id=\"measureTypeId\">\n        Composite\n      </type>\n      <type id=\"measureTypeId\">\n        Composite\n      </type>\n      <type id=\"measureTypeId\">\n        Composite\n      </type>\n      <type id=\"measureTypeId\">\n        Composite\n      </type>\n      <type id=\"measureTypeId\">\n        Composite\n      </type>\n      <type id=\"measureTypeId\">\n        Composite\n      </type>\n      <type id=\"measureTypeId\">\n        Composite\n      </type>\n      <type id=\"measureTypeId\">\n        Composite\n      </type>\n      <type id=\"measureTypeId\">\n        Composite\n      </type>\n      <type id=\"measureTypeId\">\n        Composite\n      </type>\n      <type id=\"measureTypeId\">\n        Composite\n      </type>\n      <type id=\"measureTypeId\">\n        Composite\n      </type>\n      <type id=\"measureTypeId\">\n        Composite\n      </type>\n      <type id=\"measureTypeId\">\n        Composite\n      </type>\n      <type id=\"measureTypeId\">\n        Composite\n      </type>\n      <type id=\"measureTypeId\">\n        Composite\n      </type>\n      <type id=\"measureTypeId\">\n        Composite\n      </type>\n      <type id=\"measureTypeId\">\n        Composite\n      </type>\n      <type id=\"measureTypeId\">\n        Composite\n      </type>\n      <type id=\"measureTypeId\">\n        Composite\n      </type>\n      <type id=\"measureTypeId\">\n        Composite\n      </type>\n      <type id=\"measureTypeId\">\n        Composite\n      </type>\n      <type id=\"measureTypeId\">\n        Composite\n      </type>\n      <type id=\"measureTypeId\">\n        Composite\n      </type>\n    </types>\n    <stratification>\n      13:27:48,318 DEBUG btpool0-2 web.FilterChainProxy:339 - /mat/package reached end of additional filter chain; proceeding with original chain\n13:27:48,318  INFO btpool0-2 server.HibernateStatisticsFilter:35 - Requesting /mat/package in session 1hpa7ttkjcyxi\nHibernate: select this_.ID as ID4_0_, this_.NAME as NAME4_0_, this_.DESCRIPTION as DESCRIPT3_4_0_, this_.MEASURE_ID as MEASURE4_4_0_, this_.CONTEXT_ID as CONTEXT5_4_0_, this_.DECISION_ID as DECISION6_4_0_, this_.CLAUSE_TYPE_ID as CLAUSE7_4_0_, this_.STATUS_ID as STATUS8_4_0_, this_.VERSION as VERSION4_0_ from MAT_APP.CLAUSE this_ where this_.MEASURE_ID=?\nHibernate: select this_.PACKAGER_ID as PACKAGER1_24_3_, this_.MEASURE_ID as MEASURE2_24_3_, this_.CLAUSE_ID as CLAUSE3_24_3_, this_.SEQUENCE as SEQUENCE24_3_, measure2_.ID as ID14_0_, measure2_.ABBR_NAME as ABBR2_14_0_, measure2_.DESCRIPTION as DESCRIPT3_14_0_, measure2_.VERSION as VERSION14_0_, measure2_.MEASURE_STATUS as MEASURE5_14_0_, measure2_.MEASURE_OWNER_ID as MEASURE6_14_0_, measure2_.EXPORT_TS as EXPORT7_14_0_, user3_.USER_ID as USER1_13_1_, user3_.FIRST_NAME as FIRST2_13_1_, user3_.MIDDLE_INITIAL as MIDDLE9_13_1_, user3_.LAST_NAME as LAST10_13_1_, user3_.EMAIL_ADDRESS as EMAIL8_13_1_, user3_.PHONE_NO as PHONE11_13_1_, user3_.TITLE as TITLE13_1_, user3_.TERMINATION_DATE as TERMINA13_13_1_, user3_.ACTIVATION_DATE as ACTIVATION14_13_1_, user3_.SIGN_IN_DATE as SIGN5_13_1_, user3_.SIGN_OUT_DATE as SIGN6_13_1_, user3_.LOCKED_OUT_DATE as LOCKED7_13_1_, user3_.ORGANIZATION_NAME as ORGANIZ15_13_1_, user3_.ORG_OID as ORG16_13_1_, user3_.ROOT_OID as ROOT17_13_1_, user3_.STATUS_ID as STATUS4_13_1_, user3_.AUDIT_ID as AUDIT18_13_1_, user3_.SECURITY_ROLE_ID as SECURITY3_13_1_, clause4_.ID as ID4_2_, clause4_.NAME as NAME4_2_, clause4_.DESCRIPTION as DESCRIPT3_4_2_, clause4_.MEASURE_ID as MEASURE4_4_2_, clause4_.CONTEXT_ID as CONTEXT5_4_2_, clause4_.DECISION_ID as DECISION6_4_2_, clause4_.CLAUSE_TYPE_ID as CLAUSE7_4_2_, clause4_.STATUS_ID as STATUS8_4_2_, clause4_.VERSION as VERSION4_2_ from MAT_APP.PACKAGER this_ left outer join MAT_APP.MEASURE measure2_ on this_.MEASURE_ID=measure2_.ID left outer join MAT_APP.USER user3_ on measure2_.MEASURE_OWNER_ID=user3_.USER_ID left outer join MAT_APP.CLAUSE clause4_ on this_.CLAUSE_ID=clause4_.ID where lower(this_.MEASURE_ID)=?\nHibernate: select userpasswo0_.USER_PASSWORD_ID as USER1_37_3_, userpasswo0_.USER_ID as USER2_37_3_, userpasswo0_.PWD_LOCK_COUNTER as PWD3_37_3_, userpasswo0_.FIRST_FAILED_ATTEMPT_TIME as FIRST4_37_3_, userpasswo0_.FORGOT_PWD_LOCK_COUNTER as FORGOT5_37_3_, userpasswo0_.PASSWORD as PASSWORD37_3_, userpasswo0_.SALT as SALT37_3_, userpasswo0_.INITIAL_PWD as INITIAL8_37_3_, userpasswo0_.TEMP_PWD as TEMP9_37_3_, userpasswo0_.CREATE_DATE as CREATE10_37_3_, user1_.USER_ID as USER1_13_0_, user1_.FIRST_NAME as FIRST2_13_0_, user1_.MIDDLE_INITIAL as MIDDLE9_13_0_, user1_.LAST_NAME as LAST10_13_0_, user1_.EMAIL_ADDRESS as EMAIL8_13_0_, user1_.PHONE_NO as PHONE11_13_0_, user1_.TITLE as TITLE13_0_, user1_.TERMINATION_DATE as TERMINA13_13_0_, user1_.ACTIVATION_DATE as ACTIVATION14_13_0_, user1_.SIGN_IN_DATE as SIGN5_13_0_, user1_.SIGN_OUT_DATE as SIGN6_13_0_, user1_.LOCKED_OUT_DATE as LOCKED7_13_0_, user1_.ORGANIZATION_NAME as ORGANIZ15_13_0_, user1_.ORG_OID as ORG16_13_0_, user1_.ROOT_OID as ROOT17_13_0_, user1_.STATUS_ID as STATUS4_13_0_, user1_.AUDIT_ID as AUDIT18_13_0_, user1_.SECURITY_ROLE_ID as SECURITY3_13_0_, status2_.STATUS_ID as STATUS1_34_1_, status2_.DESCRIPTION as DESCRIPT2_34_1_, securityro3_.SECURITY_ROLE_ID as SECURITY1_31_2_, securityro3_.DESCRIPTION as DESCRIPT2_31_2_ from MAT_APP.USER_PASSWORD userpasswo0_ left outer join MAT_APP.USER user1_ on userpasswo0_.USER_ID=user1_.USER_ID left outer join MAT_APP.STATUS status2_ on user1_.STATUS_ID=status2_.STATUS_ID left outer join MAT_APP.SECURITY_ROLE securityro3_ on user1_.SECURITY_ROLE_ID=securityro3_.SECURITY_ROLE_ID where userpasswo0_.USER_ID=?\n13:27:48,365 DEBUG btpool0-2 access.ExceptionTranslationFilter:100 - Chain processed normally\n13:27:48,365 DEBUG btpool0-2 context.SecurityContextPersistenceFilter:89 - SecurityContextHolder now cleared, as request processing completed\nHibernate: delete from MAT_APP.METADATA where METADATA_ID in (? , ? , ? , ? , ? , ? , ? , ? , ? , ? , ? , ? , ? , ? , ? , ? , ? , ? , ? , ? , ? , ? , ? , ? , ? , ? , ? , ? , ? , ? , ? , ? , ? , ? , ? , ? , ? , ? , ? , ? , ? , ? , ? , ?)\nDeleted Row: 44\nHibernate: insert into MAT_APP.METADATA (NAME, VALUE, MEASURE_ID, METADATA_ID) values (?, ?, ?, ?)\nHibernate: insert into MAT_APP.METADATA (NAME, VALUE, MEASURE_ID, METADATA_ID) values (?, ?, ?, ?)\nHibernate: insert into MAT_APP.METADATA (NAME, VALUE, MEASURE_ID, METADATA_ID) values (?, ?, ?, ?)\nHibernate: insert into MAT_APP.METADATA (NAME, VALUE, MEASURE_ID, METADATA_ID) values (?, ?, ?, ?)\nHibernate: insert into MAT_APP.METADATA (NAME, VALUE, MEASURE_ID, METADATA_ID) values (?, ?, ?, ?)\nHibernate: insert into MAT_APP.METADATA (NAME, VALUE, MEASURE_ID, METADATA_ID) values (?, ?, ?, ?)\nHibernate: insert into MAT_APP.METADATA (NAME, VALUE, MEASURE_ID, METADATA_ID) values (?, ?, ?, ?)\nHibernate: insert into MAT_APP.METADATA (NAME, VALUE, MEASURE_ID, METADATA_ID) values (?, ?, ?, ?)\nHibernate: insert into MAT_APP.METADATA (NAME, VALUE, MEASURE_ID, METADATA_ID) values (?, ?, ?, ?)\nHibernate: insert into MAT_APP.METADATA (NAME, VALUE, MEASURE_ID, METADATA_ID) values (?, ?, ?, ?)\nHibernate: insert into MAT_APP.METADATA (NAME, VALUE, MEASURE_ID, METADATA_ID) values (?, ?, ?, ?)\nHibernate: insert into MAT_APP.METADATA (NAME, VALUE, MEASURE_ID, METADATA_ID) values (?, ?, ?, ?)\nHibernate: insert into MAT_APP.METADATA (NAME, VALUE, MEASURE_ID, METADATA_ID) values (?, ?, ?, ?)\nHibernate: insert into MAT_APP.METADATA (NAME, VALUE, MEASURE_ID, METADATA_ID) values (?, ?, ?, ?)\nHibernate: insert into MAT_APP.METADATA (NAME, VALUE, MEASURE_ID, METADATA_ID) values (?, ?, ?, ?)\nHibernate: insert into MAT_APP.METADATA (NAME, VALUE, MEASURE_ID, METADATA_ID) values (?, ?, ?, ?)\nHibernate: insert into MAT_APP.METADATA (NAME, VALUE, MEASURE_ID, METADATA_ID) values (?, ?, ?, ?)\nHibernate: insert into MAT_APP.METADATA (NAME, VALUE, MEASURE_ID, METADATA_ID) values (?, ?, ?, ?)\nHibernate: insert into MAT_APP.METADATA (NAME, VALUE, MEASURE_ID, METADATA_ID) values (?, ?, ?, ?)\nHibernate: insert into MAT_APP.METADATA (NAME, VALUE, MEASURE_ID, METADATA_ID) values (?, ?, ?, ?)\nHibernate: insert into MAT_APP.METADATA (NAME, VALUE, MEASURE_ID, METADATA_ID) values (?, ?, ?, ?)\nHibernate: insert into MAT_APP.METADATA (NAME, VALUE, MEASURE_ID, METADATA_ID) values (?, ?, ?, ?)\nHibernate: insert into MAT_APP.METADATA (NAME, VALUE, MEASURE_ID, METADATA_ID) values (?, ?, ?, ?)\nHibernate: insert into MAT_APP.METADATA (NAME, VALUE, MEASURE_ID, METADATA_ID) values (?, ?, ?, ?)\nHibernate: insert into MAT_APP.METADATA (NAME, VALUE, MEASURE_ID, METADATA_ID) values (?, ?, ?, ?)\nHibernate: insert into MAT_APP.METADATA (NAME, VALUE, MEASURE_ID, METADATA_ID) values (?, ?, ?, ?)\nHibernate: insert into MAT_APP.METADATA (NAME, VALUE, MEASURE_ID, METADATA_ID) values (?, ?, ?, ?)\nHibernate: insert into MAT_APP.METADATA (NAME, VALUE, MEASURE_ID, METADATA_ID) values (?, ?, ?, ?)\nHibernate: insert into MAT_APP.METADATA (NAME, VALUE, MEASURE_ID, METADATA_ID) values (?, ?, ?, ?)\nHibernate: insert into MAT_APP.METADATA (NAME, VALUE, MEASURE_ID, METADATA_ID) values (?, ?, ?, ?)\nHibernate: insert into MAT_APP.METADATA (NAME, VALUE, MEASURE_ID, METADATA_ID) values (?, ?, ?, ?)\nHibernate: insert into MAT_APP.METADATA (NAME, VALUE, MEASURE_ID, METADATA_ID) values (?, ?, ?, ?)\nHibernate: insert into MAT_APP.METADATA (NAME, VALUE, MEASURE_ID, METADATA_ID) values (?, ?, ?, ?)\nHibernate: insert into MAT_APP.METADATA (NAME, VALUE, MEASURE_ID, METADATA_ID) values (?, ?, ?, ?)\nHibernate: insert into MAT_APP.METADATA (NAME, VALUE, MEASURE_ID, METADATA_ID) values (?, ?, ?, ?)\nHibernate: insert into MAT_APP.METADATA (NAME, VALUE, MEASURE_ID, METADATA_ID) values (?, ?, ?, ?)\nHibernate: insert into MAT_APP.METADATA (NAME, VALUE, MEASURE_ID, METADATA_ID) values (?, ?, ?, ?)\nHibernate: insert into MAT_APP.METADATA (NAME, VALUE, MEASURE_ID, METADATA_ID) values (?, ?, ?, ?)\nHibernate: insert into MAT_APP.METADATA (NAME, VALUE, MEASURE_ID, METADATA_ID) values (?, ?, ?, ?)\nHibernate: insert into MAT_APP.METADATA (NAME, VALUE, MEASURE_ID, METADATA_ID) values (?, ?, ?, ?)\nHibernate: insert into MAT_APP.METADATA (NAME, VALUE, MEASURE_ID, METADATA_ID) values (?, ?, ?, ?)\nHibernate: insert into MAT_APP.METADATA (NAME, VALUE, MEASURE_ID, METADATA_ID) values (?, ?, ?, ?)\nHibernate: insert into MAT_APP.METADATA (NAME, VALUE, MEASURE_ID, METADATA_ID) values (?, ?, ?, ?)\nHibernate: insert into MAT_APP.METADATA (NAME, VALUE, MEASURE_ID, METADATA_ID) values (?, ?, ?, ?)\nHibernate: select this_.METADATA_ID as METADATA1_20_2_, this_.NAME as NAME20_2_, this_.VALUE as VALUE20_2_, this_.MEASURE_ID as MEASURE4_20_2_, measure2_.ID as ID14_0_, measure2_.ABBR_NAME as ABBR2_14_0_, measure2_.DESCRIPTION as DESCRIPT3_14_0_, measure2_.VERSION as VERSION14_0_, measure2_.MEASURE_STATUS as MEASURE5_14_0_, measure2_.MEASURE_OWNER_ID as MEASURE6_14_0_, measure2_.EXPORT_TS as EXPORT7_14_0_, user3_.USER_ID as USER1_13_1_, user3_.FIRST_NAME as FIRST2_13_1_, user3_.MIDDLE_INITIAL as MIDDLE9_13_1_, user3_.LAST_NAME as LAST10_13_1_, user3_.EMAIL_ADDRESS as EMAIL8_13_1_, user3_.PHONE_NO as PHONE11_13_1_, user3_.TITLE as TITLE13_1_, user3_.TERMINATION_DATE as TERMINA13_13_1_, user3_.ACTIVATION_DATE as ACTIVATION14_13_1_, user3_.SIGN_IN_DATE as SIGN5_13_1_, user3_.SIGN_OUT_DATE as SIGN6_13_1_, user3_.LOCKED_OUT_DATE as LOCKED7_13_1_, user3_.ORGANIZATION_NAME as ORGANIZ15_13_1_, user3_.ORG_OID as ORG16_13_1_, user3_.ROOT_OID as ROOT17_13_1_, user3_.STATUS_ID as STATUS4_13_1_, user3_.AUDIT_ID as AUDIT18_13_1_, user3_.SECURITY_ROLE_ID as SECURITY3_13_1_ from MAT_APP.METADATA this_ left outer join MAT_APP.MEASURE measure2_ on this_.MEASURE_ID=measure2_.ID left outer join MAT_APP.USER user3_ on measure2_.MEASURE_OWNER_ID=user3_.USER_ID where this_.MEASURE_ID=?\n1\n13:27:48,630 DEBUG btpool0-3 access.ExceptionTranslationFilter:100 - Chain processed normally\n13:27:48,630 DEBUG btpool0-3 context.SecurityContextPersistenceFilter:89 - SecurityContextHolder now cleared, as request processing completed\n13:27:49,443 DEBUG btpool0-3 web.FilterChainProxy:175 - Converted URL to lowercase, from: &apos;/mat/measurelibrary&apos;; to: &apos;/mat/measurelibrary&apos;\n13:27:49,443 DEBUG btpool0-3 web.FilterChainProxy:182 - Candidate is: &apos;/mat/measurelibrary&apos;; pattern is /**; matched=true\n13:27:49,443 DEBUG btpool0-3 web.FilterChainProxy:350 - /mat/measureLibrary at position 1 of 11 in additional filter chain; firing Filter: &apos;org.springframework.security.web.session.ConcurrentSessionFilter@fff76a&apos;\n13:27:49,443 DEBUG btpool0-3 web.FilterChainProxy:350 - /mat/measureLibrary at position 2 of 11 in additional filter chain; firing Filter: &apos;org.springframework.security.web.context.SecurityContextPersistenceFilter@cc7ed2&apos;\n13:27:49,443 DEBUG btpool0-3 context.HttpSessionSecurityContextRepository:165 - Obtained a valid SecurityContext from SPRING_SECURITY_CONTEXT: &apos;org.springframework.security.core.context.SecurityContextImpl@445d025b: Authentication: org.springframework.security.authentication.UsernamePasswordAuthenticationToken@445d025b: Principal: 8ae458ab2ceb6182012ceb88bf0a0001; Credentials: [PROTECTED]; Authenticated: true; Details: null; Granted Authorities: Super user&apos;\n13:27:49,443 DEBUG btpool0-3 web.FilterChainProxy:350 - /mat/measureLibrary at position 3 of 11 in additional filter chain; firing Filter: &apos;mat.server.PreventCachingFilter@1126c79&apos;\n13:27:49,443 DEBUG btpool0-3 web.FilterChainProxy:350 - /mat/measureLibrary at position 4 of 11 in additional filter chain; firing Filter: &apos;org.springframework.security.web.authentication.logout.LogoutFilter@8f8096&apos;\n13:27:49,443 DEBUG btpool0-3 web.FilterChainProxy:350 - /mat/measureLibrary at position 5 of 11 in additional filter chain; firing Filter: &apos;org.springframework.security.web.authentication.UsernamePasswordAuthenticationFilter@1430472&apos;\n13:27:49,443 DEBUG btpool0-3 web.FilterChainProxy:350 - /mat/measureLibrary at position 6 of 11 in additional filter chain; firing Filter: &apos;org.springframework.security.web.savedrequest.RequestCacheAwareFilter@d91483&apos;\n13:27:49,443 DEBUG btpool0-3 web.FilterChainProxy:350 - /mat/measureLibrary at position 7 of 11 in additional filter chain; firing Filter: &apos;org.springframework.security.web.servletapi.SecurityContextHolderAwareRequestFilter@1d1a5ea&apos;\n13:27:49,443 DEBUG btpool0-3 web.FilterChainProxy:350 - /mat/measureLibrary at position 8 of 11 in additional filter chain; firing Filter: &apos;org.springframework.security.web.authentication.AnonymousAuthenticationFilter@7d7d9a&apos;\n13:27:49,443 DEBUG btpool0-3 authentication.AnonymousAuthenticationFilter:72 - SecurityContextHolder not populated with anonymous token, as it already contained: &apos;org.springframework.security.authentication.UsernamePasswordAuthenticationToken@445d025b: Principal: 8ae458ab2ceb6182012ceb88bf0a0001; Credentials: [PROTECTED]; Authenticated: true; Details: null; Granted Authorities: Super user&apos;\n13:27:49,443 DEBUG btpool0-3 web.FilterChainProxy:350 - /mat/measureLibrary at position 9 of 11 in additional filter chain; firing Filter: &apos;org.springframework.security.web.session.SessionManagementFilter@c137df&apos;\n13:27:49,443 DEBUG btpool0-3 web.FilterChainProxy:350 - /mat/measureLibrary at position 10 of 11 in additional filter chain; firing Filter: &apos;org.springframework.security.web.access.ExceptionTranslationFilter@13da8bc&apos;\n13:27:49,443 DEBUG btpool0-3 web.FilterChainProxy:350 - /mat/measureLibrary at position 11 of 11 in additional filter chain; firing Filter: &apos;org.springframework.security.web.access.intercept.FilterSecurityInterceptor@110e7e5&apos;\n13:27:49,443 DEBUG btpool0-3 expression.ExpressionBasedFilterInvocationSecurityMetadataSource:173 - Converted URL to lowercase, from: &apos;/mat/measurelibrary&apos;; to: &apos;/mat/measurelibrary&apos;\n13:27:49,443 DEBUG btpool0-3 expression.ExpressionBasedFilterInvocationSecurityMetadataSource:200 - Candidate is: &apos;/mat/measurelibrary&apos;; pattern is /mat.html; matched=false\n13:27:49,443 DEBUG btpool0-3 intercept.FilterSecurityInterceptor:182 - Public object - authentication not attempted\n13:27:49,443 DEBUG btpool0-3 web.FilterChainProxy:339 - /mat/measureLibrary reached end of additional filter chain; proceeding with original chain\n13:27:49,443  INFO btpool0-3 server.HibernateStatisticsFilter:35 - Requesting /mat/measureLibrary in session 1hpa7ttkjcyxi\nHibernate: select measure0_.ID as ID14_4_, measure0_.ABBR_NAME as ABBR2_14_4_, measure0_.DESCRIPTION as DESCRIPT3_14_4_, measure0_.VERSION as VERSION14_4_, measure0_.MEASURE_STATUS as MEASURE5_14_4_, measure0_.MEASURE_OWNER_ID as MEASURE6_14_4_, measure0_.EXPORT_TS as EXPORT7_14_4_, user1_.USER_ID as USER1_13_0_, user1_.FIRST_NAME as FIRST2_13_0_, user1_.MIDDLE_INITIAL as MIDDLE9_13_0_, user1_.LAST_NAME as LAST10_13_0_, user1_.EMAIL_\n    </stratification>\n    <guidance>\n      13:27:48,318 DEBUG btpool0-2 web.FilterChainProxy:339 - /mat/package reached end of additional filter chain; proceeding with original chain\n13:27:48,318  INFO btpool0-2 server.HibernateStatisticsFilter:35 - Requesting /mat/package in session 1hpa7ttkjcyxi\nHibernate: select this_.ID as ID4_0_, this_.NAME as NAME4_0_, this_.DESCRIPTION as DESCRIPT3_4_0_, this_.MEASURE_ID as MEASURE4_4_0_, this_.CONTEXT_ID as CONTEXT5_4_0_, this_.DECISION_ID as DECISION6_4_0_, this_.CLAUSE_TYPE_ID as CLAUSE7_4_0_, this_.STATUS_ID as STATUS8_4_0_, this_.VERSION as VERSION4_0_ from MAT_APP.CLAUSE this_ where this_.MEASURE_ID=?\nHibernate: select this_.PACKAGER_ID as PACKAGER1_24_3_, this_.MEASURE_ID as MEASURE2_24_3_, this_.CLAUSE_ID as CLAUSE3_24_3_, this_.SEQUENCE as SEQUENCE24_3_, measure2_.ID as ID14_0_, measure2_.ABBR_NAME as ABBR2_14_0_, measure2_.DESCRIPTION as DESCRIPT3_14_0_, measure2_.VERSION as VERSION14_0_, measure2_.MEASURE_STATUS as MEASURE5_14_0_, measure2_.MEASURE_OWNER_ID as MEASURE6_14_0_, measure2_.EXPORT_TS as EXPORT7_14_0_, user3_.USER_ID as USER1_13_1_, user3_.FIRST_NAME as FIRST2_13_1_, user3_.MIDDLE_INITIAL as MIDDLE9_13_1_, user3_.LAST_NAME as LAST10_13_1_, user3_.EMAIL_ADDRESS as EMAIL8_13_1_, user3_.PHONE_NO as PHONE11_13_1_, user3_.TITLE as TITLE13_1_, user3_.TERMINATION_DATE as TERMINA13_13_1_, user3_.ACTIVATION_DATE as ACTIVATION14_13_1_, user3_.SIGN_IN_DATE as SIGN5_13_1_, user3_.SIGN_OUT_DATE as SIGN6_13_1_, user3_.LOCKED_OUT_DATE as LOCKED7_13_1_, user3_.ORGANIZATION_NAME as ORGANIZ15_13_1_, user3_.ORG_OID as ORG16_13_1_, user3_.ROOT_OID as ROOT17_13_1_, user3_.STATUS_ID as STATUS4_13_1_, user3_.AUDIT_ID as AUDIT18_13_1_, user3_.SECURITY_ROLE_ID as SECURITY3_13_1_, clause4_.ID as ID4_2_, clause4_.NAME as NAME4_2_, clause4_.DESCRIPTION as DESCRIPT3_4_2_, clause4_.MEASURE_ID as MEASURE4_4_2_, clause4_.CONTEXT_ID as CONTEXT5_4_2_, clause4_.DECISION_ID as DECISION6_4_2_, clause4_.CLAUSE_TYPE_ID as CLAUSE7_4_2_, clause4_.STATUS_ID as STATUS8_4_2_, clause4_.VERSION as VERSION4_2_ from MAT_APP.PACKAGER this_ left outer join MAT_APP.MEASURE measure2_ on this_.MEASURE_ID=measure2_.ID left outer join MAT_APP.USER user3_ on measure2_.MEASURE_OWNER_ID=user3_.USER_ID left outer join MAT_APP.CLAUSE clause4_ on this_.CLAUSE_ID=clause4_.ID where lower(this_.MEASURE_ID)=?\nHibernate: select userpasswo0_.USER_PASSWORD_ID as USER1_37_3_, userpasswo0_.USER_ID as USER2_37_3_, userpasswo0_.PWD_LOCK_COUNTER as PWD3_37_3_, userpasswo0_.FIRST_FAILED_ATTEMPT_TIME as FIRST4_37_3_, userpasswo0_.FORGOT_PWD_LOCK_COUNTER as FORGOT5_37_3_, userpasswo0_.PASSWORD as PASSWORD37_3_, userpasswo0_.SALT as SALT37_3_, userpasswo0_.INITIAL_PWD as INITIAL8_37_3_, userpasswo0_.TEMP_PWD as TEMP9_37_3_, userpasswo0_.CREATE_DATE as CREATE10_37_3_, user1_.USER_ID as USER1_13_0_, user1_.FIRST_NAME as FIRST2_13_0_, user1_.MIDDLE_INITIAL as MIDDLE9_13_0_, user1_.LAST_NAME as LAST10_13_0_, user1_.EMAIL_ADDRESS as EMAIL8_13_0_, user1_.PHONE_NO as PHONE11_13_0_, user1_.TITLE as TITLE13_0_, user1_.TERMINATION_DATE as TERMINA13_13_0_, user1_.ACTIVATION_DATE as ACTIVATION14_13_0_, user1_.SIGN_IN_DATE as SIGN5_13_0_, user1_.SIGN_OUT_DATE as SIGN6_13_0_, user1_.LOCKED_OUT_DATE as LOCKED7_13_0_, user1_.ORGANIZATION_NAME as ORGANIZ15_13_0_, user1_.ORG_OID as ORG16_13_0_, user1_.ROOT_OID as ROOT17_13_0_, user1_.STATUS_ID as STATUS4_13_0_, user1_.AUDIT_ID as AUDIT18_13_0_, user1_.SECURITY_ROLE_ID as SECURITY3_13_0_, status2_.STATUS_ID as STATUS1_34_1_, status2_.DESCRIPTION as DESCRIPT2_34_1_, securityro3_.SECURITY_ROLE_ID as SECURITY1_31_2_, securityro3_.DESCRIPTION as DESCRIPT2_31_2_ from MAT_APP.USER_PASSWORD userpasswo0_ left outer join MAT_APP.USER user1_ on userpasswo0_.USER_ID=user1_.USER_ID left outer join MAT_APP.STATUS status2_ on user1_.STATUS_ID=status2_.STATUS_ID left outer join MAT_APP.SECURITY_ROLE securityro3_ on user1_.SECURITY_ROLE_ID=securityro3_.SECURITY_ROLE_ID where userpasswo0_.USER_ID=?\n13:27:48,365 DEBUG btpool0-2 access.ExceptionTranslationFilter:100 - Chain processed normally\n13:27:48,365 DEBUG btpool0-2 context.SecurityContextPersistenceFilter:89 - SecurityContextHolder now cleared, as request processing completed\nHibernate: delete from MAT_APP.METADATA where METADATA_ID in (? , ? , ? , ? , ? , ? , ? , ? , ? , ? , ? , ? , ? , ? , ? , ? , ? , ? , ? , ? , ? , ? , ? , ? , ? , ? , ? , ? , ? , ? , ? , ? , ? , ? , ? , ? , ? , ? , ? , ? , ? , ? , ? , ?)\nDeleted Row: 44\nHibernate: insert into MAT_APP.METADATA (NAME, VALUE, MEASURE_ID, METADATA_ID) values (?, ?, ?, ?)\nHibernate: insert into MAT_APP.METADATA (NAME, VALUE, MEASURE_ID, METADATA_ID) values (?, ?, ?, ?)\nHibernate: insert into MAT_APP.METADATA (NAME, VALUE, MEASURE_ID, METADATA_ID) values (?, ?, ?, ?)\nHibernate: insert into MAT_APP.METADATA (NAME, VALUE, MEASURE_ID, METADATA_ID) values (?, ?, ?, ?)\nHibernate: insert into MAT_APP.METADATA (NAME, VALUE, MEASURE_ID, METADATA_ID) values (?, ?, ?, ?)\nHibernate: insert into MAT_APP.METADATA (NAME, VALUE, MEASURE_ID, METADATA_ID) values (?, ?, ?, ?)\nHibernate: insert into MAT_APP.METADATA (NAME, VALUE, MEASURE_ID, METADATA_ID) values (?, ?, ?, ?)\nHibernate: insert into MAT_APP.METADATA (NAME, VALUE, MEASURE_ID, METADATA_ID) values (?, ?, ?, ?)\nHibernate: insert into MAT_APP.METADATA (NAME, VALUE, MEASURE_ID, METADATA_ID) values (?, ?, ?, ?)\nHibernate: insert into MAT_APP.METADATA (NAME, VALUE, MEASURE_ID, METADATA_ID) values (?, ?, ?, ?)\nHibernate: insert into MAT_APP.METADATA (NAME, VALUE, MEASURE_ID, METADATA_ID) values (?, ?, ?, ?)\nHibernate: insert into MAT_APP.METADATA (NAME, VALUE, MEASURE_ID, METADATA_ID) values (?, ?, ?, ?)\nHibernate: insert into MAT_APP.METADATA (NAME, VALUE, MEASURE_ID, METADATA_ID) values (?, ?, ?, ?)\nHibernate: insert into MAT_APP.METADATA (NAME, VALUE, MEASURE_ID, METADATA_ID) values (?, ?, ?, ?)\nHibernate: insert into MAT_APP.METADATA (NAME, VALUE, MEASURE_ID, METADATA_ID) values (?, ?, ?, ?)\nHibernate: insert into MAT_APP.METADATA (NAME, VALUE, MEASURE_ID, METADATA_ID) values (?, ?, ?, ?)\nHibernate: insert into MAT_APP.METADATA (NAME, VALUE, MEASURE_ID, METADATA_ID) values (?, ?, ?, ?)\nHibernate: insert into MAT_APP.METADATA (NAME, VALUE, MEASURE_ID, METADATA_ID) values (?, ?, ?, ?)\nHibernate: insert into MAT_APP.METADATA (NAME, VALUE, MEASURE_ID, METADATA_ID) values (?, ?, ?, ?)\nHibernate: insert into MAT_APP.METADATA (NAME, VALUE, MEASURE_ID, METADATA_ID) values (?, ?, ?, ?)\nHibernate: insert into MAT_APP.METADATA (NAME, VALUE, MEASURE_ID, METADATA_ID) values (?, ?, ?, ?)\nHibernate: insert into MAT_APP.METADATA (NAME, VALUE, MEASURE_ID, METADATA_ID) values (?, ?, ?, ?)\nHibernate: insert into MAT_APP.METADATA (NAME, VALUE, MEASURE_ID, METADATA_ID) values (?, ?, ?, ?)\nHibernate: insert into MAT_APP.METADATA (NAME, VALUE, MEASURE_ID, METADATA_ID) values (?, ?, ?, ?)\nHibernate: insert into MAT_APP.METADATA (NAME, VALUE, MEASURE_ID, METADATA_ID) values (?, ?, ?, ?)\nHibernate: insert into MAT_APP.METADATA (NAME, VALUE, MEASURE_ID, METADATA_ID) values (?, ?, ?, ?)\nHibernate: insert into MAT_APP.METADATA (NAME, VALUE, MEASURE_ID, METADATA_ID) values (?, ?, ?, ?)\nHibernate: insert into MAT_APP.METADATA (NAME, VALUE, MEASURE_ID, METADATA_ID) values (?, ?, ?, ?)\nHibernate: insert into MAT_APP.METADATA (NAME, VALUE, MEASURE_ID, METADATA_ID) values (?, ?, ?, ?)\nHibernate: insert into MAT_APP.METADATA (NAME, VALUE, MEASURE_ID, METADATA_ID) values (?, ?, ?, ?)\nHibernate: insert into MAT_APP.METADATA (NAME, VALUE, MEASURE_ID, METADATA_ID) values (?, ?, ?, ?)\nHibernate: insert into MAT_APP.METADATA (NAME, VALUE, MEASURE_ID, METADATA_ID) values (?, ?, ?, ?)\nHibernate: insert into MAT_APP.METADATA (NAME, VALUE, MEASURE_ID, METADATA_ID) values (?, ?, ?, ?)\nHibernate: insert into MAT_APP.METADATA (NAME, VALUE, MEASURE_ID, METADATA_ID) values (?, ?, ?, ?)\nHibernate: insert into MAT_APP.METADATA (NAME, VALUE, MEASURE_ID, METADATA_ID) values (?, ?, ?, ?)\nHibernate: insert into MAT_APP.METADATA (NAME, VALUE, MEASURE_ID, METADATA_ID) values (?, ?, ?, ?)\nHibernate: insert into MAT_APP.METADATA (NAME, VALUE, MEASURE_ID, METADATA_ID) values (?, ?, ?, ?)\nHibernate: insert into MAT_APP.METADATA (NAME, VALUE, MEASURE_ID, METADATA_ID) values (?, ?, ?, ?)\nHibernate: insert into MAT_APP.METADATA (NAME, VALUE, MEASURE_ID, METADATA_ID) values (?, ?, ?, ?)\nHibernate: insert into MAT_APP.METADATA (NAME, VALUE, MEASURE_ID, METADATA_ID) values (?, ?, ?, ?)\nHibernate: insert into MAT_APP.METADATA (NAME, VALUE, MEASURE_ID, METADATA_ID) values (?, ?, ?, ?)\nHibernate: insert into MAT_APP.METADATA (NAME, VALUE, MEASURE_ID, METADATA_ID) values (?, ?, ?, ?)\nHibernate: insert into MAT_APP.METADATA (NAME, VALUE, MEASURE_ID, METADATA_ID) values (?, ?, ?, ?)\nHibernate: insert into MAT_APP.METADATA (NAME, VALUE, MEASURE_ID, METADATA_ID) values (?, ?, ?, ?)\nHibernate: select this_.METADATA_ID as METADATA1_20_2_, this_.NAME as NAME20_2_, this_.VALUE as VALUE20_2_, this_.MEASURE_ID as MEASURE4_20_2_, measure2_.ID as ID14_0_, measure2_.ABBR_NAME as ABBR2_14_0_, measure2_.DESCRIPTION as DESCRIPT3_14_0_, measure2_.VERSION as VERSION14_0_, measure2_.MEASURE_STATUS as MEASURE5_14_0_, measure2_.MEASURE_OWNER_ID as MEASURE6_14_0_, measure2_.EXPORT_TS as EXPORT7_14_0_, user3_.USER_ID as USER1_13_1_, user3_.FIRST_NAME as FIRST2_13_1_, user3_.MIDDLE_INITIAL as MIDDLE9_13_1_, user3_.LAST_NAME as LAST10_13_1_, user3_.EMAIL_ADDRESS as EMAIL8_13_1_, user3_.PHONE_NO as PHONE11_13_1_, user3_.TITLE as TITLE13_1_, user3_.TERMINATION_DATE as TERMINA13_13_1_, user3_.ACTIVATION_DATE as ACTIVATION14_13_1_, user3_.SIGN_IN_DATE as SIGN5_13_1_, user3_.SIGN_OUT_DATE as SIGN6_13_1_, user3_.LOCKED_OUT_DATE as LOCKED7_13_1_, user3_.ORGANIZATION_NAME as ORGANIZ15_13_1_, user3_.ORG_OID as ORG16_13_1_, user3_.ROOT_OID as ROOT17_13_1_, user3_.STATUS_ID as STATUS4_13_1_, user3_.AUDIT_ID as AUDIT18_13_1_, user3_.SECURITY_ROLE_ID as SECURITY3_13_1_ from MAT_APP.METADATA this_ left outer join MAT_APP.MEASURE measure2_ on this_.MEASURE_ID=measure2_.ID left outer join MAT_APP.USER user3_ on measure2_.MEASURE_OWNER_ID=user3_.USER_ID where this_.MEASURE_ID=?\n1\n13:27:48,630 DEBUG btpool0-3 access.ExceptionTranslationFilter:100 - Chain processed normally\n13:27:48,630 DEBUG btpool0-3 context.SecurityContextPersistenceFilter:89 - SecurityContextHolder now cleared, as request processing completed\n13:27:49,443 DEBUG btpool0-3 web.FilterChainProxy:175 - Converted URL to lowercase, from: &apos;/mat/measurelibrary&apos;; to: &apos;/mat/measurelibrary&apos;\n13:27:49,443 DEBUG btpool0-3 web.FilterChainProxy:182 - Candidate is: &apos;/mat/measurelibrary&apos;; pattern is /**; matched=true\n13:27:49,443 DEBUG btpool0-3 web.FilterChainProxy:350 - /mat/measureLibrary at position 1 of 11 in additional filter chain; firing Filter: &apos;org.springframework.security.web.session.ConcurrentSessionFilter@fff76a&apos;\n13:27:49,443 DEBUG btpool0-3 web.FilterChainProxy:350 - /mat/measureLibrary at position 2 of 11 in additional filter chain; firing Filter: &apos;org.springframework.security.web.context.SecurityContextPersistenceFilter@cc7ed2&apos;\n13:27:49,443 DEBUG btpool0-3 context.HttpSessionSecurityContextRepository:165 - Obtained a valid SecurityContext from SPRING_SECURITY_CONTEXT: &apos;org.springframework.security.core.context.SecurityContextImpl@445d025b: Authentication: org.springframework.security.authentication.UsernamePasswordAuthenticationToken@445d025b: Principal: 8ae458ab2ceb6182012ceb88bf0a0001; Credentials: [PROTECTED]; Authenticated: true; Details: null; Granted Authorities: Super user&apos;\n13:27:49,443 DEBUG btpool0-3 web.FilterChainProxy:350 - /mat/measureLibrary at position 3 of 11 in additional filter chain; firing Filter: &apos;mat.server.PreventCachingFilter@1126c79&apos;\n13:27:49,443 DEBUG btpool0-3 web.FilterChainProxy:350 - /mat/measureLibrary at position 4 of 11 in additional filter chain; firing Filter: &apos;org.springframework.security.web.authentication.logout.LogoutFilter@8f8096&apos;\n13:27:49,443 DEBUG btpool0-3 web.FilterChainProxy:350 - /mat/measureLibrary at position 5 of 11 in additional filter chain; firing Filter: &apos;org.springframework.security.web.authentication.UsernamePasswordAuthenticationFilter@1430472&apos;\n13:27:49,443 DEBUG btpool0-3 web.FilterChainProxy:350 - /mat/measureLibrary at position 6 of 11 in additional filter chain; firing Filter: &apos;org.springframework.security.web.savedrequest.RequestCacheAwareFilter@d91483&apos;\n13:27:49,443 DEBUG btpool0-3 web.FilterChainProxy:350 - /mat/measureLibrary at position 7 of 11 in additional filter chain; firing Filter: &apos;org.springframework.security.web.servletapi.SecurityContextHolderAwareRequestFilter@1d1a5ea&apos;\n13:27:49,443 DEBUG btpool0-3 web.FilterChainProxy:350 - /mat/measureLibrary at position 8 of 11 in additional filter chain; firing Filter: &apos;org.springframework.security.web.authentication.AnonymousAuthenticationFilter@7d7d9a&apos;\n13:27:49,443 DEBUG btpool0-3 authentication.AnonymousAuthenticationFilter:72 - SecurityContextHolder not populated with anonymous token, as it already contained: &apos;org.springframework.security.authentication.UsernamePasswordAuthenticationToken@445d025b: Principal: 8ae458ab2ceb6182012ceb88bf0a0001; Credentials: [PROTECTED]; Authenticated: true; Details: null; Granted Authorities: Super user&apos;\n13:27:49,443 DEBUG btpool0-3 web.FilterChainProxy:350 - /mat/measureLibrary at position 9 of 11 in additional filter chain; firing Filter: &apos;org.springframework.security.web.session.SessionManagementFilter@c137df&apos;\n13:27:49,443 DEBUG btpool0-3 web.FilterChainProxy:350 - /mat/measureLibrary at position 10 of 11 in additional filter chain; firing Filter: &apos;org.springframework.security.web.access.ExceptionTranslationFilter@13da8bc&apos;\n13:27:49,443 DEBUG btpool0-3 web.FilterChainProxy:350 - /mat/measureLibrary at position 11 of 11 in additional filter chain; firing Filter: &apos;org.springframework.security.web.access.intercept.FilterSecurityInterceptor@110e7e5&apos;\n13:27:49,443 DEBUG btpool0-3 expression.ExpressionBasedFilterInvocationSecurityMetadataSource:173 - Converted URL to lowercase, from: &apos;/mat/measurelibrary&apos;; to: &apos;/mat/measurelibrary&apos;\n13:27:49,443 DEBUG btpool0-3 expression.ExpressionBasedFilterInvocationSecurityMetadataSource:200 - Candidate is: &apos;/mat/measurelibrary&apos;; pattern is /mat.html; matched=false\n13:27:49,443 DEBUG btpool0-3 intercept.FilterSecurityInterceptor:182 - Public object - authentication not attempted\n13:27:49,443 DEBUG btpool0-3 web.FilterChainProxy:339 - /mat/measureLibrary reached end of additional filter chain; proceeding with original chain\n13:27:49,443  INFO btpool0-3 server.HibernateStatisticsFilter:35 - Requesting /mat/measureLibrary in session 1hpa7ttkjcyxi\nHibernate: select measure0_.ID as ID14_4_, measure0_.ABBR_NAME as ABBR2_14_4_, measure0_.DESCRIPTION as DESCRIPT3_14_4_, measure0_.VERSION as VERSION14_4_, measure0_.MEASURE_STATUS as MEASURE5_14_4_, measure0_.MEASURE_OWNER_ID as MEASURE6_14_4_, measure0_.EXPORT_TS as EXPORT7_14_4_, user1_.USER_ID as USER1_13_0_, user1_.FIRST_NAME as FIRST2_13_0_, user1_.MIDDLE_INITIAL as MIDDLE9_13_0_, user1_.LAST_NAME as LAST10_13_0_, user1_.EMAIL_\n    </guidance>\n    <rationales>\n      <rationale>\n        13:27:48,318 DEBUG btpool0-2 web.FilterChainProxy:339 - /mat/package reached end of additional filter chain; proceeding with original chain\n13:27:48,318  INFO btpool0-2 server.HibernateStatisticsFilter:35 - Requesting /mat/package in session 1hpa7ttkjcyxi\nHibernate: select this_.ID as ID4_0_, this_.NAME as NAME4_0_, this_.DESCRIPTION as DESCRIPT3_4_0_, this_.MEASURE_ID as MEASURE4_4_0_, this_.CONTEXT_ID as CONTEXT5_4_0_, this_.DECISION_ID as DECISION6_4_0_, this_.CLAUSE_TYPE_ID as CLAUSE7_4_0_, this_.STATUS_ID as STATUS8_4_0_, this_.VERSION as VERSION4_0_ from MAT_APP.CLAUSE this_ where this_.MEASURE_ID=?\nHibernate: select this_.PACKAGER_ID as PACKAGER1_24_3_, this_.MEASURE_ID as MEASURE2_24_3_, this_.CLAUSE_ID as CLAUSE3_24_3_, this_.SEQUENCE as SEQUENCE24_3_, measure2_.ID as ID14_0_, measure2_.ABBR_NAME as ABBR2_14_0_, measure2_.DESCRIPTION as DESCRIPT3_14_0_, measure2_.VERSION as VERSION14_0_, measure2_.MEASURE_STATUS as MEASURE5_14_0_, measure2_.MEASURE_OWNER_ID as MEASURE6_14_0_, measure2_.EXPORT_TS as EXPORT7_14_0_, user3_.USER_ID as USER1_13_1_, user3_.FIRST_NAME as FIRST2_13_1_, user3_.MIDDLE_INITIAL as MIDDLE9_13_1_, user3_.LAST_NAME as LAST10_13_1_, user3_.EMAIL_ADDRESS as EMAIL8_13_1_, user3_.PHONE_NO as PHONE11_13_1_, user3_.TITLE as TITLE13_1_, user3_.TERMINATION_DATE as TERMINA13_13_1_, user3_.ACTIVATION_DATE as ACTIVATION14_13_1_, user3_.SIGN_IN_DATE as SIGN5_13_1_, user3_.SIGN_OUT_DATE as SIGN6_13_1_, user3_.LOCKED_OUT_DATE as LOCKED7_13_1_, user3_.ORGANIZATION_NAME as ORGANIZ15_13_1_, user3_.ORG_OID as ORG16_13_1_, user3_.ROOT_OID as ROOT17_13_1_, user3_.STATUS_ID as STATUS4_13_1_, user3_.AUDIT_ID as AUDIT18_13_1_, user3_.SECURITY_ROLE_ID as SECURITY3_13_1_, clause4_.ID as ID4_2_, clause4_.NAME as NAME4_2_, clause4_.DESCRIPTION as DESCRIPT3_4_2_, clause4_.MEASURE_ID as MEASURE4_4_2_, clause4_.CONTEXT_ID as CONTEXT5_4_2_, clause4_.DECISION_ID as DECISION6_4_2_, clause4_.CLAUSE_TYPE_ID as CLAUSE7_4_2_, clause4_.STATUS_ID as STATUS8_4_2_, clause4_.VERSION as VERSION4_2_ from MAT_APP.PACKAGER this_ left outer join MAT_APP.MEASURE measure2_ on this_.MEASURE_ID=measure2_.ID left outer join MAT_APP.USER user3_ on measure2_.MEASURE_OWNER_ID=user3_.USER_ID left outer join MAT_APP.CLAUSE clause4_ on this_.CLAUSE_ID=clause4_.ID where lower(this_.MEASURE_ID)=?\nHibernate: select userpasswo0_.USER_PASSWORD_ID as USER1_37_3_, userpasswo0_.USER_ID as USER2_37_3_, userpasswo0_.PWD_LOCK_COUNTER as PWD3_37_3_, userpasswo0_.FIRST_FAILED_ATTEMPT_TIME as FIRST4_37_3_, userpasswo0_.FORGOT_PWD_LOCK_COUNTER as FORGOT5_37_3_, userpasswo0_.PASSWORD as PASSWORD37_3_, userpasswo0_.SALT as SALT37_3_, userpasswo0_.INITIAL_PWD as INITIAL8_37_3_, userpasswo0_.TEMP_PWD as TEMP9_37_3_, userpasswo0_.CREATE_DATE as CREATE10_37_3_, user1_.USER_ID as USER1_13_0_, user1_.FIRST_NAME as FIRST2_13_0_, user1_.MIDDLE_INITIAL as MIDDLE9_13_0_, user1_.LAST_NAME as LAST10_13_0_, user1_.EMAIL_ADDRESS as EMAIL8_13_0_, user1_.PHONE_NO as PHONE11_13_0_, user1_.TITLE as TITLE13_0_, user1_.TERMINATION_DATE as TERMINA13_13_0_, user1_.ACTIVATION_DATE as ACTIVATION14_13_0_, user1_.SIGN_IN_DATE as SIGN5_13_0_, user1_.SIGN_OUT_DATE as SIGN6_13_0_, user1_.LOCKED_OUT_DATE as LOCKED7_13_0_, user1_.ORGANIZATION_NAME as ORGANIZ15_13_0_, user1_.ORG_OID as ORG16_13_0_, user1_.ROOT_OID as ROOT17_13_0_, user1_.STATUS_ID as STATUS4_13_0_, user1_.AUDIT_ID as AUDIT18_13_0_, user1_.SECURITY_ROLE_ID as SECURITY3_13_0_, status2_.STATUS_ID as STATUS1_34_1_, status2_.DESCRIPTION as DESCRIPT2_34_1_, securityro3_.SECURITY_ROLE_ID as SECURITY1_31_2_, securityro3_.DESCRIPTION as DESCRIPT2_31_2_ from MAT_APP.USER_PASSWORD userpasswo0_ left outer join MAT_APP.USER user1_ on userpasswo0_.USER_ID=user1_.USER_ID left outer join MAT_APP.STATUS status2_ on user1_.STATUS_ID=status2_.STATUS_ID left outer join MAT_APP.SECURITY_ROLE securityro3_ on user1_.SECURITY_ROLE_ID=securityro3_.SECURITY_ROLE_ID where userpasswo0_.USER_ID=?\n13:27:48,365 DEBUG btpool0-2 access.ExceptionTranslationFilter:100 - Chain processed normally\n13:27:48,365 DEBUG btpool0-2 context.SecurityContextPersistenceFilter:89 - SecurityContextHolder now cleared, as request processing completed\nHibernate: delete from MAT_APP.METADATA where METADATA_ID in (? , ? , ? , ? , ? , ? , ? , ? , ? , ? , ? , ? , ? , ? , ? , ? , ? , ? , ? , ? , ? , ? , ? , ? , ? , ? , ? , ? , ? , ? , ? , ? , ? , ? , ? , ? , ? , ? , ? , ? , ? , ? , ? , ?)\nDeleted Row: 44\nHibernate: insert into MAT_APP.METADATA (NAME, VALUE, MEASURE_ID, METADATA_ID) values (?, ?, ?, ?)\nHibernate: insert into MAT_APP.METADATA (NAME, VALUE, MEASURE_ID, METADATA_ID) values (?, ?, ?, ?)\nHibernate: insert into MAT_APP.METADATA (NAME, VALUE, MEASURE_ID, METADATA_ID) values (?, ?, ?, ?)\nHibernate: insert into MAT_APP.METADATA (NAME, VALUE, MEASURE_ID, METADATA_ID) values (?, ?, ?, ?)\nHibernate: insert into MAT_APP.METADATA (NAME, VALUE, MEASURE_ID, METADATA_ID) values (?, ?, ?, ?)\nHibernate: insert into MAT_APP.METADATA (NAME, VALUE, MEASURE_ID, METADATA_ID) values (?, ?, ?, ?)\nHibernate: insert into MAT_APP.METADATA (NAME, VALUE, MEASURE_ID, METADATA_ID) values (?, ?, ?, ?)\nHibernate: insert into MAT_APP.METADATA (NAME, VALUE, MEASURE_ID, METADATA_ID) values (?, ?, ?, ?)\nHibernate: insert into MAT_APP.METADATA (NAME, VALUE, MEASURE_ID, METADATA_ID) values (?, ?, ?, ?)\nHibernate: insert into MAT_APP.METADATA (NAME, VALUE, MEASURE_ID, METADATA_ID) values (?, ?, ?, ?)\nHibernate: insert into MAT_APP.METADATA (NAME, VALUE, MEASURE_ID, METADATA_ID) values (?, ?, ?, ?)\nHibernate: insert into MAT_APP.METADATA (NAME, VALUE, MEASURE_ID, METADATA_ID) values (?, ?, ?, ?)\nHibernate: insert into MAT_APP.METADATA (NAME, VALUE, MEASURE_ID, METADATA_ID) values (?, ?, ?, ?)\nHibernate: insert into MAT_APP.METADATA (NAME, VALUE, MEASURE_ID, METADATA_ID) values (?, ?, ?, ?)\nHibernate: insert into MAT_APP.METADATA (NAME, VALUE, MEASURE_ID, METADATA_ID) values (?, ?, ?, ?)\nHibernate: insert into MAT_APP.METADATA (NAME, VALUE, MEASURE_ID, METADATA_ID) values (?, ?, ?, ?)\nHibernate: insert into MAT_APP.METADATA (NAME, VALUE, MEASURE_ID, METADATA_ID) values (?, ?, ?, ?)\nHibernate: insert into MAT_APP.METADATA (NAME, VALUE, MEASURE_ID, METADATA_ID) values (?, ?, ?, ?)\nHibernate: insert into MAT_APP.METADATA (NAME, VALUE, MEASURE_ID, METADATA_ID) values (?, ?, ?, ?)\nHibernate: insert into MAT_APP.METADATA (NAME, VALUE, MEASURE_ID, METADATA_ID) values (?, ?, ?, ?)\nHibernate: insert into MAT_APP.METADATA (NAME, VALUE, MEASURE_ID, METADATA_ID) values (?, ?, ?, ?)\nHibernate: insert into MAT_APP.METADATA (NAME, VALUE, MEASURE_ID, METADATA_ID) values (?, ?, ?, ?)\nHibernate: insert into MAT_APP.METADATA (NAME, VALUE, MEASURE_ID, METADATA_ID) values (?, ?, ?, ?)\nHibernate: insert into MAT_APP.METADATA (NAME, VALUE, MEASURE_ID, METADATA_ID) values (?, ?, ?, ?)\nHibernate: insert into MAT_APP.METADATA (NAME, VALUE, MEASURE_ID, METADATA_ID) values (?, ?, ?, ?)\nHibernate: insert into MAT_APP.METADATA (NAME, VALUE, MEASURE_ID, METADATA_ID) values (?, ?, ?, ?)\nHibernate: insert into MAT_APP.METADATA (NAME, VALUE, MEASURE_ID, METADATA_ID) values (?, ?, ?, ?)\nHibernate: insert into MAT_APP.METADATA (NAME, VALUE, MEASURE_ID, METADATA_ID) values (?, ?, ?, ?)\nHibernate: insert into MAT_APP.METADATA (NAME, VALUE, MEASURE_ID, METADATA_ID) values (?, ?, ?, ?)\nHibernate: insert into MAT_APP.METADATA (NAME, VALUE, MEASURE_ID, METADATA_ID) values (?, ?, ?, ?)\nHibernate: insert into MAT_APP.METADATA (NAME, VALUE, MEASURE_ID, METADATA_ID) values (?, ?, ?, ?)\nHibernate: insert into MAT_APP.METADATA (NAME, VALUE, MEASURE_ID, METADATA_ID) values (?, ?, ?, ?)\nHibernate: insert into MAT_APP.METADATA (NAME, VALUE, MEASURE_ID, METADATA_ID) values (?, ?, ?, ?)\nHibernate: insert into MAT_APP.METADATA (NAME, VALUE, MEASURE_ID, METADATA_ID) values (?, ?, ?, ?)\nHibernate: insert into MAT_APP.METADATA (NAME, VALUE, MEASURE_ID, METADATA_ID) values (?, ?, ?, ?)\nHibernate: insert into MAT_APP.METADATA (NAME, VALUE, MEASURE_ID, METADATA_ID) values (?, ?, ?, ?)\nHibernate: insert into MAT_APP.METADATA (NAME, VALUE, MEASURE_ID, METADATA_ID) values (?, ?, ?, ?)\nHibernate: insert into MAT_APP.METADATA (NAME, VALUE, MEASURE_ID, METADATA_ID) values (?, ?, ?, ?)\nHibernate: insert into MAT_APP.METADATA (NAME, VALUE, MEASURE_ID, METADATA_ID) values (?, ?, ?, ?)\nHibernate: insert into MAT_APP.METADATA (NAME, VALUE, MEASURE_ID, METADATA_ID) values (?, ?, ?, ?)\nHibernate: insert into MAT_APP.METADATA (NAME, VALUE, MEASURE_ID, METADATA_ID) values (?, ?, ?, ?)\nHibernate: insert into MAT_APP.METADATA (NAME, VALUE, MEASURE_ID, METADATA_ID) values (?, ?, ?, ?)\nHibernate: insert into MAT_APP.METADATA (NAME, VALUE, MEASURE_ID, METADATA_ID) values (?, ?, ?, ?)\nHibernate: insert into MAT_APP.METADATA (NAME, VALUE, MEASURE_ID, METADATA_ID) values (?, ?, ?, ?)\nHibernate: select this_.METADATA_ID as METADATA1_20_2_, this_.NAME as NAME20_2_, this_.VALUE as VALUE20_2_, this_.MEASURE_ID as MEASURE4_20_2_, measure2_.ID as ID14_0_, measure2_.ABBR_NAME as ABBR2_14_0_, measure2_.DESCRIPTION as DESCRIPT3_14_0_, measure2_.VERSION as VERSION14_0_, measure2_.MEASURE_STATUS as MEASURE5_14_0_, measure2_.MEASURE_OWNER_ID as MEASURE6_14_0_, measure2_.EXPORT_TS as EXPORT7_14_0_, user3_.USER_ID as USER1_13_1_, user3_.FIRST_NAME as FIRST2_13_1_, user3_.MIDDLE_INITIAL as MIDDLE9_13_1_, user3_.LAST_NAME as LAST10_13_1_, user3_.EMAIL_ADDRESS as EMAIL8_13_1_, user3_.PHONE_NO as PHONE11_13_1_, user3_.TITLE as TITLE13_1_, user3_.TERMINATION_DATE as TERMINA13_13_1_, user3_.ACTIVATION_DATE as ACTIVATION14_13_1_, user3_.SIGN_IN_DATE as SIGN5_13_1_, user3_.SIGN_OUT_DATE as SIGN6_13_1_, user3_.LOCKED_OUT_DATE as LOCKED7_13_1_, user3_.ORGANIZATION_NAME as ORGANIZ15_13_1_, user3_.ORG_OID as ORG16_13_1_, user3_.ROOT_OID as ROOT17_13_1_, user3_.STATUS_ID as STATUS4_13_1_, user3_.AUDIT_ID as AUDIT18_13_1_, user3_.SECURITY_ROLE_ID as SECURITY3_13_1_ from MAT_APP.METADATA this_ left outer join MAT_APP.MEASURE measure2_ on this_.MEASURE_ID=measure2_.ID left outer join MAT_APP.USER user3_ on measure2_.MEASURE_OWNER_ID=user3_.USER_ID where this_.MEASURE_ID=?\n1\n13:27:48,630 DEBUG btpool0-3 access.ExceptionTranslationFilter:100 - Chain processed normally\n13:27:48,630 DEBUG btpool0-3 context.SecurityContextPersistenceFilter:89 - SecurityContextHolder now cleared, as request processing completed\n13:27:49,443 DEBUG btpool0-3 web.FilterChainProxy:175 - Converted URL to lowercase, from: &apos;/mat/measurelibrary&apos;; to: &apos;/mat/measurelibrary&apos;\n13:27:49,443 DEBUG btpool0-3 web.FilterChainProxy:182 - Candidate is: &apos;/mat/measurelibrary&apos;; pattern is /**; matched=true\n13:27:49,443 DEBUG btpool0-3 web.FilterChainProxy:350 - /mat/measureLibrary at position 1 of 11 in additional filter chain; firing Filter: &apos;org.springframework.security.web.session.ConcurrentSessionFilter@fff76a&apos;\n13:27:49,443 DEBUG btpool0-3 web.FilterChainProxy:350 - /mat/measureLibrary at position 2 of 11 in additional filter chain; firing Filter: &apos;org.springframework.security.web.context.SecurityContextPersistenceFilter@cc7ed2&apos;\n13:27:49,443 DEBUG btpool0-3 context.HttpSessionSecurityContextRepository:165 - Obtained a valid SecurityContext from SPRING_SECURITY_CONTEXT: &apos;org.springframework.security.core.context.SecurityContextImpl@445d025b: Authentication: org.springframework.security.authentication.UsernamePasswordAuthenticationToken@445d025b: Principal: 8ae458ab2ceb6182012ceb88bf0a0001; Credentials: [PROTECTED]; Authenticated: true; Details: null; Granted Authorities: Super user&apos;\n13:27:49,443 DEBUG btpool0-3 web.FilterChainProxy:350 - /mat/measureLibrary at position 3 of 11 in additional filter chain; firing Filter: &apos;mat.server.PreventCachingFilter@1126c79&apos;\n13:27:49,443 DEBUG btpool0-3 web.FilterChainProxy:350 - /mat/measureLibrary at position 4 of 11 in additional filter chain; firing Filter: &apos;org.springframework.security.web.authentication.logout.LogoutFilter@8f8096&apos;\n13:27:49,443 DEBUG btpool0-3 web.FilterChainProxy:350 - /mat/measureLibrary at position 5 of 11 in additional filter chain; firing Filter: &apos;org.springframework.security.web.authentication.UsernamePasswordAuthenticationFilter@1430472&apos;\n13:27:49,443 DEBUG btpool0-3 web.FilterChainProxy:350 - /mat/measureLibrary at position 6 of 11 in additional filter chain; firing Filter: &apos;org.springframework.security.web.savedrequest.RequestCacheAwareFilter@d91483&apos;\n13:27:49,443 DEBUG btpool0-3 web.FilterChainProxy:350 - /mat/measureLibrary at position 7 of 11 in additional filter chain; firing Filter: &apos;org.springframework.security.web.servletapi.SecurityContextHolderAwareRequestFilter@1d1a5ea&apos;\n13:27:49,443 DEBUG btpool0-3 web.FilterChainProxy:350 - /mat/measureLibrary at position 8 of 11 in additional filter chain; firing Filter: &apos;org.springframework.security.web.authentication.AnonymousAuthenticationFilter@7d7d9a&apos;\n13:27:49,443 DEBUG btpool0-3 authentication.AnonymousAuthenticationFilter:72 - SecurityContextHolder not populated with anonymous token, as it already contained: &apos;org.springframework.security.authentication.UsernamePasswordAuthenticationToken@445d025b: Principal: 8ae458ab2ceb6182012ceb88bf0a0001; Credentials: [PROTECTED]; Authenticated: true; Details: null; Granted Authorities: Super user&apos;\n13:27:49,443 DEBUG btpool0-3 web.FilterChainProxy:350 - /mat/measureLibrary at position 9 of 11 in additional filter chain; firing Filter: &apos;org.springframework.security.web.session.SessionManagementFilter@c137df&apos;\n13:27:49,443 DEBUG btpool0-3 web.FilterChainProxy:350 - /mat/measureLibrary at position 10 of 11 in additional filter chain; firing Filter: &apos;org.springframework.security.web.access.ExceptionTranslationFilter@13da8bc&apos;\n13:27:49,443 DEBUG btpool0-3 web.FilterChainProxy:350 - /mat/measureLibrary at position 11 of 11 in additional filter chain; firing Filter: &apos;org.springframework.security.web.access.intercept.FilterSecurityInterceptor@110e7e5&apos;\n13:27:49,443 DEBUG btpool0-3 expression.ExpressionBasedFilterInvocationSecurityMetadataSource:173 - Converted URL to lowercase, from: &apos;/mat/measurelibrary&apos;; to: &apos;/mat/measurelibrary&apos;\n13:27:49,443 DEBUG btpool0-3 expression.ExpressionBasedFilterInvocationSecurityMetadataSource:200 - Candidate is: &apos;/mat/measurelibrary&apos;; pattern is /mat.html; matched=false\n13:27:49,443 DEBUG btpool0-3 intercept.FilterSecurityInterceptor:182 - Public object - authentication not attempted\n13:27:49,443 DEBUG btpool0-3 web.FilterChainProxy:339 - /mat/measureLibrary reached end of additional filter chain; proceeding with original chain\n13:27:49,443  INFO btpool0-3 server.HibernateStatisticsFilter:35 - Requesting /mat/measureLibrary in session 1hpa7ttkjcyxi\nHibernate: select measure0_.ID as ID14_4_, measure0_.ABBR_NAME as ABBR2_14_4_, measure0_.DESCRIPTION as DESCRIPT3_14_4_, measure0_.VERSION as VERSION14_4_, measure0_.MEASURE_STATUS as MEASURE5_14_4_, measure0_.MEASURE_OWNER_ID as MEASURE6_14_4_, measure0_.EXPORT_TS as EXPORT7_14_4_, user1_.USER_ID as USER1_13_0_, user1_.FIRST_NAME as FIRST2_13_0_, user1_.MIDDLE_INITIAL as MIDDLE9_13_0_, user1_.LAST_NAME as LAST10_13_0_, user1_.EMAIL_\n      </rationale>\n    </rationales>\n    <recommendations>\n      <recommendation>\n        13:27:48,318 DEBUG btpool0-2 web.FilterChainProxy:339 - /mat/package reached end of additional filter chain; proceeding with original chain\n13:27:48,318  INFO btpool0-2 server.HibernateStatisticsFilter:35 - Requesting /mat/package in session 1hpa7ttkjcyxi\nHibernate: select this_.ID as ID4_0_, this_.NAME as NAME4_0_, this_.DESCRIPTION as DESCRIPT3_4_0_, this_.MEASURE_ID as MEASURE4_4_0_, this_.CONTEXT_ID as CONTEXT5_4_0_, this_.DECISION_ID as DECISION6_4_0_, this_.CLAUSE_TYPE_ID as CLAUSE7_4_0_, this_.STATUS_ID as STATUS8_4_0_, this_.VERSION as VERSION4_0_ from MAT_APP.CLAUSE this_ where this_.MEASURE_ID=?\nHibernate: select this_.PACKAGER_ID as PACKAGER1_24_3_, this_.MEASURE_ID as MEASURE2_24_3_, this_.CLAUSE_ID as CLAUSE3_24_3_, this_.SEQUENCE as SEQUENCE24_3_, measure2_.ID as ID14_0_, measure2_.ABBR_NAME as ABBR2_14_0_, measure2_.DESCRIPTION as DESCRIPT3_14_0_, measure2_.VERSION as VERSION14_0_, measure2_.MEASURE_STATUS as MEASURE5_14_0_, measure2_.MEASURE_OWNER_ID as MEASURE6_14_0_, measure2_.EXPORT_TS as EXPORT7_14_0_, user3_.USER_ID as USER1_13_1_, user3_.FIRST_NAME as FIRST2_13_1_, user3_.MIDDLE_INITIAL as MIDDLE9_13_1_, user3_.LAST_NAME as LAST10_13_1_, user3_.EMAIL_ADDRESS as EMAIL8_13_1_, user3_.PHONE_NO as PHONE11_13_1_, user3_.TITLE as TITLE13_1_, user3_.TERMINATION_DATE as TERMINA13_13_1_, user3_.ACTIVATION_DATE as ACTIVATION14_13_1_, user3_.SIGN_IN_DATE as SIGN5_13_1_, user3_.SIGN_OUT_DATE as SIGN6_13_1_, user3_.LOCKED_OUT_DATE as LOCKED7_13_1_, user3_.ORGANIZATION_NAME as ORGANIZ15_13_1_, user3_.ORG_OID as ORG16_13_1_, user3_.ROOT_OID as ROOT17_13_1_, user3_.STATUS_ID as STATUS4_13_1_, user3_.AUDIT_ID as AUDIT18_13_1_, user3_.SECURITY_ROLE_ID as SECURITY3_13_1_, clause4_.ID as ID4_2_, clause4_.NAME as NAME4_2_, clause4_.DESCRIPTION as DESCRIPT3_4_2_, clause4_.MEASURE_ID as MEASURE4_4_2_, clause4_.CONTEXT_ID as CONTEXT5_4_2_, clause4_.DECISION_ID as DECISION6_4_2_, clause4_.CLAUSE_TYPE_ID as CLAUSE7_4_2_, clause4_.STATUS_ID as STATUS8_4_2_, clause4_.VERSION as VERSION4_2_ from MAT_APP.PACKAGER this_ left outer join MAT_APP.MEASURE measure2_ on this_.MEASURE_ID=measure2_.ID left outer join MAT_APP.USER user3_ on measure2_.MEASURE_OWNER_ID=user3_.USER_ID left outer join MAT_APP.CLAUSE clause4_ on this_.CLAUSE_ID=clause4_.ID where lower(this_.MEASURE_ID)=?\nHibernate: select userpasswo0_.USER_PASSWORD_ID as USER1_37_3_, userpasswo0_.USER_ID as USER2_37_3_, userpasswo0_.PWD_LOCK_COUNTER as PWD3_37_3_, userpasswo0_.FIRST_FAILED_ATTEMPT_TIME as FIRST4_37_3_, userpasswo0_.FORGOT_PWD_LOCK_COUNTER as FORGOT5_37_3_, userpasswo0_.PASSWORD as PASSWORD37_3_, userpasswo0_.SALT as SALT37_3_, userpasswo0_.INITIAL_PWD as INITIAL8_37_3_, userpasswo0_.TEMP_PWD as TEMP9_37_3_, userpasswo0_.CREATE_DATE as CREATE10_37_3_, user1_.USER_ID as USER1_13_0_, user1_.FIRST_NAME as FIRST2_13_0_, user1_.MIDDLE_INITIAL as MIDDLE9_13_0_, user1_.LAST_NAME as LAST10_13_0_, user1_.EMAIL_ADDRESS as EMAIL8_13_0_, user1_.PHONE_NO as PHONE11_13_0_, user1_.TITLE as TITLE13_0_, user1_.TERMINATION_DATE as TERMINA13_13_0_, user1_.ACTIVATION_DATE as ACTIVATION14_13_0_, user1_.SIGN_IN_DATE as SIGN5_13_0_, user1_.SIGN_OUT_DATE as SIGN6_13_0_, user1_.LOCKED_OUT_DATE as LOCKED7_13_0_, user1_.ORGANIZATION_NAME as ORGANIZ15_13_0_, user1_.ORG_OID as ORG16_13_0_, user1_.ROOT_OID as ROOT17_13_0_, user1_.STATUS_ID as STATUS4_13_0_, user1_.AUDIT_ID as AUDIT18_13_0_, user1_.SECURITY_ROLE_ID as SECURITY3_13_0_, status2_.STATUS_ID as STATUS1_34_1_, status2_.DESCRIPTION as DESCRIPT2_34_1_, securityro3_.SECURITY_ROLE_ID as SECURITY1_31_2_, securityro3_.DESCRIPTION as DESCRIPT2_31_2_ from MAT_APP.USER_PASSWORD userpasswo0_ left outer join MAT_APP.USER user1_ on userpasswo0_.USER_ID=user1_.USER_ID left outer join MAT_APP.STATUS status2_ on user1_.STATUS_ID=status2_.STATUS_ID left outer join MAT_APP.SECURITY_ROLE securityro3_ on user1_.SECURITY_ROLE_ID=securityro3_.SECURITY_ROLE_ID where userpasswo0_.USER_ID=?\n13:27:48,365 DEBUG btpool0-2 access.ExceptionTranslationFilter:100 - Chain processed normally\n13:27:48,365 DEBUG btpool0-2 context.SecurityContextPersistenceFilter:89 - SecurityContextHolder now cleared, as request processing completed\nHibernate: delete from MAT_APP.METADATA where METADATA_ID in (? , ? , ? , ? , ? , ? , ? , ? , ? , ? , ? , ? , ? , ? , ? , ? , ? , ? , ? , ? , ? , ? , ? , ? , ? , ? , ? , ? , ? , ? , ? , ? , ? , ? , ? , ? , ? , ? , ? , ? , ? , ? , ? , ?)\nDeleted Row: 44\nHibernate: insert into MAT_APP.METADATA (NAME, VALUE, MEASURE_ID, METADATA_ID) values (?, ?, ?, ?)\nHibernate: insert into MAT_APP.METADATA (NAME, VALUE, MEASURE_ID, METADATA_ID) values (?, ?, ?, ?)\nHibernate: insert into MAT_APP.METADATA (NAME, VALUE, MEASURE_ID, METADATA_ID) values (?, ?, ?, ?)\nHibernate: insert into MAT_APP.METADATA (NAME, VALUE, MEASURE_ID, METADATA_ID) values (?, ?, ?, ?)\nHibernate: insert into MAT_APP.METADATA (NAME, VALUE, MEASURE_ID, METADATA_ID) values (?, ?, ?, ?)\nHibernate: insert into MAT_APP.METADATA (NAME, VALUE, MEASURE_ID, METADATA_ID) values (?, ?, ?, ?)\nHibernate: insert into MAT_APP.METADATA (NAME, VALUE, MEASURE_ID, METADATA_ID) values (?, ?, ?, ?)\nHibernate: insert into MAT_APP.METADATA (NAME, VALUE, MEASURE_ID, METADATA_ID) values (?, ?, ?, ?)\nHibernate: insert into MAT_APP.METADATA (NAME, VALUE, MEASURE_ID, METADATA_ID) values (?, ?, ?, ?)\nHibernate: insert into MAT_APP.METADATA (NAME, VALUE, MEASURE_ID, METADATA_ID) values (?, ?, ?, ?)\nHibernate: insert into MAT_APP.METADATA (NAME, VALUE, MEASURE_ID, METADATA_ID) values (?, ?, ?, ?)\nHibernate: insert into MAT_APP.METADATA (NAME, VALUE, MEASURE_ID, METADATA_ID) values (?, ?, ?, ?)\nHibernate: insert into MAT_APP.METADATA (NAME, VALUE, MEASURE_ID, METADATA_ID) values (?, ?, ?, ?)\nHibernate: insert into MAT_APP.METADATA (NAME, VALUE, MEASURE_ID, METADATA_ID) values (?, ?, ?, ?)\nHibernate: insert into MAT_APP.METADATA (NAME, VALUE, MEASURE_ID, METADATA_ID) values (?, ?, ?, ?)\nHibernate: insert into MAT_APP.METADATA (NAME, VALUE, MEASURE_ID, METADATA_ID) values (?, ?, ?, ?)\nHibernate: insert into MAT_APP.METADATA (NAME, VALUE, MEASURE_ID, METADATA_ID) values (?, ?, ?, ?)\nHibernate: insert into MAT_APP.METADATA (NAME, VALUE, MEASURE_ID, METADATA_ID) values (?, ?, ?, ?)\nHibernate: insert into MAT_APP.METADATA (NAME, VALUE, MEASURE_ID, METADATA_ID) values (?, ?, ?, ?)\nHibernate: insert into MAT_APP.METADATA (NAME, VALUE, MEASURE_ID, METADATA_ID) values (?, ?, ?, ?)\nHibernate: insert into MAT_APP.METADATA (NAME, VALUE, MEASURE_ID, METADATA_ID) values (?, ?, ?, ?)\nHibernate: insert into MAT_APP.METADATA (NAME, VALUE, MEASURE_ID, METADATA_ID) values (?, ?, ?, ?)\nHibernate: insert into MAT_APP.METADATA (NAME, VALUE, MEASURE_ID, METADATA_ID) values (?, ?, ?, ?)\nHibernate: insert into MAT_APP.METADATA (NAME, VALUE, MEASURE_ID, METADATA_ID) values (?, ?, ?, ?)\nHibernate: insert into MAT_APP.METADATA (NAME, VALUE, MEASURE_ID, METADATA_ID) values (?, ?, ?, ?)\nHibernate: insert into MAT_APP.METADATA (NAME, VALUE, MEASURE_ID, METADATA_ID) values (?, ?, ?, ?)\nHibernate: insert into MAT_APP.METADATA (NAME, VALUE, MEASURE_ID, METADATA_ID) values (?, ?, ?, ?)\nHibernate: insert into MAT_APP.METADATA (NAME, VALUE, MEASURE_ID, METADATA_ID) values (?, ?, ?, ?)\nHibernate: insert into MAT_APP.METADATA (NAME, VALUE, MEASURE_ID, METADATA_ID) values (?, ?, ?, ?)\nHibernate: insert into MAT_APP.METADATA (NAME, VALUE, MEASURE_ID, METADATA_ID) values (?, ?, ?, ?)\nHibernate: insert into MAT_APP.METADATA (NAME, VALUE, MEASURE_ID, METADATA_ID) values (?, ?, ?, ?)\nHibernate: insert into MAT_APP.METADATA (NAME, VALUE, MEASURE_ID, METADATA_ID) values (?, ?, ?, ?)\nHibernate: insert into MAT_APP.METADATA (NAME, VALUE, MEASURE_ID, METADATA_ID) values (?, ?, ?, ?)\nHibernate: insert into MAT_APP.METADATA (NAME, VALUE, MEASURE_ID, METADATA_ID) values (?, ?, ?, ?)\nHibernate: insert into MAT_APP.METADATA (NAME, VALUE, MEASURE_ID, METADATA_ID) values (?, ?, ?, ?)\nHibernate: insert into MAT_APP.METADATA (NAME, VALUE, MEASURE_ID, METADATA_ID) values (?, ?, ?, ?)\nHibernate: insert into MAT_APP.METADATA (NAME, VALUE, MEASURE_ID, METADATA_ID) values (?, ?, ?, ?)\nHibernate: insert into MAT_APP.METADATA (NAME, VALUE, MEASURE_ID, METADATA_ID) values (?, ?, ?, ?)\nHibernate: insert into MAT_APP.METADATA (NAME, VALUE, MEASURE_ID, METADATA_ID) values (?, ?, ?, ?)\nHibernate: insert into MAT_APP.METADATA (NAME, VALUE, MEASURE_ID, METADATA_ID) values (?, ?, ?, ?)\nHibernate: insert into MAT_APP.METADATA (NAME, VALUE, MEASURE_ID, METADATA_ID) values (?, ?, ?, ?)\nHibernate: insert into MAT_APP.METADATA (NAME, VALUE, MEASURE_ID, METADATA_ID) values (?, ?, ?, ?)\nHibernate: insert into MAT_APP.METADATA (NAME, VALUE, MEASURE_ID, METADATA_ID) values (?, ?, ?, ?)\nHibernate: insert into MAT_APP.METADATA (NAME, VALUE, MEASURE_ID, METADATA_ID) values (?, ?, ?, ?)\nHibernate: select this_.METADATA_ID as METADATA1_20_2_, this_.NAME as NAME20_2_, this_.VALUE as VALUE20_2_, this_.MEASURE_ID as MEASURE4_20_2_, measure2_.ID as ID14_0_, measure2_.ABBR_NAME as ABBR2_14_0_, measure2_.DESCRIPTION as DESCRIPT3_14_0_, measure2_.VERSION as VERSION14_0_, measure2_.MEASURE_STATUS as MEASURE5_14_0_, measure2_.MEASURE_OWNER_ID as MEASURE6_14_0_, measure2_.EXPORT_TS as EXPORT7_14_0_, user3_.USER_ID as USER1_13_1_, user3_.FIRST_NAME as FIRST2_13_1_, user3_.MIDDLE_INITIAL as MIDDLE9_13_1_, user3_.LAST_NAME as LAST10_13_1_, user3_.EMAIL_ADDRESS as EMAIL8_13_1_, user3_.PHONE_NO as PHONE11_13_1_, user3_.TITLE as TITLE13_1_, user3_.TERMINATION_DATE as TERMINA13_13_1_, user3_.ACTIVATION_DATE as ACTIVATION14_13_1_, user3_.SIGN_IN_DATE as SIGN5_13_1_, user3_.SIGN_OUT_DATE as SIGN6_13_1_, user3_.LOCKED_OUT_DATE as LOCKED7_13_1_, user3_.ORGANIZATION_NAME as ORGANIZ15_13_1_, user3_.ORG_OID as ORG16_13_1_, user3_.ROOT_OID as ROOT17_13_1_, user3_.STATUS_ID as STATUS4_13_1_, user3_.AUDIT_ID as AUDIT18_13_1_, user3_.SECURITY_ROLE_ID as SECURITY3_13_1_ from MAT_APP.METADATA this_ left outer join MAT_APP.MEASURE measure2_ on this_.MEASURE_ID=measure2_.ID left outer join MAT_APP.USER user3_ on measure2_.MEASURE_OWNER_ID=user3_.USER_ID where this_.MEASURE_ID=?\n1\n13:27:48,630 DEBUG btpool0-3 access.ExceptionTranslationFilter:100 - Chain processed normally\n13:27:48,630 DEBUG btpool0-3 context.SecurityContextPersistenceFilter:89 - SecurityContextHolder now cleared, as request processing completed\n13:27:49,443 DEBUG btpool0-3 web.FilterChainProxy:175 - Converted URL to lowercase, from: &apos;/mat/measurelibrary&apos;; to: &apos;/mat/measurelibrary&apos;\n13:27:49,443 DEBUG btpool0-3 web.FilterChainProxy:182 - Candidate is: &apos;/mat/measurelibrary&apos;; pattern is /**; matched=true\n13:27:49,443 DEBUG btpool0-3 web.FilterChainProxy:350 - /mat/measureLibrary at position 1 of 11 in additional filter chain; firing Filter: &apos;org.springframework.security.web.session.ConcurrentSessionFilter@fff76a&apos;\n13:27:49,443 DEBUG btpool0-3 web.FilterChainProxy:350 - /mat/measureLibrary at position 2 of 11 in additional filter chain; firing Filter: &apos;org.springframework.security.web.context.SecurityContextPersistenceFilter@cc7ed2&apos;\n13:27:49,443 DEBUG btpool0-3 context.HttpSessionSecurityContextRepository:165 - Obtained a valid SecurityContext from SPRING_SECURITY_CONTEXT: &apos;org.springframework.security.core.context.SecurityContextImpl@445d025b: Authentication: org.springframework.security.authentication.UsernamePasswordAuthenticationToken@445d025b: Principal: 8ae458ab2ceb6182012ceb88bf0a0001; Credentials: [PROTECTED]; Authenticated: true; Details: null; Granted Authorities: Super user&apos;\n13:27:49,443 DEBUG btpool0-3 web.FilterChainProxy:350 - /mat/measureLibrary at position 3 of 11 in additional filter chain; firing Filter: &apos;mat.server.PreventCachingFilter@1126c79&apos;\n13:27:49,443 DEBUG btpool0-3 web.FilterChainProxy:350 - /mat/measureLibrary at position 4 of 11 in additional filter chain; firing Filter: &apos;org.springframework.security.web.authentication.logout.LogoutFilter@8f8096&apos;\n13:27:49,443 DEBUG btpool0-3 web.FilterChainProxy:350 - /mat/measureLibrary at position 5 of 11 in additional filter chain; firing Filter: &apos;org.springframework.security.web.authentication.UsernamePasswordAuthenticationFilter@1430472&apos;\n13:27:49,443 DEBUG btpool0-3 web.FilterChainProxy:350 - /mat/measureLibrary at position 6 of 11 in additional filter chain; firing Filter: &apos;org.springframework.security.web.savedrequest.RequestCacheAwareFilter@d91483&apos;\n13:27:49,443 DEBUG btpool0-3 web.FilterChainProxy:350 - /mat/measureLibrary at position 7 of 11 in additional filter chain; firing Filter: &apos;org.springframework.security.web.servletapi.SecurityContextHolderAwareRequestFilter@1d1a5ea&apos;\n13:27:49,443 DEBUG btpool0-3 web.FilterChainProxy:350 - /mat/measureLibrary at position 8 of 11 in additional filter chain; firing Filter: &apos;org.springframework.security.web.authentication.AnonymousAuthenticationFilter@7d7d9a&apos;\n13:27:49,443 DEBUG btpool0-3 authentication.AnonymousAuthenticationFilter:72 - SecurityContextHolder not populated with anonymous token, as it already contained: &apos;org.springframework.security.authentication.UsernamePasswordAuthenticationToken@445d025b: Principal: 8ae458ab2ceb6182012ceb88bf0a0001; Credentials: [PROTECTED]; Authenticated: true; Details: null; Granted Authorities: Super user&apos;\n13:27:49,443 DEBUG btpool0-3 web.FilterChainProxy:350 - /mat/measureLibrary at position 9 of 11 in additional filter chain; firing Filter: &apos;org.springframework.security.web.session.SessionManagementFilter@c137df&apos;\n13:27:49,443 DEBUG btpool0-3 web.FilterChainProxy:350 - /mat/measureLibrary at position 10 of 11 in additional filter chain; firing Filter: &apos;org.springframework.security.web.access.ExceptionTranslationFilter@13da8bc&apos;\n13:27:49,443 DEBUG btpool0-3 web.FilterChainProxy:350 - /mat/measureLibrary at position 11 of 11 in additional filter chain; firing Filter: &apos;org.springframework.security.web.access.intercept.FilterSecurityInterceptor@110e7e5&apos;\n13:27:49,443 DEBUG btpool0-3 expression.ExpressionBasedFilterInvocationSecurityMetadataSource:173 - Converted URL to lowercase, from: &apos;/mat/measurelibrary&apos;; to: &apos;/mat/measurelibrary&apos;\n13:27:49,443 DEBUG btpool0-3 expression.ExpressionBasedFilterInvocationSecurityMetadataSource:200 - Candidate is: &apos;/mat/measurelibrary&apos;; pattern is /mat.html; matched=false\n13:27:49,443 DEBUG btpool0-3 intercept.FilterSecurityInterceptor:182 - Public object - authentication not attempted\n13:27:49,443 DEBUG btpool0-3 web.FilterChainProxy:339 - /mat/measureLibrary reached end of additional filter chain; proceeding with original chain\n13:27:49,443  INFO btpool0-3 server.HibernateStatisticsFilter:35 - Requesting /mat/measureLibrary in session 1hpa7ttkjcyxi\nHibernate: select measure0_.ID as ID14_4_, measure0_.ABBR_NAME as ABBR2_14_4_, measure0_.DESCRIPTION as DESCRIPT3_14_4_, measure0_.VERSION as VERSION14_4_, measure0_.MEASURE_STATUS as MEASURE5_14_4_, measure0_.MEASURE_OWNER_ID as MEASURE6_14_4_, measure0_.EXPORT_TS as EXPORT7_14_4_, user1_.USER_ID as USER1_13_0_, user1_.FIRST_NAME as FIRST2_13_0_, user1_.MIDDLE_INITIAL as MIDDLE9_13_0_, user1_.LAST_NAME as LAST10_13_0_, user1_.EMAIL_\n      </recommendation>\n    </recommendations>\n    <references>\n      <reference>\n        13:27:48,318 DEBUG btpool0-2 web.FilterChainProxy:339 - /mat/package reached end of additional filter chain; proceeding with original chain\n13:27:48,318  INFO btpool0-2 server.HibernateStatisticsFilter:35 - Requesting /mat/package in session 1hpa7ttkjcyxi\nHibernate: select this_.ID as ID4_0_, this_.NAME as NAME4_0_, this_.DESCRIPTION as DESCRIPT3_4_0_, this_.MEASURE_ID as MEASURE4_4_0_, this_.CONTEXT_ID as CONTEXT5_4_0_, this_.DECISION_ID as DECISION6_4_0_, this_.CLAUSE_TYPE_ID as CLAUSE7_4_0_, this_.STATUS_ID as STATUS8_4_0_, this_.VERSION as VERSION4_0_ from MAT_APP.CLAUSE this_ where this_.MEASURE_ID=?\nHibernate: select this_.PACKAGER_ID as PACKAGER1_24_3_, this_.MEASURE_ID as MEASURE2_24_3_, this_.CLAUSE_ID as CLAUSE3_24_3_, this_.SEQUENCE as SEQUENCE24_3_, measure2_.ID as ID14_0_, measure2_.ABBR_NAME as ABBR2_14_0_, measure2_.DESCRIPTION as DESCRIPT3_14_0_, measure2_.VERSION as VERSION14_0_, measure2_.MEASURE_STATUS as MEASURE5_14_0_, measure2_.MEASURE_OWNER_ID as MEASURE6_14_0_, measure2_.EXPORT_TS as EXPORT7_14_0_, user3_.USER_ID as USER1_13_1_, user3_.FIRST_NAME as FIRST2_13_1_, user3_.MIDDLE_INITIAL as MIDDLE9_13_1_, user3_.LAST_NAME as LAST10_13_1_, user3_.EMAIL_ADDRESS as EMAIL8_13_1_, user3_.PHONE_NO as PHONE11_13_1_, user3_.TITLE as TITLE13_1_, user3_.TERMINATION_DATE as TERMINA13_13_1_, user3_.ACTIVATION_DATE as ACTIVATION14_13_1_, user3_.SIGN_IN_DATE as SIGN5_13_1_, user3_.SIGN_OUT_DATE as SIGN6_13_1_, user3_.LOCKED_OUT_DATE as LOCKED7_13_1_, user3_.ORGANIZATION_NAME as ORGANIZ15_13_1_, user3_.ORG_OID as ORG16_13_1_, user3_.ROOT_OID as ROOT17_13_1_, user3_.STATUS_ID as STATUS4_13_1_, user3_.AUDIT_ID as AUDIT18_13_1_, user3_.SECURITY_ROLE_ID as SECURITY3_13_1_, clause4_.ID as ID4_2_, clause4_.NAME as NAME4_2_, clause4_.DESCRIPTION as DESCRIPT3_4_2_, clause4_.MEASURE_ID as MEASURE4_4_2_, clause4_.CONTEXT_ID as CONTEXT5_4_2_, clause4_.DECISION_ID as DECISION6_4_2_, clause4_.CLAUSE_TYPE_ID as CLAUSE7_4_2_, clause4_.STATUS_ID as STATUS8_4_2_, clause4_.VERS\n      </reference>\n      <reference>\n        13:27:48,318 DEBUG btpool0-2 web.FilterChainProxy:339 - /mat/package reached end of additional filter chain; proceeding with original chain\n13:27:48,318  INFO btpool0-2 server.HibernateStatisticsFilter:35 - Requesting /mat/package in session 1hpa7ttkjcyxi\nHibernate: select this_.ID as ID4_0_, this_.NAME as NAME4_0_, this_.DESCRIPTION as DESCRIPT3_4_0_, this_.MEASURE_ID as MEASURE4_4_0_, this_.CONTEXT_ID as CONTEXT5_4_0_, this_.DECISION_ID as DECISION6_4_0_, this_.CLAUSE_TYPE_ID as CLAUSE7_4_0_, this_.STATUS_ID as STATUS8_4_0_, this_.VERSION as VERSION4_0_ from MAT_APP.CLAUSE this_ where this_.MEASURE_ID=?\nHibernate: select this_.PACKAGER_ID as PACKAGER1_24_3_, this_.MEASURE_ID as MEASURE2_24_3_, this_.CLAUSE_ID as CLAUSE3_24_3_, this_.SEQUENCE as SEQUENCE24_3_, measure2_.ID as ID14_0_, measure2_.ABBR_NAME as ABBR2_14_0_, measure2_.DESCRIPTION as DESCRIPT3_14_0_, measure2_.VERSION as VERSION14_0_, measure2_.MEASURE_STATUS as MEASURE5_14_0_, measure2_.MEASURE_OWNER_ID as MEASURE6_14_0_, measure2_.EXPORT_TS as EXPORT7_14_0_, user3_.USER_ID as USER1_13_1_, user3_.FIRST_NAME as FIRST2_13_1_, user3_.MIDDLE_INITIAL as MIDDLE9_13_1_, user3_.LAST_NAME as LAST10_13_1_, user3_.EMAIL_ADDRESS as EMAIL8_13_1_, user3_.PHONE_NO as PHONE11_13_1_, user3_.TITLE as TITLE13_1_, user3_.TERMINATION_DATE as TERMINA13_13_1_, user3_.ACTIVATION_DATE as ACTIVATION14_13_1_, user3_.SIGN_IN_DATE as SIGN5_13_1_, user3_.SIGN_OUT_DATE as SIGN6_13_1_, user3_.LOCKED_OUT_DATE as LOCKED7_13_1_, user3_.ORGANIZATION_NAME as ORGANIZ15_13_1_, user3_.ORG_OID as ORG16_13_1_, user3_.ROOT_OID as ROOT17_13_1_, user3_.STATUS_ID as STATUS4_13_1_, user3_.AUDIT_ID as AUDIT18_13_1_, user3_.SECURITY_ROLE_ID as SECURITY3_13_1_, clause4_.ID as ID4_2_, clause4_.NAME as NAME4_2_, clause4_.DESCRIPTION as DESCRIPT3_4_2_, clause4_.MEASURE_ID as MEASURE4_4_2_, clause4_.CONTEXT_ID as CONTEXT5_4_2_, clause4_.DECISION_ID as DECISION6_4_2_, clause4_.CLAUSE_TYPE_ID as CLAUSE7_4_2_, clause4_.STATUS_ID as STATUS8_4_2_, clause4_.VERS\n      </reference>\n      <reference>\n        13:27:48,318 DEBUG btpool0-2 web.FilterChainProxy:339 - /mat/package reached end of additional filter chain; proceeding with original chain\n13:27:48,318  INFO btpool0-2 server.HibernateStatisticsFilter:35 - Requesting /mat/package in session 1hpa7ttkjcyxi\nHibernate: select this_.ID as ID4_0_, this_.NAME as NAME4_0_, this_.DESCRIPTION as DESCRIPT3_4_0_, this_.MEASURE_ID as MEASURE4_4_0_, this_.CONTEXT_ID as CONTEXT5_4_0_, this_.DECISION_ID as DECISION6_4_0_, this_.CLAUSE_TYPE_ID as CLAUSE7_4_0_, this_.STATUS_ID as STATUS8_4_0_, this_.VERSION as VERSION4_0_ from MAT_APP.CLAUSE this_ where this_.MEASURE_ID=?\nHibernate: select this_.PACKAGER_ID as PACKAGER1_24_3_, this_.MEASURE_ID as MEASURE2_24_3_, this_.CLAUSE_ID as CLAUSE3_24_3_, this_.SEQUENCE as SEQUENCE24_3_, measure2_.ID as ID14_0_, measure2_.ABBR_NAME as ABBR2_14_0_, measure2_.DESCRIPTION as DESCRIPT3_14_0_, measure2_.VERSION as VERSION14_0_, measure2_.MEASURE_STATUS as MEASURE5_14_0_, measure2_.MEASURE_OWNER_ID as MEASURE6_14_0_, measure2_.EXPORT_TS as EXPORT7_14_0_, user3_.USER_ID as USER1_13_1_, user3_.FIRST_NAME as FIRST2_13_1_, user3_.MIDDLE_INITIAL as MIDDLE9_13_1_, user3_.LAST_NAME as LAST10_13_1_, user3_.EMAIL_ADDRESS as EMAIL8_13_1_, user3_.PHONE_NO as PHONE11_13_1_, user3_.TITLE as TITLE13_1_, user3_.TERMINATION_DATE as TERMINA13_13_1_, user3_.ACTIVATION_DATE as ACTIVATION14_13_1_, user3_.SIGN_IN_DATE as SIGN5_13_1_, user3_.SIGN_OUT_DATE as SIGN6_13_1_, user3_.LOCKED_OUT_DATE as LOCKED7_13_1_, user3_.ORGANIZATION_NAME as ORGANIZ15_13_1_, user3_.ORG_OID as ORG16_13_1_, user3_.ROOT_OID as ROOT17_13_1_, user3_.STATUS_ID as STATUS4_13_1_, user3_.AUDIT_ID as AUDIT18_13_1_, user3_.SECURITY_ROLE_ID as SECURITY3_13_1_, clause4_.ID as ID4_2_, clause4_.NAME as NAME4_2_, clause4_.DESCRIPTION as DESCRIPT3_4_2_, clause4_.MEASURE_ID as MEASURE4_4_2_, clause4_.CONTEXT_ID as CONTEXT5_4_2_, clause4_.DECISION_ID as DECISION6_4_2_, clause4_.CLAUSE_TYPE_ID as CLAUSE7_4_2_, clause4_.STATUS_ID as STATUS8_4_2_, clause4_.VERS\n      </reference>\n      <reference>\n        13:27:48,318 DEBUG btpool0-2 web.FilterChainProxy:339 - /mat/package reached end of additional filter chain; proceeding with original chain\n13:27:48,318  INFO btpool0-2 server.HibernateStatisticsFilter:35 - Requesting /mat/package in session 1hpa7ttkjcyxi\nHibernate: select this_.ID as ID4_0_, this_.NAME as NAME4_0_, this_.DESCRIPTION as DESCRIPT3_4_0_, this_.MEASURE_ID as MEASURE4_4_0_, this_.CONTEXT_ID as CONTEXT5_4_0_, this_.DECISION_ID as DECISION6_4_0_, this_.CLAUSE_TYPE_ID as CLAUSE7_4_0_, this_.STATUS_ID as STATUS8_4_0_, this_.VERSION as VERSION4_0_ from MAT_APP.CLAUSE this_ where this_.MEASURE_ID=?\nHibernate: select this_.PACKAGER_ID as PACKAGER1_24_3_, this_.MEASURE_ID as MEASURE2_24_3_, this_.CLAUSE_ID as CLAUSE3_24_3_, this_.SEQUENCE as SEQUENCE24_3_, measure2_.ID as ID14_0_, measure2_.ABBR_NAME as ABBR2_14_0_, measure2_.DESCRIPTION as DESCRIPT3_14_0_, measure2_.VERSION as VERSION14_0_, measure2_.MEASURE_STATUS as MEASURE5_14_0_, measure2_.MEASURE_OWNER_ID as MEASURE6_14_0_, measure2_.EXPORT_TS as EXPORT7_14_0_, user3_.USER_ID as USER1_13_1_, user3_.FIRST_NAME as FIRST2_13_1_, user3_.MIDDLE_INITIAL as MIDDLE9_13_1_, user3_.LAST_NAME as LAST10_13_1_, user3_.EMAIL_ADDRESS as EMAIL8_13_1_, user3_.PHONE_NO as PHONE11_13_1_, user3_.TITLE as TITLE13_1_, user3_.TERMINATION_DATE as TERMINA13_13_1_, user3_.ACTIVATION_DATE as ACTIVATION14_13_1_, user3_.SIGN_IN_DATE as SIGN5_13_1_, user3_.SIGN_OUT_DATE as SIGN6_13_1_, user3_.LOCKED_OUT_DATE as LOCKED7_13_1_, user3_.ORGANIZATION_NAME as ORGANIZ15_13_1_, user3_.ORG_OID as ORG16_13_1_, user3_.ROOT_OID as ROOT17_13_1_, user3_.STATUS_ID as STATUS4_13_1_, user3_.AUDIT_ID as AUDIT18_13_1_, user3_.SECURITY_ROLE_ID as SECURITY3_13_1_, clause4_.ID as ID4_2_, clause4_.NAME as NAME4_2_, clause4_.DESCRIPTION as DESCRIPT3_4_2_, clause4_.MEASURE_ID as MEASURE4_4_2_, clause4_.CONTEXT_ID as CONTEXT5_4_2_, clause4_.DECISION_ID as DECISION6_4_2_, clause4_.CLAUSE_TYPE_ID as CLAUSE7_4_2_, clause4_.STATUS_ID as STATUS8_4_2_, clause4_.VERS\n      </reference>\n      <reference>\n        13:27:48,318 DEBUG btpool0-2 web.FilterChainProxy:339 - /mat/package reached end of additional filter chain; proceeding with original chain\n13:27:48,318  INFO btpool0-2 server.HibernateStatisticsFilter:35 - Requesting /mat/package in session 1hpa7ttkjcyxi\nHibernate: select this_.ID as ID4_0_, this_.NAME as NAME4_0_, this_.DESCRIPTION as DESCRIPT3_4_0_, this_.MEASURE_ID as MEASURE4_4_0_, this_.CONTEXT_ID as CONTEXT5_4_0_, this_.DECISION_ID as DECISION6_4_0_, this_.CLAUSE_TYPE_ID as CLAUSE7_4_0_, this_.STATUS_ID as STATUS8_4_0_, this_.VERSION as VERSION4_0_ from MAT_APP.CLAUSE this_ where this_.MEASURE_ID=?\nHibernate: select this_.PACKAGER_ID as PACKAGER1_24_3_, this_.MEASURE_ID as MEASURE2_24_3_, this_.CLAUSE_ID as CLAUSE3_24_3_, this_.SEQUENCE as SEQUENCE24_3_, measure2_.ID as ID14_0_, measure2_.ABBR_NAME as ABBR2_14_0_, measure2_.DESCRIPTION as DESCRIPT3_14_0_, measure2_.VERSION as VERSION14_0_, measure2_.MEASURE_STATUS as MEASURE5_14_0_, measure2_.MEASURE_OWNER_ID as MEASURE6_14_0_, measure2_.EXPORT_TS as EXPORT7_14_0_, user3_.USER_ID as USER1_13_1_, user3_.FIRST_NAME as FIRST2_13_1_, user3_.MIDDLE_INITIAL as MIDDLE9_13_1_, user3_.LAST_NAME as LAST10_13_1_, user3_.EMAIL_ADDRESS as EMAIL8_13_1_, user3_.PHONE_NO as PHONE11_13_1_, user3_.TITLE as TITLE13_1_, user3_.TERMINATION_DATE as TERMINA13_13_1_, user3_.ACTIVATION_DATE as ACTIVATION14_13_1_, user3_.SIGN_IN_DATE as SIGN5_13_1_, user3_.SIGN_OUT_DATE as SIGN6_13_1_, user3_.LOCKED_OUT_DATE as LOCKED7_13_1_, user3_.ORGANIZATION_NAME as ORGANIZ15_13_1_, user3_.ORG_OID as ORG16_13_1_, user3_.ROOT_OID as ROOT17_13_1_, user3_.STATUS_ID as STATUS4_13_1_, user3_.AUDIT_ID as AUDIT18_13_1_, user3_.SECURITY_ROLE_ID as SECURITY3_13_1_, clause4_.ID as ID4_2_, clause4_.NAME as NAME4_2_, clause4_.DESCRIPTION as DESCRIPT3_4_2_, clause4_.MEASURE_ID as MEASURE4_4_2_, clause4_.CONTEXT_ID as CONTEXT5_4_2_, clause4_.DECISION_ID as DECISION6_4_2_, clause4_.CLAUSE_TYPE_ID as CLAUSE7_4_2_, clause4_.STATUS_ID as STATUS8_4_2_, clause4_.VERS\n      </reference>\n      <reference>\n        13:27:48,318 DEBUG btpool0-2 web.FilterChainProxy:339 - /mat/package reached end of additional filter chain; proceeding with original chain\n13:27:48,318  INFO btpool0-2 server.HibernateStatisticsFilter:35 - Requesting /mat/package in session 1hpa7ttkjcyxi\nHibernate: select this_.ID as ID4_0_, this_.NAME as NAME4_0_, this_.DESCRIPTION as DESCRIPT3_4_0_, this_.MEASURE_ID as MEASURE4_4_0_, this_.CONTEXT_ID as CONTEXT5_4_0_, this_.DECISION_ID as DECISION6_4_0_, this_.CLAUSE_TYPE_ID as CLAUSE7_4_0_, this_.STATUS_ID as STATUS8_4_0_, this_.VERSION as VERSION4_0_ from MAT_APP.CLAUSE this_ where this_.MEASURE_ID=?\nHibernate: select this_.PACKAGER_ID as PACKAGER1_24_3_, this_.MEASURE_ID as MEASURE2_24_3_, this_.CLAUSE_ID as CLAUSE3_24_3_, this_.SEQUENCE as SEQUENCE24_3_, measure2_.ID as ID14_0_, measure2_.ABBR_NAME as ABBR2_14_0_, measure2_.DESCRIPTION as DESCRIPT3_14_0_, measure2_.VERSION as VERSION14_0_, measure2_.MEASURE_STATUS as MEASURE5_14_0_, measure2_.MEASURE_OWNER_ID as MEASURE6_14_0_, measure2_.EXPORT_TS as EXPORT7_14_0_, user3_.USER_ID as USER1_13_1_, user3_.FIRST_NAME as FIRST2_13_1_, user3_.MIDDLE_INITIAL as MIDDLE9_13_1_, user3_.LAST_NAME as LAST10_13_1_, user3_.EMAIL_ADDRESS as EMAIL8_13_1_, user3_.PHONE_NO as PHONE11_13_1_, user3_.TITLE as TITLE13_1_, user3_.TERMINATION_DATE as TERMINA13_13_1_, user3_.ACTIVATION_DATE as ACTIVATION14_13_1_, user3_.SIGN_IN_DATE as SIGN5_13_1_, user3_.SIGN_OUT_DATE as SIGN6_13_1_, user3_.LOCKED_OUT_DATE as LOCKED7_13_1_, user3_.ORGANIZATION_NAME as ORGANIZ15_13_1_, user3_.ORG_OID as ORG16_13_1_, user3_.ROOT_OID as ROOT17_13_1_, user3_.STATUS_ID as STATUS4_13_1_, user3_.AUDIT_ID as AUDIT18_13_1_, user3_.SECURITY_ROLE_ID as SECURITY3_13_1_, clause4_.ID as ID4_2_, clause4_.NAME as NAME4_2_, clause4_.DESCRIPTION as DESCRIPT3_4_2_, clause4_.MEASURE_ID as MEASURE4_4_2_, clause4_.CONTEXT_ID as CONTEXT5_4_2_, clause4_.DECISION_ID as DECISION6_4_2_, clause4_.CLAUSE_TYPE_ID as CLAUSE7_4_2_, clause4_.STATUS_ID as STATUS8_4_2_, clause4_.VERS\n      </reference>\n      <reference>\n        13:27:48,318 DEBUG btpool0-2 web.FilterChainProxy:339 - /mat/package reached end of additional filter chain; proceeding with original chain\n13:27:48,318  INFO btpool0-2 server.HibernateStatisticsFilter:35 - Requesting /mat/package in session 1hpa7ttkjcyxi\nHibernate: select this_.ID as ID4_0_, this_.NAME as NAME4_0_, this_.DESCRIPTION as DESCRIPT3_4_0_, this_.MEASURE_ID as MEASURE4_4_0_, this_.CONTEXT_ID as CONTEXT5_4_0_, this_.DECISION_ID as DECISION6_4_0_, this_.CLAUSE_TYPE_ID as CLAUSE7_4_0_, this_.STATUS_ID as STATUS8_4_0_, this_.VERSION as VERSION4_0_ from MAT_APP.CLAUSE this_ where this_.MEASURE_ID=?\nHibernate: select this_.PACKAGER_ID as PACKAGER1_24_3_, this_.MEASURE_ID as MEASURE2_24_3_, this_.CLAUSE_ID as CLAUSE3_24_3_, this_.SEQUENCE as SEQUENCE24_3_, measure2_.ID as ID14_0_, measure2_.ABBR_NAME as ABBR2_14_0_, measure2_.DESCRIPTION as DESCRIPT3_14_0_, measure2_.VERSION as VERSION14_0_, measure2_.MEASURE_STATUS as MEASURE5_14_0_, measure2_.MEASURE_OWNER_ID as MEASURE6_14_0_, measure2_.EXPORT_TS as EXPORT7_14_0_, user3_.USER_ID as USER1_13_1_, user3_.FIRST_NAME as FIRST2_13_1_, user3_.MIDDLE_INITIAL as MIDDLE9_13_1_, user3_.LAST_NAME as LAST10_13_1_, user3_.EMAIL_ADDRESS as EMAIL8_13_1_, user3_.PHONE_NO as PHONE11_13_1_, user3_.TITLE as TITLE13_1_, user3_.TERMINATION_DATE as TERMINA13_13_1_, user3_.ACTIVATION_DATE as ACTIVATION14_13_1_, user3_.SIGN_IN_DATE as SIGN5_13_1_, user3_.SIGN_OUT_DATE as SIGN6_13_1_, user3_.LOCKED_OUT_DATE as LOCKED7_13_1_, user3_.ORGANIZATION_NAME as ORGANIZ15_13_1_, user3_.ORG_OID as ORG16_13_1_, user3_.ROOT_OID as ROOT17_13_1_, user3_.STATUS_ID as STATUS4_13_1_, user3_.AUDIT_ID as AUDIT18_13_1_, user3_.SECURITY_ROLE_ID as SECURITY3_13_1_, clause4_.ID as ID4_2_, clause4_.NAME as NAME4_2_, clause4_.DESCRIPTION as DESCRIPT3_4_2_, clause4_.MEASURE_ID as MEASURE4_4_2_, clause4_.CONTEXT_ID as CONTEXT5_4_2_, clause4_.DECISION_ID as DECISION6_4_2_, clause4_.CLAUSE_TYPE_ID as CLAUSE7_4_2_, clause4_.STATUS_ID as STATUS8_4_2_, clause4_.VERS\n      </reference>\n      <reference>\n        13:27:48,318 DEBUG btpool0-2 web.FilterChainProxy:339 - /mat/package reached end of additional filter chain; proceeding with original chain\n13:27:48,318  INFO btpool0-2 server.HibernateStatisticsFilter:35 - Requesting /mat/package in session 1hpa7ttkjcyxi\nHibernate: select this_.ID as ID4_0_, this_.NAME as NAME4_0_, this_.DESCRIPTION as DESCRIPT3_4_0_, this_.MEASURE_ID as MEASURE4_4_0_, this_.CONTEXT_ID as CONTEXT5_4_0_, this_.DECISION_ID as DECISION6_4_0_, this_.CLAUSE_TYPE_ID as CLAUSE7_4_0_, this_.STATUS_ID as STATUS8_4_0_, this_.VERSION as VERSION4_0_ from MAT_APP.CLAUSE this_ where this_.MEASURE_ID=?\nHibernate: select this_.PACKAGER_ID as PACKAGER1_24_3_, this_.MEASURE_ID as MEASURE2_24_3_, this_.CLAUSE_ID as CLAUSE3_24_3_, this_.SEQUENCE as SEQUENCE24_3_, measure2_.ID as ID14_0_, measure2_.ABBR_NAME as ABBR2_14_0_, measure2_.DESCRIPTION as DESCRIPT3_14_0_, measure2_.VERSION as VERSION14_0_, measure2_.MEASURE_STATUS as MEASURE5_14_0_, measure2_.MEASURE_OWNER_ID as MEASURE6_14_0_, measure2_.EXPORT_TS as EXPORT7_14_0_, user3_.USER_ID as USER1_13_1_, user3_.FIRST_NAME as FIRST2_13_1_, user3_.MIDDLE_INITIAL as MIDDLE9_13_1_, user3_.LAST_NAME as LAST10_13_1_, user3_.EMAIL_ADDRESS as EMAIL8_13_1_, user3_.PHONE_NO as PHONE11_13_1_, user3_.TITLE as TITLE13_1_, user3_.TERMINATION_DATE as TERMINA13_13_1_, user3_.ACTIVATION_DATE as ACTIVATION14_13_1_, user3_.SIGN_IN_DATE as SIGN5_13_1_, user3_.SIGN_OUT_DATE as SIGN6_13_1_, user3_.LOCKED_OUT_DATE as LOCKED7_13_1_, user3_.ORGANIZATION_NAME as ORGANIZ15_13_1_, user3_.ORG_OID as ORG16_13_1_, user3_.ROOT_OID as ROOT17_13_1_, user3_.STATUS_ID as STATUS4_13_1_, user3_.AUDIT_ID as AUDIT18_13_1_, user3_.SECURITY_ROLE_ID as SECURITY3_13_1_, clause4_.ID as ID4_2_, clause4_.NAME as NAME4_2_, clause4_.DESCRIPTION as DESCRIPT3_4_2_, clause4_.MEASURE_ID as MEASURE4_4_2_, clause4_.CONTEXT_ID as CONTEXT5_4_2_, clause4_.DECISION_ID as DECISION6_4_2_, clause4_.CLAUSE_TYPE_ID as CLAUSE7_4_2_, clause4_.STATUS_ID as STATUS8_4_2_, clause4_.VERS\n      </reference>\n      <reference>\n        13:27:48,318 DEBUG btpool0-2 web.FilterChainProxy:339 - /mat/package reached end of additional filter chain; proceeding with original chain\n13:27:48,318  INFO btpool0-2 server.HibernateStatisticsFilter:35 - Requesting /mat/package in session 1hpa7ttkjcyxi\nHibernate: select this_.ID as ID4_0_, this_.NAME as NAME4_0_, this_.DESCRIPTION as DESCRIPT3_4_0_, this_.MEASURE_ID as MEASURE4_4_0_, this_.CONTEXT_ID as CONTEXT5_4_0_, this_.DECISION_ID as DECISION6_4_0_, this_.CLAUSE_TYPE_ID as CLAUSE7_4_0_, this_.STATUS_ID as STATUS8_4_0_, this_.VERSION as VERSION4_0_ from MAT_APP.CLAUSE this_ where this_.MEASURE_ID=?\nHibernate: select this_.PACKAGER_ID as PACKAGER1_24_3_, this_.MEASURE_ID as MEASURE2_24_3_, this_.CLAUSE_ID as CLAUSE3_24_3_, this_.SEQUENCE as SEQUENCE24_3_, measure2_.ID as ID14_0_, measure2_.ABBR_NAME as ABBR2_14_0_, measure2_.DESCRIPTION as DESCRIPT3_14_0_, measure2_.VERSION as VERSION14_0_, measure2_.MEASURE_STATUS as MEASURE5_14_0_, measure2_.MEASURE_OWNER_ID as MEASURE6_14_0_, measure2_.EXPORT_TS as EXPORT7_14_0_, user3_.USER_ID as USER1_13_1_, user3_.FIRST_NAME as FIRST2_13_1_, user3_.MIDDLE_INITIAL as MIDDLE9_13_1_, user3_.LAST_NAME as LAST10_13_1_, user3_.EMAIL_ADDRESS as EMAIL8_13_1_, user3_.PHONE_NO as PHONE11_13_1_, user3_.TITLE as TITLE13_1_, user3_.TERMINATION_DATE as TERMINA13_13_1_, user3_.ACTIVATION_DATE as ACTIVATION14_13_1_, user3_.SIGN_IN_DATE as SIGN5_13_1_, user3_.SIGN_OUT_DATE as SIGN6_13_1_, user3_.LOCKED_OUT_DATE as LOCKED7_13_1_, user3_.ORGANIZATION_NAME as ORGANIZ15_13_1_, user3_.ORG_OID as ORG16_13_1_, user3_.ROOT_OID as ROOT17_13_1_, user3_.STATUS_ID as STATUS4_13_1_, user3_.AUDIT_ID as AUDIT18_13_1_, user3_.SECURITY_ROLE_ID as SECURITY3_13_1_, clause4_.ID as ID4_2_, clause4_.NAME as NAME4_2_, clause4_.DESCRIPTION as DESCRIPT3_4_2_, clause4_.MEASURE_ID as MEASURE4_4_2_, clause4_.CONTEXT_ID as CONTEXT5_4_2_, clause4_.DECISION_ID as DECISION6_4_2_, clause4_.CLAUSE_TYPE_ID as CLAUSE7_4_2_, clause4_.STATUS_ID as STATUS8_4_2_, clause4_.VERS\n      </reference>\n      <reference>\n        13:27:48,318 DEBUG btpool0-2 web.FilterChainProxy:339 - /mat/package reached end of additional filter chain; proceeding with original chain\n13:27:48,318  INFO btpool0-2 server.HibernateStatisticsFilter:35 - Requesting /mat/package in session 1hpa7ttkjcyxi\nHibernate: select this_.ID as ID4_0_, this_.NAME as NAME4_0_, this_.DESCRIPTION as DESCRIPT3_4_0_, this_.MEASURE_ID as MEASURE4_4_0_, this_.CONTEXT_ID as CONTEXT5_4_0_, this_.DECISION_ID as DECISION6_4_0_, this_.CLAUSE_TYPE_ID as CLAUSE7_4_0_, this_.STATUS_ID as STATUS8_4_0_, this_.VERSION as VERSION4_0_ from MAT_APP.CLAUSE this_ where this_.MEASURE_ID=?\nHibernate: select this_.PACKAGER_ID as PACKAGER1_24_3_, this_.MEASURE_ID as MEASURE2_24_3_, this_.CLAUSE_ID as CLAUSE3_24_3_, this_.SEQUENCE as SEQUENCE24_3_, measure2_.ID as ID14_0_, measure2_.ABBR_NAME as ABBR2_14_0_, measure2_.DESCRIPTION as DESCRIPT3_14_0_, measure2_.VERSION as VERSION14_0_, measure2_.MEASURE_STATUS as MEASURE5_14_0_, measure2_.MEASURE_OWNER_ID as MEASURE6_14_0_, measure2_.EXPORT_TS as EXPORT7_14_0_, user3_.USER_ID as USER1_13_1_, user3_.FIRST_NAME as FIRST2_13_1_, user3_.MIDDLE_INITIAL as MIDDLE9_13_1_, user3_.LAST_NAME as LAST10_13_1_, user3_.EMAIL_ADDRESS as EMAIL8_13_1_, user3_.PHONE_NO as PHONE11_13_1_, user3_.TITLE as TITLE13_1_, user3_.TERMINATION_DATE as TERMINA13_13_1_, user3_.ACTIVATION_DATE as ACTIVATION14_13_1_, user3_.SIGN_IN_DATE as SIGN5_13_1_, user3_.SIGN_OUT_DATE as SIGN6_13_1_, user3_.LOCKED_OUT_DATE as LOCKED7_13_1_, user3_.ORGANIZATION_NAME as ORGANIZ15_13_1_, user3_.ORG_OID as ORG16_13_1_, user3_.ROOT_OID as ROOT17_13_1_, user3_.STATUS_ID as STATUS4_13_1_, user3_.AUDIT_ID as AUDIT18_13_1_, user3_.SECURITY_ROLE_ID as SECURITY3_13_1_, clause4_.ID as ID4_2_, clause4_.NAME as NAME4_2_, clause4_.DESCRIPTION as DESCRIPT3_4_2_, clause4_.MEASURE_ID as MEASURE4_4_2_, clause4_.CONTEXT_ID as CONTEXT5_4_2_, clause4_.DECISION_ID as DECISION6_4_2_, clause4_.CLAUSE_TYPE_ID as CLAUSE7_4_2_, clause4_.STATUS_ID as STATUS8_4_2_, clause4_.VERS\n      </reference>\n      <reference>\n        13:27:48,318 DEBUG btpool0-2 web.FilterChainProxy:339 - /mat/package reached end of additional filter chain; proceeding with original chain\n13:27:48,318  INFO btpool0-2 server.HibernateStatisticsFilter:35 - Requesting /mat/package in session 1hpa7ttkjcyxi\nHibernate: select this_.ID as ID4_0_, this_.NAME as NAME4_0_, this_.DESCRIPTION as DESCRIPT3_4_0_, this_.MEASURE_ID as MEASURE4_4_0_, this_.CONTEXT_ID as CONTEXT5_4_0_, this_.DECISION_ID as DECISION6_4_0_, this_.CLAUSE_TYPE_ID as CLAUSE7_4_0_, this_.STATUS_ID as STATUS8_4_0_, this_.VERSION as VERSION4_0_ from MAT_APP.CLAUSE this_ where this_.MEASURE_ID=?\nHibernate: select this_.PACKAGER_ID as PACKAGER1_24_3_, this_.MEASURE_ID as MEASURE2_24_3_, this_.CLAUSE_ID as CLAUSE3_24_3_, this_.SEQUENCE as SEQUENCE24_3_, measure2_.ID as ID14_0_, measure2_.ABBR_NAME as ABBR2_14_0_, measure2_.DESCRIPTION as DESCRIPT3_14_0_, measure2_.VERSION as VERSION14_0_, measure2_.MEASURE_STATUS as MEASURE5_14_0_, measure2_.MEASURE_OWNER_ID as MEASURE6_14_0_, measure2_.EXPORT_TS as EXPORT7_14_0_, user3_.USER_ID as USER1_13_1_, user3_.FIRST_NAME as FIRST2_13_1_, user3_.MIDDLE_INITIAL as MIDDLE9_13_1_, user3_.LAST_NAME as LAST10_13_1_, user3_.EMAIL_ADDRESS as EMAIL8_13_1_, user3_.PHONE_NO as PHONE11_13_1_, user3_.TITLE as TITLE13_1_, user3_.TERMINATION_DATE as TERMINA13_13_1_, user3_.ACTIVATION_DATE as ACTIVATION14_13_1_, user3_.SIGN_IN_DATE as SIGN5_13_1_, user3_.SIGN_OUT_DATE as SIGN6_13_1_, user3_.LOCKED_OUT_DATE as LOCKED7_13_1_, user3_.ORGANIZATION_NAME as ORGANIZ15_13_1_, user3_.ORG_OID as ORG16_13_1_, user3_.ROOT_OID as ROOT17_13_1_, user3_.STATUS_ID as STATUS4_13_1_, user3_.AUDIT_ID as AUDIT18_13_1_, user3_.SECURITY_ROLE_ID as SECURITY3_13_1_, clause4_.ID as ID4_2_, clause4_.NAME as NAME4_2_, clause4_.DESCRIPTION as DESCRIPT3_4_2_, clause4_.MEASURE_ID as MEASURE4_4_2_, clause4_.CONTEXT_ID as CONTEXT5_4_2_, clause4_.DECISION_ID as DECISION6_4_2_, clause4_.CLAUSE_TYPE_ID as CLAUSE7_4_2_, clause4_.STATUS_ID as STATUS8_4_2_, clause4_.VERS\n      </reference>\n      <reference>\n        13:27:48,318 DEBUG btpool0-2 web.FilterChainProxy:339 - /mat/package reached end of additional filter chain; proceeding with original chain\n13:27:48,318  INFO btpool0-2 server.HibernateStatisticsFilter:35 - Requesting /mat/package in session 1hpa7ttkjcyxi\nHibernate: select this_.ID as ID4_0_, this_.NAME as NAME4_0_, this_.DESCRIPTION as DESCRIPT3_4_0_, this_.MEASURE_ID as MEASURE4_4_0_, this_.CONTEXT_ID as CONTEXT5_4_0_, this_.DECISION_ID as DECISION6_4_0_, this_.CLAUSE_TYPE_ID as CLAUSE7_4_0_, this_.STATUS_ID as STATUS8_4_0_, this_.VERSION as VERSION4_0_ from MAT_APP.CLAUSE this_ where this_.MEASURE_ID=?\nHibernate: select this_.PACKAGER_ID as PACKAGER1_24_3_, this_.MEASURE_ID as MEASURE2_24_3_, this_.CLAUSE_ID as CLAUSE3_24_3_, this_.SEQUENCE as SEQUENCE24_3_, measure2_.ID as ID14_0_, measure2_.ABBR_NAME as ABBR2_14_0_, measure2_.DESCRIPTION as DESCRIPT3_14_0_, measure2_.VERSION as VERSION14_0_, measure2_.MEASURE_STATUS as MEASURE5_14_0_, measure2_.MEASURE_OWNER_ID as MEASURE6_14_0_, measure2_.EXPORT_TS as EXPORT7_14_0_, user3_.USER_ID as USER1_13_1_, user3_.FIRST_NAME as FIRST2_13_1_, user3_.MIDDLE_INITIAL as MIDDLE9_13_1_, user3_.LAST_NAME as LAST10_13_1_, user3_.EMAIL_ADDRESS as EMAIL8_13_1_, user3_.PHONE_NO as PHONE11_13_1_, user3_.TITLE as TITLE13_1_, user3_.TERMINATION_DATE as TERMINA13_13_1_, user3_.ACTIVATION_DATE as ACTIVATION14_13_1_, user3_.SIGN_IN_DATE as SIGN5_13_1_, user3_.SIGN_OUT_DATE as SIGN6_13_1_, user3_.LOCKED_OUT_DATE as LOCKED7_13_1_, user3_.ORGANIZATION_NAME as ORGANIZ15_13_1_, user3_.ORG_OID as ORG16_13_1_, user3_.ROOT_OID as ROOT17_13_1_, user3_.STATUS_ID as STATUS4_13_1_, user3_.AUDIT_ID as AUDIT18_13_1_, user3_.SECURITY_ROLE_ID as SECURITY3_13_1_, clause4_.ID as ID4_2_, clause4_.NAME as NAME4_2_, clause4_.DESCRIPTION as DESCRIPT3_4_2_, clause4_.MEASURE_ID as MEASURE4_4_2_, clause4_.CONTEXT_ID as CONTEXT5_4_2_, clause4_.DECISION_ID as DECISION6_4_2_, clause4_.CLAUSE_TYPE_ID as CLAUSE7_4_2_, clause4_.STATUS_ID as STATUS8_4_2_, clause4_.VERS\n      </reference>\n      <reference>\n        13:27:48,318 DEBUG btpool0-2 web.FilterChainProxy:339 - /mat/package reached end of additional filter chain; proceeding with original chain\n13:27:48,318  INFO btpool0-2 server.HibernateStatisticsFilter:35 - Requesting /mat/package in session 1hpa7ttkjcyxi\nHibernate: select this_.ID as ID4_0_, this_.NAME as NAME4_0_, this_.DESCRIPTION as DESCRIPT3_4_0_, this_.MEASURE_ID as MEASURE4_4_0_, this_.CONTEXT_ID as CONTEXT5_4_0_, this_.DECISION_ID as DECISION6_4_0_, this_.CLAUSE_TYPE_ID as CLAUSE7_4_0_, this_.STATUS_ID as STATUS8_4_0_, this_.VERSION as VERSION4_0_ from MAT_APP.CLAUSE this_ where this_.MEASURE_ID=?\nHibernate: select this_.PACKAGER_ID as PACKAGER1_24_3_, this_.MEASURE_ID as MEASURE2_24_3_, this_.CLAUSE_ID as CLAUSE3_24_3_, this_.SEQUENCE as SEQUENCE24_3_, measure2_.ID as ID14_0_, measure2_.ABBR_NAME as ABBR2_14_0_, measure2_.DESCRIPTION as DESCRIPT3_14_0_, measure2_.VERSION as VERSION14_0_, measure2_.MEASURE_STATUS as MEASURE5_14_0_, measure2_.MEASURE_OWNER_ID as MEASURE6_14_0_, measure2_.EXPORT_TS as EXPORT7_14_0_, user3_.USER_ID as USER1_13_1_, user3_.FIRST_NAME as FIRST2_13_1_, user3_.MIDDLE_INITIAL as MIDDLE9_13_1_, user3_.LAST_NAME as LAST10_13_1_, user3_.EMAIL_ADDRESS as EMAIL8_13_1_, user3_.PHONE_NO as PHONE11_13_1_, user3_.TITLE as TITLE13_1_, user3_.TERMINATION_DATE as TERMINA13_13_1_, user3_.ACTIVATION_DATE as ACTIVATION14_13_1_, user3_.SIGN_IN_DATE as SIGN5_13_1_, user3_.SIGN_OUT_DATE as SIGN6_13_1_, user3_.LOCKED_OUT_DATE as LOCKED7_13_1_, user3_.ORGANIZATION_NAME as ORGANIZ15_13_1_, user3_.ORG_OID as ORG16_13_1_, user3_.ROOT_OID as ROOT17_13_1_, user3_.STATUS_ID as STATUS4_13_1_, user3_.AUDIT_ID as AUDIT18_13_1_, user3_.SECURITY_ROLE_ID as SECURITY3_13_1_, clause4_.ID as ID4_2_, clause4_.NAME as NAME4_2_, clause4_.DESCRIPTION as DESCRIPT3_4_2_, clause4_.MEASURE_ID as MEASURE4_4_2_, clause4_.CONTEXT_ID as CONTEXT5_4_2_, clause4_.DECISION_ID as DECISION6_4_2_, clause4_.CLAUSE_TYPE_ID as CLAUSE7_4_2_, clause4_.STATUS_ID as STATUS8_4_2_, clause4_.VERS\n      </reference>\n    </references>\n    <improvementNotation>\n      13:27:48,318 DEBUG btpool0-2 web.FilterChainProxy:339 - /mat/package reached end of additional filter chain; proceeding with original chain\n13:27:48,318  INFO btpool0-2 server.HibernateStatisticsFilter:35 - Requesting /mat/package in session 1hpa7ttkjcyxi\nHibernate: select this_.ID as ID4_0_, this_.NAME as NAME4_0_, this_.DESCRIPTION as DESCRIPT3_4_0_, this_.MEASURE_ID as MEASURE4_4_0_, this_.CONTEXT_ID as CONTEXT5_4_0_, this_.DECISION_ID as DECISION6_4_0_, this_.CLAUSE_TYPE_ID as CLAUSE7_4_0_, this_.STATUS_ID as STATUS8_4_0_, this_.VERSION as VERSION4_0_ from MAT_APP.CLAUSE this_ where this_.MEASURE_ID=?\nHibernate: select this_.PACKAGER_ID as PACKAGER1_24_3_, this_.MEASURE_ID as MEASURE2_24_3_, this_.CLAUSE_ID as CLAUSE3_24_3_, this_.SEQUENCE as SEQUENCE24_3_, measure2_.ID as ID14_0_, measure2_.ABBR_NAME as ABBR2_14_0_, measure2_.DESCRIPTION as DESCRIPT3_14_0_, measure2_.VERSION as VERSION14_0_, measure2_.MEASURE_STATUS as MEASURE5_14_0_, measure2_.MEASURE_OWNER_ID as MEASURE6_14_0_, measure2_.EXPORT_TS as EXPORT7_14_0_, user3_.USER_ID as USER1_13_1_, user3_.FIRST_NAME as FIRST2_13_1_, user3_.MIDDLE_INITIAL as MIDDLE9_13_1_, user3_.LAST_NAME as LAST10_13_1_, user3_.EMAIL_ADDRESS as EMAIL8_13_1_, user3_.PHONE_NO as PHONE11_13_1_, user3_.TITLE as TITLE13_1_, user3_.TERMINATION_DATE as TERMINA13_13_1_, user3_.ACTIVATION_DATE as ACTIVATION14_13_1_, user3_.SIGN_IN_DATE as SIGN5_13_1_, user3_.SIGN_OUT_DATE as SIGN6_13_1_, user3_.LOCKED_OUT_DATE as LOCKED7_13_1_, user3_.ORGANIZATION_NAME as ORGANIZ15_13_1_, user3_.ORG_OID as ORG16_13_1_, user3_.ROOT_OID as ROOT17_13_1_, user3_.STATUS_ID as STATUS4_13_1_, user3_.AUDIT_ID as AUDIT18_13_1_, user3_.SECURITY_ROLE_ID as SECURITY3_13_1_, clause4_.ID as ID4_2_, clause4_.NAME as NAME4_2_, clause4_.DESCRIPTION as DESCRIPT3_4_2_, clause4_.MEASURE_ID as MEASURE4_4_2_, clause4_.CONTEXT_ID as CONTEXT5_4_2_, clause4_.DECISION_ID as DECISION6_4_2_, clause4_.CLAUSE_TYPE_ID as CLAUSE7_4_2_, clause4_.STATUS_ID as STATUS8_4_2_, clause4_.VERSION as VERSION4_2_ from MAT_APP.PACKAGER this_ left outer join MAT_APP.MEASURE measure2_ on this_.MEASURE_ID=measure2_.ID left outer join MAT_APP.USER user3_ on measure2_.MEASURE_OWNER_ID=user3_.USER_ID left outer join MAT_APP.CLAUSE clause4_ on this_.CLAUSE_ID=clause4_.ID where lower(this_.MEASURE_ID)=?\nHibernate: select userpasswo0_.USER_PASSWORD_ID as USER1_37_3_, userpasswo0_.USER_ID as USER2_37_3_, userpasswo0_.PWD_LOCK_COUNTER as PWD3_37_3_, userpasswo0_.FIRST_FAILED_ATTEMPT_TIME as FIRST4_37_3_, userpasswo0_.FORGOT_PWD_LOCK_COUNTER as FORGOT5_37_3_, userpasswo0_.PASSWORD as PASSWORD37_3_, userpasswo0_.SALT as SALT37_3_, userpasswo0_.INITIAL_PWD as INITIAL8_37_3_, userpasswo0_.TEMP_PWD as TEMP9_37_3_, userpasswo0_.CREATE_DATE as CREATE10_37_3_, user1_.USER_ID as USER1_13_0_, user1_.FIRST_NAME as FIRST2_13_0_, user1_.MIDDLE_INITIAL as MIDDLE9_13_0_, user1_.LAST_NAME as LAST10_13_0_, user1_.EMAIL_ADDRESS as EMAIL8_13_0_, user1_.PHONE_NO as PHONE11_13_0_, user1_.TITLE as TITLE13_0_, user1_.TERMINATION_DATE as TERMINA13_13_0_, user1_.ACTIVATION_DATE as ACTIVATION14_13_0_, user1_.SIGN_IN_DATE as SIGN5_13_0_, user1_.SIGN_OUT_DATE as SIGN6_13_0_, user1_.LOCKED_OUT_DATE as LOCKED7_13_0_, user1_.ORGANIZATION_NAME as ORGANIZ15_13_0_, user1_.ORG_OID as ORG16_13_0_, user1_.ROOT_OID as ROOT17_13_0_, user1_.STATUS_ID as STATUS4_13_0_, user1_.AUDIT_ID as AUDIT18_13_0_, user1_.SECURITY_ROLE_ID as SECURITY3_13_0_, status2_.STATUS_ID as STATUS1_34_1_, status2_.DESCRIPTION as DESCRIPT2_34_1_, securityro3_.SECURITY_ROLE_ID as SECURITY1_31_2_, securityro3_.DESCRIPTION as DESCRIPT2_31_2_ from MAT_APP.USER_PASSWORD userpasswo0_ left outer join MAT_APP.USER user1_ on userpasswo0_.USER_ID=user1_.USER_ID left outer join MAT_APP.STATUS status2_ on user1_.STATUS_ID=status2_.STATUS_ID left outer join MAT_APP.SECURITY_ROLE securityro3_ on user1_.SECURITY_ROLE_ID=securityro3_.SECURITY_ROLE_ID where userpasswo0_.USER_ID=?\n13:27:48,365 DEBUG btpool0-2 access.ExceptionTranslationFilter:100 - Chain processed normally\n13:27:48,365 DEBUG btpool0-2 context.SecurityContextPersistenceFilter:89 - SecurityContextHolder now cleared, as request processing completed\nHibernate: delete from MAT_APP.METADATA where METADATA_ID in (? , ? , ? , ? , ? , ? , ? , ? , ? , ? , ? , ? , ? , ? , ? , ? , ? , ? , ? , ? , ? , ? , ? , ? , ? , ? , ? , ? , ? , ? , ? , ? , ? , ? , ? , ? , ? , ? , ? , ? , ? , ? , ? , ?)\nDeleted Row: 44\nHibernate: insert into MAT_APP.METADATA (NAME, VALUE, MEASURE_ID, METADATA_ID) values (?, ?, ?, ?)\nHibernate: insert into MAT_APP.METADATA (NAME, VALUE, MEASURE_ID, METADATA_ID) values (?, ?, ?, ?)\nHibernate: insert into MAT_APP.METADATA (NAME, VALUE, MEASURE_ID, METADATA_ID) values (?, ?, ?, ?)\nHibernate: insert into MAT_APP.METADATA (NAME, VALUE, MEASURE_ID, METADATA_ID) values (?, ?, ?, ?)\nHibernate: insert into MAT_APP.METADATA (NAME, VALUE, MEASURE_ID, METADATA_ID) values (?, ?, ?, ?)\nHibernate: insert into MAT_APP.METADATA (NAME, VALUE, MEASURE_ID, METADATA_ID) values (?, ?, ?, ?)\nHibernate: insert into MAT_APP.METADATA (NAME, VALUE, MEASURE_ID, METADATA_ID) values (?, ?, ?, ?)\nHibernate: insert into MAT_APP.METADATA (NAME, VALUE, MEASURE_ID, METADATA_ID) values (?, ?, ?, ?)\nHibernate: insert into MAT_APP.METADATA (NAME, VALUE, MEASURE_ID, METADATA_ID) values (?, ?, ?, ?)\nHibernate: insert into MAT_APP.METADATA (NAME, VALUE, MEASURE_ID, METADATA_ID) values (?, ?, ?, ?)\nHibernate: insert into MAT_APP.METADATA (NAME, VALUE, MEASURE_ID, METADATA_ID) values (?, ?, ?, ?)\nHibernate: insert into MAT_APP.METADATA (NAME, VALUE, MEASURE_ID, METADATA_ID) values (?, ?, ?, ?)\nHibernate: insert into MAT_APP.METADATA (NAME, VALUE, MEASURE_ID, METADATA_ID) values (?, ?, ?, ?)\nHibernate: insert into MAT_APP.METADATA (NAME, VALUE, MEASURE_ID, METADATA_ID) values (?, ?, ?, ?)\nHibernate: insert into MAT_APP.METADATA (NAME, VALUE, MEASURE_ID, METADATA_ID) values (?, ?, ?, ?)\nHibernate: insert into MAT_APP.METADATA (NAME, VALUE, MEASURE_ID, METADATA_ID) values (?, ?, ?, ?)\nHibernate: insert into MAT_APP.METADATA (NAME, VALUE, MEASURE_ID, METADATA_ID) values (?, ?, ?, ?)\nHibernate: insert into MAT_APP.METADATA (NAME, VALUE, MEASURE_ID, METADATA_ID) values (?, ?, ?, ?)\nHibernate: insert into MAT_APP.METADATA (NAME, VALUE, MEASURE_ID, METADATA_ID) values (?, ?, ?, ?)\nHibernate: insert into MAT_APP.METADATA (NAME, VALUE, MEASURE_ID, METADATA_ID) values (?, ?, ?, ?)\nHibernate: insert into MAT_APP.METADATA (NAME, VALUE, MEASURE_ID, METADATA_ID) values (?, ?, ?, ?)\nHibernate: insert into MAT_APP.METADATA (NAME, VALUE, MEASURE_ID, METADATA_ID) values (?, ?, ?, ?)\nHibernate: insert into MAT_APP.METADATA (NAME, VALUE, MEASURE_ID, METADATA_ID) values (?, ?, ?, ?)\nHibernate: insert into MAT_APP.METADATA (NAME, VALUE, MEASURE_ID, METADATA_ID) values (?, ?, ?, ?)\nHibernate: insert into MAT_APP.METADATA (NAME, VALUE, MEASURE_ID, METADATA_ID) values (?, ?, ?, ?)\nHibernate: insert into MAT_APP.METADATA (NAME, VALUE, MEASURE_ID, METADATA_ID) values (?, ?, ?, ?)\nHibernate: insert into MAT_APP.METADATA (NAME, VALUE, MEASURE_ID, METADATA_ID) values (?, ?, ?, ?)\nHibernate: insert into MAT_APP.METADATA (NAME, VALUE, MEASURE_ID, METADATA_ID) values (?, ?, ?, ?)\nHibernate: insert into MAT_APP.METADATA (NAME, VALUE, MEASURE_ID, METADATA_ID) values (?, ?, ?, ?)\nHibernate: insert into MAT_APP.METADATA (NAME, VALUE, MEASURE_ID, METADATA_ID) values (?, ?, ?, ?)\nHibernate: insert into MAT_APP.METADATA (NAME, VALUE, MEASURE_ID, METADATA_ID) values (?, ?, ?, ?)\nHibernate: insert into MAT_APP.METADATA (NAME, VALUE, MEASURE_ID, METADATA_ID) values (?, ?, ?, ?)\nHibernate: insert into MAT_APP.METADATA (NAME, VALUE, MEASURE_ID, METADATA_ID) values (?, ?, ?, ?)\nHibernate: insert into MAT_APP.METADATA (NAME, VALUE, MEASURE_ID, METADATA_ID) values (?, ?, ?, ?)\nHibernate: insert into MAT_APP.METADATA (NAME, VALUE, MEASURE_ID, METADATA_ID) values (?, ?, ?, ?)\nHibernate: insert into MAT_APP.METADATA (NAME, VALUE, MEASURE_ID, METADATA_ID) values (?, ?, ?, ?)\nHibernate: insert into MAT_APP.METADATA (NAME, VALUE, MEASURE_ID, METADATA_ID) values (?, ?, ?, ?)\nHibernate: insert into MAT_APP.METADATA (NAME, VALUE, MEASURE_ID, METADATA_ID) values (?, ?, ?, ?)\nHibernate: insert into MAT_APP.METADATA (NAME, VALUE, MEASURE_ID, METADATA_ID) values (?, ?, ?, ?)\nHibernate: insert into MAT_APP.METADATA (NAME, VALUE, MEASURE_ID, METADATA_ID) values (?, ?, ?, ?)\nHibernate: insert into MAT_APP.METADATA (NAME, VALUE, MEASURE_ID, METADATA_ID) values (?, ?, ?, ?)\nHibernate: insert into MAT_APP.METADATA (NAME, VALUE, MEASURE_ID, METADATA_ID) values (?, ?, ?, ?)\nHibernate: insert into MAT_APP.METADATA (NAME, VALUE, MEASURE_ID, METADATA_ID) values (?, ?, ?, ?)\nHibernate: insert into MAT_APP.METADATA (NAME, VALUE, MEASURE_ID, METADATA_ID) values (?, ?, ?, ?)\nHibernate: select this_.METADATA_ID as METADATA1_20_2_, this_.NAME as NAME20_2_, this_.VALUE as VALUE20_2_, this_.MEASURE_ID as MEASURE4_20_2_, measure2_.ID as ID14_0_, measure2_.ABBR_NAME as ABBR2_14_0_, measure2_.DESCRIPTION as DESCRIPT3_14_0_, measure2_.VERSION as VERSION14_0_, measure2_.MEASURE_STATUS as MEASURE5_14_0_, measure2_.MEASURE_OWNER_ID as MEASURE6_14_0_, measure2_.EXPORT_TS as EXPORT7_14_0_, user3_.USER_ID as USER1_13_1_, user3_.FIRST_NAME as FIRST2_13_1_, user3_.MIDDLE_INITIAL as MIDDLE9_13_1_, user3_.LAST_NAME as LAST10_13_1_, user3_.EMAIL_ADDRESS as EMAIL8_13_1_, user3_.PHONE_NO as PHONE11_13_1_, user3_.TITLE as TITLE13_1_, user3_.TERMINATION_DATE as TERMINA13_13_1_, user3_.ACTIVATION_DATE as ACTIVATION14_13_1_, user3_.SIGN_IN_DATE as SIGN5_13_1_, user3_.SIGN_OUT_DATE as SIGN6_13_1_, user3_.LOCKED_OUT_DATE as LOCKED7_13_1_, user3_.ORGANIZATION_NAME as ORGANIZ15_13_1_, user3_.ORG_OID as ORG16_13_1_, user3_.ROOT_OID as ROOT17_13_1_, user3_.STATUS_ID as STATUS4_13_1_, user3_.AUDIT_ID as AUDIT18_13_1_, user3_.SECURITY_ROLE_ID as SECURITY3_13_1_ from MAT_APP.METADATA this_ left outer join MAT_APP.MEASURE measure2_ on this_.MEASURE_ID=measure2_.ID left outer join MAT_APP.USER user3_ on measure2_.MEASURE_OWNER_ID=user3_.USER_ID where this_.MEASURE_ID=?\n1\n13:27:48,630 DEBUG btpool0-3 access.ExceptionTranslationFilter:100 - Chain processed normally\n13:27:48,630 DEBUG btpool0-3 context.SecurityContextPersistenceFilter:89 - SecurityContextHolder now cleared, as request processing completed\n13:27:49,443 DEBUG btpool0-3 web.FilterChainProxy:175 - Converted URL to lowercase, from: &apos;/mat/measurelibrary&apos;; to: &apos;/mat/measurelibrary&apos;\n13:27:49,443 DEBUG btpool0-3 web.FilterChainProxy:182 - Candidate is: &apos;/mat/measurelibrary&apos;; pattern is /**; matched=true\n13:27:49,443 DEBUG btpool0-3 web.FilterChainProxy:350 - /mat/measureLibrary at position 1 of 11 in additional filter chain; firing Filter: &apos;org.springframework.security.web.session.ConcurrentSessionFilter@fff76a&apos;\n13:27:49,443 DEBUG btpool0-3 web.FilterChainProxy:350 - /mat/measureLibrary at position 2 of 11 in additional filter chain; firing Filter: &apos;org.springframework.security.web.context.SecurityContextPersistenceFilter@cc7ed2&apos;\n13:27:49,443 DEBUG btpool0-3 context.HttpSessionSecurityContextRepository:165 - Obtained a valid SecurityContext from SPRING_SECURITY_CONTEXT: &apos;org.springframework.security.core.context.SecurityContextImpl@445d025b: Authentication: org.springframework.security.authentication.UsernamePasswordAuthenticationToken@445d025b: Principal: 8ae458ab2ceb6182012ceb88bf0a0001; Credentials: [PROTECTED]; Authenticated: true; Details: null; Granted Authorities: Super user&apos;\n13:27:49,443 DEBUG btpool0-3 web.FilterChainProxy:350 - /mat/measureLibrary at position 3 of 11 in additional filter chain; firing Filter: &apos;mat.server.PreventCachingFilter@1126c79&apos;\n13:27:49,443 DEBUG btpool0-3 web.FilterChainProxy:350 - /mat/measureLibrary at position 4 of 11 in additional filter chain; firing Filter: &apos;org.springframework.security.web.authentication.logout.LogoutFilter@8f8096&apos;\n13:27:49,443 DEBUG btpool0-3 web.FilterChainProxy:350 - /mat/measureLibrary at position 5 of 11 in additional filter chain; firing Filter: &apos;org.springframework.security.web.authentication.UsernamePasswordAuthenticationFilter@1430472&apos;\n13:27:49,443 DEBUG btpool0-3 web.FilterChainProxy:350 - /mat/measureLibrary at position 6 of 11 in additional filter chain; firing Filter: &apos;org.springframework.security.web.savedrequest.RequestCacheAwareFilter@d91483&apos;\n13:27:49,443 DEBUG btpool0-3 web.FilterChainProxy:350 - /mat/measureLibrary at position 7 of 11 in additional filter chain; firing Filter: &apos;org.springframework.security.web.servletapi.SecurityContextHolderAwareRequestFilter@1d1a5ea&apos;\n13:27:49,443 DEBUG btpool0-3 web.FilterChainProxy:350 - /mat/measureLibrary at position 8 of 11 in additional filter chain; firing Filter: &apos;org.springframework.security.web.authentication.AnonymousAuthenticationFilter@7d7d9a&apos;\n13:27:49,443 DEBUG btpool0-3 authentication.AnonymousAuthenticationFilter:72 - SecurityContextHolder not populated with anonymous token, as it already contained: &apos;org.springframework.security.authentication.UsernamePasswordAuthenticationToken@445d025b: Principal: 8ae458ab2ceb6182012ceb88bf0a0001; Credentials: [PROTECTED]; Authenticated: true; Details: null; Granted Authorities: Super user&apos;\n13:27:49,443 DEBUG btpool0-3 web.FilterChainProxy:350 - /mat/measureLibrary at position 9 of 11 in additional filter chain; firing Filter: &apos;org.springframework.security.web.session.SessionManagementFilter@c137df&apos;\n13:27:49,443 DEBUG btpool0-3 web.FilterChainProxy:350 - /mat/measureLibrary at position 10 of 11 in additional filter chain; firing Filter: &apos;org.springframework.security.web.access.ExceptionTranslationFilter@13da8bc&apos;\n13:27:49,443 DEBUG btpool0-3 web.FilterChainProxy:350 - /mat/measureLibrary at position 11 of 11 in additional filter chain; firing Filter: &apos;org.springframework.security.web.access.intercept.FilterSecurityInterceptor@110e7e5&apos;\n13:27:49,443 DEBUG btpool0-3 expression.ExpressionBasedFilterInvocationSecurityMetadataSource:173 - Converted URL to lowercase, from: &apos;/mat/measurelibrary&apos;; to: &apos;/mat/measurelibrary&apos;\n13:27:49,443 DEBUG btpool0-3 expression.ExpressionBasedFilterInvocationSecurityMetadataSource:200 - Candidate is: &apos;/mat/measurelibrary&apos;; pattern is /mat.html; matched=false\n13:27:49,443 DEBUG btpool0-3 intercept.FilterSecurityInterceptor:182 - Public object - authentication not attempted\n13:27:49,443 DEBUG btpool0-3 web.FilterChainProxy:339 - /mat/measureLibrary reached end of additional filter chain; proceeding with original chain\n13:27:49,443  INFO btpool0-3 server.HibernateStatisticsFilter:35 - Requesting /mat/measureLibrary in session 1hpa7ttkjcyxi\nHibernate: select measure0_.ID as ID14_4_, measure0_.ABBR_NAME as ABBR2_14_4_, measure0_.DESCRIPTION as DESCRIPT3_14_4_, measure0_.VERSION as VERSION14_4_, measure0_.MEASURE_STATUS as MEASURE5_14_4_, measure0_.MEASURE_OWNER_ID as MEASURE6_14_4_, measure0_.EXPORT_TS as EXPORT7_14_4_, user1_.USER_ID as USER1_13_0_, user1_.FIRST_NAME as FIRST2_13_0_, user1_.MIDDLE_INITIAL as MIDDLE9_13_0_, user1_.LAST_NAME as LAST10_13_0_, user1_.EMAIL_\n    </improvementNotation>\n    <definitions>\n      <definition>\n        13:27:48,318 DEBUG btpool0-2 web.FilterChainProxy:339 - /mat/package reached end of additional filter chain; proceeding with original chain\n13:27:48,318  INFO btpool0-2 server.HibernateStatisticsFilter:35 - Requesting /mat/package in session 1hpa7ttkjcyxi\nHibernate: select this_.ID as ID4_0_, this_.NAME as NAME4_0_, this_.DESCRIPTION as DESCRIPT3_4_0_, this_.MEASURE_ID as MEASURE4_4_0_, this_.CONTEXT_ID as CONTEXT5_4_0_, this_.DECISION_ID as DECISION6_4_0_, this_.CLAUSE_TYPE_ID as CLAUSE7_4_0_, this_.STATUS_ID as STATUS8_4_0_, this_.VERSION as VERSION4_0_ from MAT_APP.CLAUSE this_ where this_.MEASURE_ID=?\nHibernate: select this_.PACKAGER_ID as PACKAGER1_24_3_, this_.MEASURE_ID as MEASURE2_24_3_, this_.CLAUSE_ID as CLAUSE3_24_3_, this_.SEQUENCE as SEQUENCE24_3_, measure2_.ID as ID14_0_, measure2_.ABBR_NAME as ABBR2_14_0_, measure2_.DESCRIPTION as DESCRIPT3_14_0_, measure2_.VERSION as VERSION14_0_, measure2_.MEASURE_STATUS as MEASURE5_14_0_, measure2_.MEASURE_OWNER_ID as MEASURE6_14_0_, measure2_.EXPORT_TS as EXPORT7_14_0_, user3_.USER_ID as USER1_13_1_, user3_.FIRST_NAME as FIRST2_13_1_, user3_.MIDDLE_INITIAL as MIDDLE9_13_1_, user3_.LAST_NAME as LAST10_13_1_, user3_.EMAIL_ADDRESS as EMAIL8_13_1_, user3_.PHONE_NO as PHONE11_13_1_, user3_.TITLE as TITLE13_1_, user3_.TERMINATION_DATE as TERMINA13_13_1_, user3_.ACTIVATION_DATE as ACTIVATION14_13_1_, user3_.SIGN_IN_DATE as SIGN5_13_1_, user3_.SIGN_OUT_DATE as SIGN6_13_1_, user3_.LOCKED_OUT_DATE as LOCKED7_13_1_, user3_.ORGANIZATION_NAME as ORGANIZ15_13_1_, user3_.ORG_OID as ORG16_13_1_, user3_.ROOT_OID as ROOT17_13_1_, user3_.STATUS_ID as STATUS4_13_1_, user3_.AUDIT_ID as AUDIT18_13_1_, user3_.SECURITY_ROLE_ID as SECURITY3_13_1_, clause4_.ID as ID4_2_, clause4_.NAME as NAME4_2_, clause4_.DESCRIPTION as DESCRIPT3_4_2_, clause4_.MEASURE_ID as MEASURE4_4_2_, clause4_.CONTEXT_ID as CONTEXT5_4_2_, clause4_.DECISION_ID as DECISION6_4_2_, clause4_.CLAUSE_TYPE_ID as CLAUSE7_4_2_, clause4_.STATUS_ID as STATUS8_4_2_, clause4_.VERSION as VERSION4_2_ from MAT_APP.PACKAGER this_ left outer join MAT_APP.MEASURE measure2_ on this_.MEASURE_ID=measure2_.ID left outer join MAT_APP.USER user3_ on measure2_.MEASURE_OWNER_ID=user3_.USER_ID left outer join MAT_APP.CLAUSE clause4_ on this_.CLAUSE_ID=clause4_.ID where lower(this_.MEASURE_ID)=?\nHibernate: select userpasswo0_.USER_PASSWORD_ID as USER1_37_3_, userpasswo0_.USER_ID as USER2_37_3_, userpasswo0_.PWD_LOCK_COUNTER as PWD3_37_3_, userpasswo0_.FIRST_FAILED_ATTEMPT_TIME as FIRST4_37_3_, userpasswo0_.FORGOT_PWD_LOCK_COUNTER as FORGOT5_37_3_, userpasswo0_.PASSWORD as PASSWORD37_3_, userpasswo0_.SALT as SALT37_3_, userpasswo0_.INITIAL_PWD as INITIAL8_37_3_, userpasswo0_.TEMP_PWD as TEMP9_37_3_, userpasswo0_.CREATE_DATE as CREATE10_37_3_, user1_.USER_ID as USER1_13_0_, user1_.FIRST_NAME as FIRST2_13_0_, user1_.MIDDLE_INITIAL as MIDDLE9_13_0_, user1_.LAST_NAME as LAST10_13_0_, user1_.EMAIL_ADDRESS as EMAIL8_13_0_, user1_.PHONE_NO as PHONE11_13_0_, user1_.TITLE as TITLE13_0_, user1_.TERMINATION_DATE as TERMINA13_13_0_, user1_.ACTIVATION_DATE as ACTIVATION14_13_0_, user1_.SIGN_IN_DATE as SIGN5_13_0_, user1_.SIGN_OUT_DATE as SIGN6_13_0_, user1_.LOCKED_OUT_DATE as LOCKED7_13_0_, user1_.ORGANIZATION_NAME as ORGANIZ15_13_0_, user1_.ORG_OID as ORG16_13_0_, user1_.ROOT_OID as ROOT17_13_0_, user1_.STATUS_ID as STATUS4_13_0_, user1_.AUDIT_ID as AUDIT18_13_0_, user1_.SECURITY_ROLE_ID as SECURITY3_13_0_, status2_.STATUS_ID as STATUS1_34_1_, status2_.DESCRIPTION as DESCRIPT2_34_1_, securityro3_.SECURITY_ROLE_ID as SECURITY1_31_2_, securityro3_.DESCRIPTION as DESCRIPT2_31_2_ from MAT_APP.USER_PASSWORD userpasswo0_ left outer join MAT_APP.USER user1_ on userpasswo0_.USER_ID=user1_.USER_ID left outer join MAT_APP.STATUS status2_ on user1_.STATUS_ID=status2_.STATUS_ID left outer join MAT_APP.SECURITY_ROLE securityro3_ on user1_.SECURITY_ROLE_ID=securityro3_.SECURITY_ROLE_ID where userpasswo0_.USER_ID=?\n13:27:48,365 DEBUG btpool0-2 access.ExceptionTranslationFilter:100 - Chain processed normally\n13:27:48,365 DEBUG btpool0-2 context.SecurityContextPersistenceFilter:89 - SecurityContextHolder now cleared, as request processing completed\nHibernate: delete from MAT_APP.METADATA where METADATA_ID in (? , ? , ? , ? , ? , ? , ? , ? , ? , ? , ? , ? , ? , ? , ? , ? , ? , ? , ? , ? , ? , ? , ? , ? , ? , ? , ? , ? , ? , ? , ? , ? , ? , ? , ? , ? , ? , ? , ? , ? , ? , ? , ? , ?)\nDeleted Row: 44\nHibernate: insert into MAT_APP.METADATA (NAME, VALUE, MEASURE_ID, METADATA_ID) values (?, ?, ?, ?)\nHibernate: insert into MAT_APP.METADATA (NAME, VALUE, MEASURE_ID, METADATA_ID) values (?, ?, ?, ?)\nHibernate: insert into MAT_APP.METADATA (NAME, VALUE, MEASURE_ID, METADATA_ID) values (?, ?, ?, ?)\nHibernate: insert into MAT_APP.METADATA (NAME, VALUE, MEASURE_ID, METADATA_ID) values (?, ?, ?, ?)\nHibernate: insert into MAT_APP.METADATA (NAME, VALUE, MEASURE_ID, METADATA_ID) values (?, ?, ?, ?)\nHibernate: insert into MAT_APP.METADATA (NAME, VALUE, MEASURE_ID, METADATA_ID) values (?, ?, ?, ?)\nHibernate: insert into MAT_APP.METADATA (NAME, VALUE, MEASURE_ID, METADATA_ID) values (?, ?, ?, ?)\nHibernate: insert into MAT_APP.METADATA (NAME, VALUE, MEASURE_ID, METADATA_ID) values (?, ?, ?, ?)\nHibernate: insert into MAT_APP.METADATA (NAME, VALUE, MEASURE_ID, METADATA_ID) values (?, ?, ?, ?)\nHibernate: insert into MAT_APP.METADATA (NAME, VALUE, MEASURE_ID, METADATA_ID) values (?, ?, ?, ?)\nHibernate: insert into MAT_APP.METADATA (NAME, VALUE, MEASURE_ID, METADATA_ID) values (?, ?, ?, ?)\nHibernate: insert into MAT_APP.METADATA (NAME, VALUE, MEASURE_ID, METADATA_ID) values (?, ?, ?, ?)\nHibernate: insert into MAT_APP.METADATA (NAME, VALUE, MEASURE_ID, METADATA_ID) values (?, ?, ?, ?)\nHibernate: insert into MAT_APP.METADATA (NAME, VALUE, MEASURE_ID, METADATA_ID) values (?, ?, ?, ?)\nHibernate: insert into MAT_APP.METADATA (NAME, VALUE, MEASURE_ID, METADATA_ID) values (?, ?, ?, ?)\nHibernate: insert into MAT_APP.METADATA (NAME, VALUE, MEASURE_ID, METADATA_ID) values (?, ?, ?, ?)\nHibernate: insert into MAT_APP.METADATA (NAME, VALUE, MEASURE_ID, METADATA_ID) values (?, ?, ?, ?)\nHibernate: insert into MAT_APP.METADATA (NAME, VALUE, MEASURE_ID, METADATA_ID) values (?, ?, ?, ?)\nHibernate: insert into MAT_APP.METADATA (NAME, VALUE, MEASURE_ID, METADATA_ID) values (?, ?, ?, ?)\nHibernate: insert into MAT_APP.METADATA (NAME, VALUE, MEASURE_ID, METADATA_ID) values (?, ?, ?, ?)\nHibernate: insert into MAT_APP.METADATA (NAME, VALUE, MEASURE_ID, METADATA_ID) values (?, ?, ?, ?)\nHibernate: insert into MAT_APP.METADATA (NAME, VALUE, MEASURE_ID, METADATA_ID) values (?, ?, ?, ?)\nHibernate: insert into MAT_APP.METADATA (NAME, VALUE, MEASURE_ID, METADATA_ID) values (?, ?, ?, ?)\nHibernate: insert into MAT_APP.METADATA (NAME, VALUE, MEASURE_ID, METADATA_ID) values (?, ?, ?, ?)\nHibernate: insert into MAT_APP.METADATA (NAME, VALUE, MEASURE_ID, METADATA_ID) values (?, ?, ?, ?)\nHibernate: insert into MAT_APP.METADATA (NAME, VALUE, MEASURE_ID, METADATA_ID) values (?, ?, ?, ?)\nHibernate: insert into MAT_APP.METADATA (NAME, VALUE, MEASURE_ID, METADATA_ID) values (?, ?, ?, ?)\nHibernate: insert into MAT_APP.METADATA (NAME, VALUE, MEASURE_ID, METADATA_ID) values (?, ?, ?, ?)\nHibernate: insert into MAT_APP.METADATA (NAME, VALUE, MEASURE_ID, METADATA_ID) values (?, ?, ?, ?)\nHibernate: insert into MAT_APP.METADATA (NAME, VALUE, MEASURE_ID, METADATA_ID) values (?, ?, ?, ?)\nHibernate: insert into MAT_APP.METADATA (NAME, VALUE, MEASURE_ID, METADATA_ID) values (?, ?, ?, ?)\nHibernate: insert into MAT_APP.METADATA (NAME, VALUE, MEASURE_ID, METADATA_ID) values (?, ?, ?, ?)\nHibernate: insert into MAT_APP.METADATA (NAME, VALUE, MEASURE_ID, METADATA_ID) values (?, ?, ?, ?)\nHibernate: insert into MAT_APP.METADATA (NAME, VALUE, MEASURE_ID, METADATA_ID) values (?, ?, ?, ?)\nHibernate: insert into MAT_APP.METADATA (NAME, VALUE, MEASURE_ID, METADATA_ID) values (?, ?, ?, ?)\nHibernate: insert into MAT_APP.METADATA (NAME, VALUE, MEASURE_ID, METADATA_ID) values (?, ?, ?, ?)\nHibernate: insert into MAT_APP.METADATA (NAME, VALUE, MEASURE_ID, METADATA_ID) values (?, ?, ?, ?)\nHibernate: insert into MAT_APP.METADATA (NAME, VALUE, MEASURE_ID, METADATA_ID) values (?, ?, ?, ?)\nHibernate: insert into MAT_APP.METADATA (NAME, VALUE, MEASURE_ID, METADATA_ID) values (?, ?, ?, ?)\nHibernate: insert into MAT_APP.METADATA (NAME, VALUE, MEASURE_ID, METADATA_ID) values (?, ?, ?, ?)\nHibernate: insert into MAT_APP.METADATA (NAME, VALUE, MEASURE_ID, METADATA_ID) values (?, ?, ?, ?)\nHibernate: insert into MAT_APP.METADATA (NAME, VALUE, MEASURE_ID, METADATA_ID) values (?, ?, ?, ?)\nHibernate: insert into MAT_APP.METADATA (NAME, VALUE, MEASURE_ID, METADATA_ID) values (?, ?, ?, ?)\nHibernate: insert into MAT_APP.METADATA (NAME, VALUE, MEASURE_ID, METADATA_ID) values (?, ?, ?, ?)\nHibernate: select this_.METADATA_ID as METADATA1_20_2_, this_.NAME as NAME20_2_, this_.VALUE as VALUE20_2_, this_.MEASURE_ID as MEASURE4_20_2_, measure2_.ID as ID14_0_, measure2_.ABBR_NAME as ABBR2_14_0_, measure2_.DESCRIPTION as DESCRIPT3_14_0_, measure2_.VERSION as VERSION14_0_, measure2_.MEASURE_STATUS as MEASURE5_14_0_, measure2_.MEASURE_OWNER_ID as MEASURE6_14_0_, measure2_.EXPORT_TS as EXPORT7_14_0_, user3_.USER_ID as USER1_13_1_, user3_.FIRST_NAME as FIRST2_13_1_, user3_.MIDDLE_INITIAL as MIDDLE9_13_1_, user3_.LAST_NAME as LAST10_13_1_, user3_.EMAIL_ADDRESS as EMAIL8_13_1_, user3_.PHONE_NO as PHONE11_13_1_, user3_.TITLE as TITLE13_1_, user3_.TERMINATION_DATE as TERMINA13_13_1_, user3_.ACTIVATION_DATE as ACTIVATION14_13_1_, user3_.SIGN_IN_DATE as SIGN5_13_1_, user3_.SIGN_OUT_DATE as SIGN6_13_1_, user3_.LOCKED_OUT_DATE as LOCKED7_13_1_, user3_.ORGANIZATION_NAME as ORGANIZ15_13_1_, user3_.ORG_OID as ORG16_13_1_, user3_.ROOT_OID as ROOT17_13_1_, user3_.STATUS_ID as STATUS4_13_1_, user3_.AUDIT_ID as AUDIT18_13_1_, user3_.SECURITY_ROLE_ID as SECURITY3_13_1_ from MAT_APP.METADATA this_ left outer join MAT_APP.MEASURE measure2_ on this_.MEASURE_ID=measure2_.ID left outer join MAT_APP.USER user3_ on measure2_.MEASURE_OWNER_ID=user3_.USER_ID where this_.MEASURE_ID=?\n1\n13:27:48,630 DEBUG btpool0-3 access.ExceptionTranslationFilter:100 - Chain processed normally\n13:27:48,630 DEBUG btpool0-3 context.SecurityContextPersistenceFilter:89 - SecurityContextHolder now cleared, as request processing completed\n13:27:49,443 DEBUG btpool0-3 web.FilterChainProxy:175 - Converted URL to lowercase, from: &apos;/mat/measurelibrary&apos;; to: &apos;/mat/measurelibrary&apos;\n13:27:49,443 DEBUG btpool0-3 web.FilterChainProxy:182 - Candidate is: &apos;/mat/measurelibrary&apos;; pattern is /**; matched=true\n13:27:49,443 DEBUG btpool0-3 web.FilterChainProxy:350 - /mat/measureLibrary at position 1 of 11 in additional filter chain; firing Filter: &apos;org.springframework.security.web.session.ConcurrentSessionFilter@fff76a&apos;\n13:27:49,443 DEBUG btpool0-3 web.FilterChainProxy:350 - /mat/measureLibrary at position 2 of 11 in additional filter chain; firing Filter: &apos;org.springframework.security.web.context.SecurityContextPersistenceFilter@cc7ed2&apos;\n13:27:49,443 DEBUG btpool0-3 context.HttpSessionSecurityContextRepository:165 - Obtained a valid SecurityContext from SPRING_SECURITY_CONTEXT: &apos;org.springframework.security.core.context.SecurityContextImpl@445d025b: Authentication: org.springframework.security.authentication.UsernamePasswordAuthenticationToken@445d025b: Principal: 8ae458ab2ceb6182012ceb88bf0a0001; Credentials: [PROTECTED]; Authenticated: true; Details: null; Granted Authorities: Super user&apos;\n13:27:49,443 DEBUG btpool0-3 web.FilterChainProxy:350 - /mat/measureLibrary at position 3 of 11 in additional filter chain; firing Filter: &apos;mat.server.PreventCachingFilter@1126c79&apos;\n13:27:49,443 DEBUG btpool0-3 web.FilterChainProxy:350 - /mat/measureLibrary at position 4 of 11 in additional filter chain; firing Filter: &apos;org.springframework.security.web.authentication.logout.LogoutFilter@8f8096&apos;\n13:27:49,443 DEBUG btpool0-3 web.FilterChainProxy:350 - /mat/measureLibrary at position 5 of 11 in additional filter chain; firing Filter: &apos;org.springframework.security.web.authentication.UsernamePasswordAuthenticationFilter@1430472&apos;\n13:27:49,443 DEBUG btpool0-3 web.FilterChainProxy:350 - /mat/measureLibrary at position 6 of 11 in additional filter chain; firing Filter: &apos;org.springframework.security.web.savedrequest.RequestCacheAwareFilter@d91483&apos;\n13:27:49,443 DEBUG btpool0-3 web.FilterChainProxy:350 - /mat/measureLibrary at position 7 of 11 in additional filter chain; firing Filter: &apos;org.springframework.security.web.servletapi.SecurityContextHolderAwareRequestFilter@1d1a5ea&apos;\n13:27:49,443 DEBUG btpool0-3 web.FilterChainProxy:350 - /mat/measureLibrary at position 8 of 11 in additional filter chain; firing Filter: &apos;org.springframework.security.web.authentication.AnonymousAuthenticationFilter@7d7d9a&apos;\n13:27:49,443 DEBUG btpool0-3 authentication.AnonymousAuthenticationFilter:72 - SecurityContextHolder not populated with anonymous token, as it already contained: &apos;org.springframework.security.authentication.UsernamePasswordAuthenticationToken@445d025b: Principal: 8ae458ab2ceb6182012ceb88bf0a0001; Credentials: [PROTECTED]; Authenticated: true; Details: null; Granted Authorities: Super user&apos;\n13:27:49,443 DEBUG btpool0-3 web.FilterChainProxy:350 - /mat/measureLibrary at position 9 of 11 in additional filter chain; firing Filter: &apos;org.springframework.security.web.session.SessionManagementFilter@c137df&apos;\n13:27:49,443 DEBUG btpool0-3 web.FilterChainProxy:350 - /mat/measureLibrary at position 10 of 11 in additional filter chain; firing Filter: &apos;org.springframework.security.web.access.ExceptionTranslationFilter@13da8bc&apos;\n13:27:49,443 DEBUG btpool0-3 web.FilterChainProxy:350 - /mat/measureLibrary at position 11 of 11 in additional filter chain; firing Filter: &apos;org.springframework.security.web.access.intercept.FilterSecurityInterceptor@110e7e5&apos;\n13:27:49,443 DEBUG btpool0-3 expression.ExpressionBasedFilterInvocationSecurityMetadataSource:173 - Converted URL to lowercase, from: &apos;/mat/measurelibrary&apos;; to: &apos;/mat/measurelibrary&apos;\n13:27:49,443 DEBUG btpool0-3 expression.ExpressionBasedFilterInvocationSecurityMetadataSource:200 - Candidate is: &apos;/mat/measurelibrary&apos;; pattern is /mat.html; matched=false\n13:27:49,443 DEBUG btpool0-3 intercept.FilterSecurityInterceptor:182 - Public object - authentication not attempted\n13:27:49,443 DEBUG btpool0-3 web.FilterChainProxy:339 - /mat/measureLibrary reached end of additional filter chain; proceeding with original chain\n13:27:49,443  INFO btpool0-3 server.HibernateStatisticsFilter:35 - Requesting /mat/measureLibrary in session 1hpa7ttkjcyxi\nHibernate: select measure0_.ID as ID14_4_, measure0_.ABBR_NAME as ABBR2_14_4_, measure0_.DESCRIPTION as DESCRIPT3_14_4_, measure0_.VERSION as VERSION14_4_, measure0_.MEASURE_STATUS as MEASURE5_14_4_, measure0_.MEASURE_OWNER_ID as MEASURE6_14_4_, measure0_.EXPORT_TS as EXPORT7_14_4_, user1_.USER_ID as USER1_13_0_, user1_.FIRST_NAME as FIRST2_13_0_, user1_.MIDDLE_INITIAL as MIDDLE9_13_0_, user1_.LAST_NAME as LAST10_13_0_, user1_.EMAIL_\n      </definition>\n    </definitions>\n    <availabilityTime value=\"\"/>\n    <qualityMeasureSet uuid=\"698439b8-786d-4992-8f42-bc3c4ad11f86\">\n      123\n    </qualityMeasureSet>\n  </headers>\n  <exceptions uuid=\"0D2EC7E3-457A-4239-91DF-18500BB0C30D\">\n    <and>\n      <qdsel id=\"17\"/>\n    </and>\n    <attachments>\n      <attachment uuid=\"25D3F191-606E-45A8-B4C7-7E85A633DA6C\" title=\"Denominator 1\" clause=\"My Measure_Denominator1\"/>\n    </attachments>\n  </exceptions>\n  <exceptions uuid=\"A27D03DB-075E-42BE-96CC-6B5EF00D068F\">\n    <and>\n      <qdsel id=\"18\"/>\n    </and>\n    <attachments>\n      <attachment uuid=\"25D3F191-606E-45A8-B4C7-7E85A633DA6C\" title=\"Denominator 1\" clause=\"My Measure_Denominator1\"/>\n    </attachments>\n  </exceptions>\n  <exceptions uuid=\"C8E989F0-F47F-4C19-A63B-E0D440A4A0AF\">\n    <and>\n      <qdsel id=\"17\"/>\n    </and>\n    <attachments>\n      <attachment uuid=\"F9FA5936-FF53-4207-8106-24A1B66C0A70\" title=\"Denominator 2\" clause=\"My Measure_Denominator1\"/>\n    </attachments>\n  </exceptions>\n  <elementlookup>\n    <qdsel id=\"18\" codesystemname=\"3M Health Information Systems\" codesystem=\"1\" oid=\"1.4\" name=\"applied to editable share\" uuid=\"2ecc6519-ea61-44f7-bbd7-380d746483d6\" datatype=\"Patient Care Experience\" taxonomy=\"SNOMED\"/>\n    <qdsel id=\"24\" codesystemname=\"Agency for Healthcare Research and Quality\" codesystem=\"1\" oid=\"1.30\" name=\"diagnostic\" uuid=\"060fd14f-d627-4fb9-a42c-459d15dced27\" datatype=\"Diagnostic Study Adverse Event\" taxonomy=\"CPT\"/>\n    <qdsel id=\"25\" codesystemname=\"Agency for Healthcare Research and Quality\" codesystem=\"1\" oid=\"1.30\" name=\"diagnostic\" uuid=\"295346cc-2550-42a2-aa45-4b8133438932\" datatype=\"Diagnostic Study Intolerance\" taxonomy=\"CPT\"/>\n    <qdsel id=\"26\" codesystemname=\"Agency for Healthcare Research and Quality\" codesystem=\"1\" oid=\"1.30\" name=\"diagnostic\" uuid=\"91b11807-2930-415b-94ef-e6a714cc21d0\" datatype=\"Diagnostic Study Order\" taxonomy=\"CPT\"/>\n    <measureel id=\"17\" oid=\"1.3\" name=\"Measurement Period\" uuid=\"fc9e3687-30b3-49f5-be68-bea946408477\" datatype=\"start of timing window\" taxonomy=\"NQF\"/>\n  </elementlookup>\n  <numerator uuid=\"51D1142E-7D40-4466-A899-E03D0F3FE1E4\">\n    <and>\n        <qdsel id=\"17\"/>\n      </and>\n    <attachments>\n      <attachment uuid=\"25D3F191-606E-45A8-B4C7-7E85A633DA6C\" title=\"Denominator 1\" clause=\"My Measure_Denominator1\"/>\n    </attachments>\n  </numerator>\n  <numerator uuid=\"DB641C50-EBD4-4046-AC79-D4C946055446\">\n    <and>\n        <qdsel id=\"17\"/>\n      </and>\n    <attachments>\n      <attachment uuid=\"F9FA5936-FF53-4207-8106-24A1B66C0A70\" title=\"Denominator 2\" clause=\"My Measure_Denominator1\"/>\n    </attachments>\n  </numerator>\n  <denominator uuid=\"25D3F191-606E-45A8-B4C7-7E85A633DA6C\">\n    <and>\n      <or/>\n    </and>\n    <attachments>\n      <attachment uuid=\"4F023565-8389-4F0D-A33D-96A9EC0CEC3E\" title=\"Initial Patient Population 1\" clause=\"My Measure_Population1\"/>\n    </attachments>\n  </denominator>\n  <denominator uuid=\"F9FA5936-FF53-4207-8106-24A1B66C0A70\">\n    <and>\n      <or/>\n    </and>\n    <attachments>\n      <attachment uuid=\"C7289CF4-0A95-46ED-95BD-B7A04DA77783\" title=\"Initial Patient Population 2\" clause=\"My Measure_Population2\"/>\n    </attachments>\n  </denominator>\n  <population uuid=\"4F023565-8389-4F0D-A33D-96A9EC0CEC3E\">\n    <and></and>\n  </population>\n  <population uuid=\"C7289CF4-0A95-46ED-95BD-B7A04DA77783\">\n    <and>\n      <qdsel id=\"17\"/>\n    </and>\n  </population>\n</measure>');
/*!40000 ALTER TABLE `measure_export` ENABLE KEYS */;
UNLOCK TABLES;

--
-- Table structure for table `measure_share`
--

DROP TABLE IF EXISTS `measure_share`;
/*!40101 SET @saved_cs_client     = @@character_set_client */;
/*!40101 SET character_set_client = utf8 */;
CREATE TABLE `measure_share` (
  `MEASURE_SHARE_ID` varchar(32) NOT NULL,
  `MEASURE_ID` varchar(32) NOT NULL,
  `MEASURE_OWNER_USER_ID` varchar(40) NOT NULL,
  `SHARE_USER_ID` varchar(40) NOT NULL,
  `SHARE_LEVEL_ID` varchar(32) NOT NULL,
  PRIMARY KEY (`MEASURE_SHARE_ID`),
  KEY `MEASURE_SHARE_MEASURE_FK` (`MEASURE_ID`),
  KEY `MEASURE_SHARE_OWNER_FK` (`MEASURE_OWNER_USER_ID`),
  KEY `MEASURE_SHARE_SHARE_FK` (`SHARE_USER_ID`),
  KEY `MEASURE_SHARE_LEVEL_ID` (`SHARE_LEVEL_ID`),
  CONSTRAINT `MEASURE_SHARE_LEVEL_ID` FOREIGN KEY (`SHARE_LEVEL_ID`) REFERENCES `share_level` (`SHARE_LEVEL_ID`) ON DELETE CASCADE ON UPDATE CASCADE,
  CONSTRAINT `MEASURE_SHARE_MEASURE_FK` FOREIGN KEY (`MEASURE_ID`) REFERENCES `measure` (`ID`) ON DELETE CASCADE ON UPDATE CASCADE,
  CONSTRAINT `MEASURE_SHARE_OWNER_FK` FOREIGN KEY (`MEASURE_OWNER_USER_ID`) REFERENCES `user` (`USER_ID`) ON DELETE CASCADE ON UPDATE CASCADE,
  CONSTRAINT `MEASURE_SHARE_SHARE_FK` FOREIGN KEY (`SHARE_USER_ID`) REFERENCES `user` (`USER_ID`) ON DELETE CASCADE ON UPDATE CASCADE
) ENGINE=InnoDB DEFAULT CHARSET=latin1;
/*!40101 SET character_set_client = @saved_cs_client */;

--
-- Dumping data for table `measure_share`
--

LOCK TABLES `measure_share` WRITE;
/*!40000 ALTER TABLE `measure_share` DISABLE KEYS */;
INSERT INTO `measure_share` VALUES ('8ae458ab2d5795b8012d579a3a4c0001','8ae458ab2ceb6182012ceb8c4b060008','8ae458ab2ceb6182012ceb88bf0a0001','8ae458ab2d52b79c012d52b82ef90001','1'),('8ae458ab2d668c4f012d668dc8fa0001','8ae458ab2d619764012d619c95ea0001','8ae458ab2ceb6182012ceb88bf0a0001','8ae458ab2d52b79c012d52b82ef90001','2'),('8ae458ab2d668c4f012d669391a30008','8ae458ab2d668c4f012d6692dbed0002','8ae458ab2ceb6182012ceb88bf0a0001','8ae458ab2d52b79c012d52b82ef90001','2'),('8ae458ab2d7641cd012d7655a1450082','8ae458ab2d575549012d5756765a0001','8ae458ab2ceb6182012ceb88bf0a0001','8ae458ab2d52b79c012d52b82ef90001','1');
/*!40000 ALTER TABLE `measure_share` ENABLE KEYS */;
UNLOCK TABLES;

--
-- Table structure for table `measure_types`
--

DROP TABLE IF EXISTS `measure_types`;
/*!40101 SET @saved_cs_client     = @@character_set_client */;
/*!40101 SET character_set_client = utf8 */;
CREATE TABLE `measure_types` (
  `ID` varchar(32) NOT NULL,
  `NAME` varchar(50) NOT NULL,
  PRIMARY KEY (`ID`)
) ENGINE=InnoDB DEFAULT CHARSET=latin1;
/*!40101 SET character_set_client = @saved_cs_client */;

--
-- Dumping data for table `measure_types`
--

LOCK TABLES `measure_types` WRITE;
/*!40000 ALTER TABLE `measure_types` DISABLE KEYS */;
INSERT INTO `measure_types` VALUES ('1','Access'),('10','Other (specify)'),('2','Efficiency/Cost'),('3','Outcome'),('4','Patient Experience'),('5','Population Health'),('6','Process'),('7','Structure/Management'),('8','Use of Services'),('9','Composite');
/*!40000 ALTER TABLE `measure_types` ENABLE KEYS */;
UNLOCK TABLES;

--
-- Table structure for table `measurement_term`
--

DROP TABLE IF EXISTS `measurement_term`;
/*!40101 SET @saved_cs_client     = @@character_set_client */;
/*!40101 SET character_set_client = utf8 */;
CREATE TABLE `measurement_term` (
  `ID` varchar(64) NOT NULL,
  `UNIT` varchar(45) NOT NULL,
  `QUANTITY` varchar(100) NOT NULL,
  `DECISION_ID` varchar(64) NOT NULL,
  PRIMARY KEY (`ID`)
) ENGINE=InnoDB DEFAULT CHARSET=latin1;
/*!40101 SET character_set_client = @saved_cs_client */;

--
-- Dumping data for table `measurement_term`
--

LOCK TABLES `measurement_term` WRITE;
/*!40000 ALTER TABLE `measurement_term` DISABLE KEYS */;
/*!40000 ALTER TABLE `measurement_term` ENABLE KEYS */;
UNLOCK TABLES;

--
-- Table structure for table `metadata`
--

DROP TABLE IF EXISTS `metadata`;
/*!40101 SET @saved_cs_client     = @@character_set_client */;
/*!40101 SET character_set_client = utf8 */;
CREATE TABLE `metadata` (
  `METADATA_ID` varchar(64) NOT NULL,
  `NAME` varchar(100) NOT NULL,
  `VALUE` varchar(30000) NOT NULL,
  `MEASURE_ID` varchar(64) NOT NULL,
  PRIMARY KEY (`METADATA_ID`),
  KEY `MEASURE_ID_METADATA_FK` (`MEASURE_ID`),
  CONSTRAINT `MEASURE_ID_METADATA_FK` FOREIGN KEY (`MEASURE_ID`) REFERENCES `measure` (`ID`) ON DELETE CASCADE ON UPDATE CASCADE
) ENGINE=InnoDB DEFAULT CHARSET=latin1;
/*!40101 SET character_set_client = @saved_cs_client */;

--
-- Dumping data for table `metadata`
--

LOCK TABLES `metadata` WRITE;
/*!40000 ALTER TABLE `metadata` DISABLE KEYS */;
INSERT INTO `metadata` VALUES ('8ae44ffa2d8043e9012d80449a6c0001','MeasureDuration','null','8ae44ffa2d7c276c012d7c29d902003c'),('8ae44ffa2d8043e9012d80449a7b0002','AvailableDate','12/','8ae44ffa2d7c276c012d7c29d902003c'),('8ae44ffa2d8043e9012d80449a7b0003','EndorseByNQF','false','8ae44ffa2d7c276c012d7c29d902003c'),('8ae44ffa2d8043e9012d80449a7b0004','Name','new measure status test','8ae44ffa2d7c276c012d7c29d902003c'),('8ae44ffa2d8043e9012d80449a7b0005','ShortName','status test','8ae44ffa2d7c276c012d7c29d902003c'),('8ae44ffa2d804ba7012d80f866c300de','MeasureDuration','Day(s)','8ae44ffa2d7fae70012d7fb0aa8e003d'),('8ae44ffa2d804ba7012d80f866c300df','MeasureSteward','ACC/AHA Task Force on Performance Measures','8ae44ffa2d7fae70012d7fb0aa8e003d'),('8ae44ffa2d804ba7012d80f866c300e0','EndorseByNQF','false','8ae44ffa2d7fae70012d7fb0aa8e003d'),('8ae44ffa2d804ba7012d80f866c300e1','MeasureScoring','Proportion','8ae44ffa2d7fae70012d7fb0aa8e003d'),('8ae44ffa2d804ba7012d80f866c300e2','MeasureStatus','Complete','8ae44ffa2d7fae70012d7fb0aa8e003d'),('8ae44ffa2d804ba7012d80f866c300e3','Name','empty measure','8ae44ffa2d7fae70012d7fb0aa8e003d'),('8ae44ffa2d804ba7012d80f866c300e4','ShortName','empty measure','8ae44ffa2d7fae70012d7fb0aa8e003d'),('8ae44ffa2d9fc0ec012d9fc2ef100007','MeasureDuration','null','8ae44ffa2d9fc0ec012d9fc1fb390001'),('8ae44ffa2d9fc0ec012d9fc2ef100008','EndorseByNQF','false','8ae44ffa2d9fc0ec012d9fc1fb390001'),('8ae44ffa2d9fc0ec012d9fc2ef100009','Name','sign out test','8ae44ffa2d9fc0ec012d9fc1fb390001'),('8ae44ffa2d9fc0ec012d9fc2ef10000a','ShortName','sign out test','8ae44ffa2d9fc0ec012d9fc1fb390001'),('8ae44ffa2da4e392012dba2e9cd0003e','MeasureId','123asd','8ae458ab2ceb6182012ceb8c4b060008'),('8ae44ffa2da4e392012dba2e9cd0003f','Description','13:27:48,318 DEBUG btpool0-2 web.FilterChainProxy:339 - /mat/package reached end of additional filter chain; proceeding with original chain\n13:27:48,318  INFO btpool0-2 server.HibernateStatisticsFilter:35 - Requesting /mat/package in session 1hpa7ttkjcyxi\nHibernate: select this_.ID as ID4_0_, this_.NAME as NAME4_0_, this_.DESCRIPTION as DESCRIPT3_4_0_, this_.MEASURE_ID as MEASURE4_4_0_, this_.CONTEXT_ID as CONTEXT5_4_0_, this_.DECISION_ID as DECISION6_4_0_, this_.CLAUSE_TYPE_ID as CLAUSE7_4_0_, this_.STATUS_ID as STATUS8_4_0_, this_.VERSION as VERSION4_0_ from MAT_APP.CLAUSE this_ where this_.MEASURE_ID=?\nHibernate: select this_.PACKAGER_ID as PACKAGER1_24_3_, this_.MEASURE_ID as MEASURE2_24_3_, this_.CLAUSE_ID as CLAUSE3_24_3_, this_.SEQUENCE as SEQUENCE24_3_, measure2_.ID as ID14_0_, measure2_.ABBR_NAME as ABBR2_14_0_, measure2_.DESCRIPTION as DESCRIPT3_14_0_, measure2_.VERSION as VERSION14_0_, measure2_.MEASURE_STATUS as MEASURE5_14_0_, measure2_.MEASURE_OWNER_ID as MEASURE6_14_0_, measure2_.EXPORT_TS as EXPORT7_14_0_, user3_.USER_ID as USER1_13_1_, user3_.FIRST_NAME as FIRST2_13_1_, user3_.MIDDLE_INITIAL as MIDDLE9_13_1_, user3_.LAST_NAME as LAST10_13_1_, user3_.EMAIL_ADDRESS as EMAIL8_13_1_, user3_.PHONE_NO as PHONE11_13_1_, user3_.TITLE as TITLE13_1_, user3_.TERMINATION_DATE as TERMINA13_13_1_, user3_.ACTIVATION_DATE as ACTIVATION14_13_1_, user3_.SIGN_IN_DATE as SIGN5_13_1_, user3_.SIGN_OUT_DATE as SIGN6_13_1_, user3_.LOCKED_OUT_DATE as LOCKED7_13_1_, user3_.ORGANIZATION_NAME as ORGANIZ15_13_1_, user3_.ORG_OID as ORG16_13_1_, user3_.ROOT_OID as ROOT17_13_1_, user3_.STATUS_ID as STATUS4_13_1_, user3_.AUDIT_ID as AUDIT18_13_1_, user3_.SECURITY_ROLE_ID as SECURITY3_13_1_, clause4_.ID as ID4_2_, clause4_.NAME as NAME4_2_, clause4_.DESCRIPTION as DESCRIPT3_4_2_, clause4_.MEASURE_ID as MEASURE4_4_2_, clause4_.CONTEXT_ID as CONTEXT5_4_2_, clause4_.DECISION_ID as DECISION6_4_2_, clause4_.CLAUSE_TYPE_ID as CLAUSE7_4_2_, clause4_.STATUS_ID as STATUS8_4_2_, clause4_.VERSION as VERSION4_2_ from MAT_APP.PACKAGER this_ left outer join MAT_APP.MEASURE measure2_ on this_.MEASURE_ID=measure2_.ID left outer join MAT_APP.USER user3_ on measure2_.MEASURE_OWNER_ID=user3_.USER_ID left outer join MAT_APP.CLAUSE clause4_ on this_.CLAUSE_ID=clause4_.ID where lower(this_.MEASURE_ID)=?\nHibernate: select userpasswo0_.USER_PASSWORD_ID as USER1_37_3_, userpasswo0_.USER_ID as USER2_37_3_, userpasswo0_.PWD_LOCK_COUNTER as PWD3_37_3_, userpasswo0_.FIRST_FAILED_ATTEMPT_TIME as FIRST4_37_3_, userpasswo0_.FORGOT_PWD_LOCK_COUNTER as FORGOT5_37_3_, userpasswo0_.PASSWORD as PASSWORD37_3_, userpasswo0_.SALT as SALT37_3_, userpasswo0_.INITIAL_PWD as INITIAL8_37_3_, userpasswo0_.TEMP_PWD as TEMP9_37_3_, userpasswo0_.CREATE_DATE as CREATE10_37_3_, user1_.USER_ID as USER1_13_0_, user1_.FIRST_NAME as FIRST2_13_0_, user1_.MIDDLE_INITIAL as MIDDLE9_13_0_, user1_.LAST_NAME as LAST10_13_0_, user1_.EMAIL_ADDRESS as EMAIL8_13_0_, user1_.PHONE_NO as PHONE11_13_0_, user1_.TITLE as TITLE13_0_, user1_.TERMINATION_DATE as TERMINA13_13_0_, user1_.ACTIVATION_DATE as ACTIVATION14_13_0_, user1_.SIGN_IN_DATE as SIGN5_13_0_, user1_.SIGN_OUT_DATE as SIGN6_13_0_, user1_.LOCKED_OUT_DATE as LOCKED7_13_0_, user1_.ORGANIZATION_NAME as ORGANIZ15_13_0_, user1_.ORG_OID as ORG16_13_0_, user1_.ROOT_OID as ROOT17_13_0_, user1_.STATUS_ID as STATUS4_13_0_, user1_.AUDIT_ID as AUDIT18_13_0_, user1_.SECURITY_ROLE_ID as SECURITY3_13_0_, status2_.STATUS_ID as STATUS1_34_1_, status2_.DESCRIPTION as DESCRIPT2_34_1_, securityro3_.SECURITY_ROLE_ID as SECURITY1_31_2_, securityro3_.DESCRIPTION as DESCRIPT2_31_2_ from MAT_APP.USER_PASSWORD userpasswo0_ left outer join MAT_APP.USER user1_ on userpasswo0_.USER_ID=user1_.USER_ID left outer join MAT_APP.STATUS status2_ on user1_.STATUS_ID=status2_.STATUS_ID left outer join MAT_APP.SECURITY_ROLE securityro3_ on user1_.SECURITY_ROLE_ID=securityro3_.SECURITY_ROLE_ID where userpasswo0_.USER_ID=?\n13:27:48,365 DEBUG btpool0-2 access.ExceptionTranslationFilter:100 - Chain processed normally\n13:27:48,365 DEBUG btpool0-2 context.SecurityContextPersistenceFilter:89 - SecurityContextHolder now cleared, as request processing completed\nHibernate: delete from MAT_APP.METADATA where METADATA_ID in (? , ? , ? , ? , ? , ? , ? , ? , ? , ? , ? , ? , ? , ? , ? , ? , ? , ? , ? , ? , ? , ? , ? , ? , ? , ? , ? , ? , ? , ? , ? , ? , ? , ? , ? , ? , ? , ? , ? , ? , ? , ? , ? , ?)\nDeleted Row: 44\nHibernate: insert into MAT_APP.METADATA (NAME, VALUE, MEASURE_ID, METADATA_ID) values (?, ?, ?, ?)\nHibernate: insert into MAT_APP.METADATA (NAME, VALUE, MEASURE_ID, METADATA_ID) values (?, ?, ?, ?)\nHibernate: insert into MAT_APP.METADATA (NAME, VALUE, MEASURE_ID, METADATA_ID) values (?, ?, ?, ?)\nHibernate: insert into MAT_APP.METADATA (NAME, VALUE, MEASURE_ID, METADATA_ID) values (?, ?, ?, ?)\nHibernate: insert into MAT_APP.METADATA (NAME, VALUE, MEASURE_ID, METADATA_ID) values (?, ?, ?, ?)\nHibernate: insert into MAT_APP.METADATA (NAME, VALUE, MEASURE_ID, METADATA_ID) values (?, ?, ?, ?)\nHibernate: insert into MAT_APP.METADATA (NAME, VALUE, MEASURE_ID, METADATA_ID) values (?, ?, ?, ?)\nHibernate: insert into MAT_APP.METADATA (NAME, VALUE, MEASURE_ID, METADATA_ID) values (?, ?, ?, ?)\nHibernate: insert into MAT_APP.METADATA (NAME, VALUE, MEASURE_ID, METADATA_ID) values (?, ?, ?, ?)\nHibernate: insert into MAT_APP.METADATA (NAME, VALUE, MEASURE_ID, METADATA_ID) values (?, ?, ?, ?)\nHibernate: insert into MAT_APP.METADATA (NAME, VALUE, MEASURE_ID, METADATA_ID) values (?, ?, ?, ?)\nHibernate: insert into MAT_APP.METADATA (NAME, VALUE, MEASURE_ID, METADATA_ID) values (?, ?, ?, ?)\nHibernate: insert into MAT_APP.METADATA (NAME, VALUE, MEASURE_ID, METADATA_ID) values (?, ?, ?, ?)\nHibernate: insert into MAT_APP.METADATA (NAME, VALUE, MEASURE_ID, METADATA_ID) values (?, ?, ?, ?)\nHibernate: insert into MAT_APP.METADATA (NAME, VALUE, MEASURE_ID, METADATA_ID) values (?, ?, ?, ?)\nHibernate: insert into MAT_APP.METADATA (NAME, VALUE, MEASURE_ID, METADATA_ID) values (?, ?, ?, ?)\nHibernate: insert into MAT_APP.METADATA (NAME, VALUE, MEASURE_ID, METADATA_ID) values (?, ?, ?, ?)\nHibernate: insert into MAT_APP.METADATA (NAME, VALUE, MEASURE_ID, METADATA_ID) values (?, ?, ?, ?)\nHibernate: insert into MAT_APP.METADATA (NAME, VALUE, MEASURE_ID, METADATA_ID) values (?, ?, ?, ?)\nHibernate: insert into MAT_APP.METADATA (NAME, VALUE, MEASURE_ID, METADATA_ID) values (?, ?, ?, ?)\nHibernate: insert into MAT_APP.METADATA (NAME, VALUE, MEASURE_ID, METADATA_ID) values (?, ?, ?, ?)\nHibernate: insert into MAT_APP.METADATA (NAME, VALUE, MEASURE_ID, METADATA_ID) values (?, ?, ?, ?)\nHibernate: insert into MAT_APP.METADATA (NAME, VALUE, MEASURE_ID, METADATA_ID) values (?, ?, ?, ?)\nHibernate: insert into MAT_APP.METADATA (NAME, VALUE, MEASURE_ID, METADATA_ID) values (?, ?, ?, ?)\nHibernate: insert into MAT_APP.METADATA (NAME, VALUE, MEASURE_ID, METADATA_ID) values (?, ?, ?, ?)\nHibernate: insert into MAT_APP.METADATA (NAME, VALUE, MEASURE_ID, METADATA_ID) values (?, ?, ?, ?)\nHibernate: insert into MAT_APP.METADATA (NAME, VALUE, MEASURE_ID, METADATA_ID) values (?, ?, ?, ?)\nHibernate: insert into MAT_APP.METADATA (NAME, VALUE, MEASURE_ID, METADATA_ID) values (?, ?, ?, ?)\nHibernate: insert into MAT_APP.METADATA (NAME, VALUE, MEASURE_ID, METADATA_ID) values (?, ?, ?, ?)\nHibernate: insert into MAT_APP.METADATA (NAME, VALUE, MEASURE_ID, METADATA_ID) values (?, ?, ?, ?)\nHibernate: insert into MAT_APP.METADATA (NAME, VALUE, MEASURE_ID, METADATA_ID) values (?, ?, ?, ?)\nHibernate: insert into MAT_APP.METADATA (NAME, VALUE, MEASURE_ID, METADATA_ID) values (?, ?, ?, ?)\nHibernate: insert into MAT_APP.METADATA (NAME, VALUE, MEASURE_ID, METADATA_ID) values (?, ?, ?, ?)\nHibernate: insert into MAT_APP.METADATA (NAME, VALUE, MEASURE_ID, METADATA_ID) values (?, ?, ?, ?)\nHibernate: insert into MAT_APP.METADATA (NAME, VALUE, MEASURE_ID, METADATA_ID) values (?, ?, ?, ?)\nHibernate: insert into MAT_APP.METADATA (NAME, VALUE, MEASURE_ID, METADATA_ID) values (?, ?, ?, ?)\nHibernate: insert into MAT_APP.METADATA (NAME, VALUE, MEASURE_ID, METADATA_ID) values (?, ?, ?, ?)\nHibernate: insert into MAT_APP.METADATA (NAME, VALUE, MEASURE_ID, METADATA_ID) values (?, ?, ?, ?)\nHibernate: insert into MAT_APP.METADATA (NAME, VALUE, MEASURE_ID, METADATA_ID) values (?, ?, ?, ?)\nHibernate: insert into MAT_APP.METADATA (NAME, VALUE, MEASURE_ID, METADATA_ID) values (?, ?, ?, ?)\nHibernate: insert into MAT_APP.METADATA (NAME, VALUE, MEASURE_ID, METADATA_ID) values (?, ?, ?, ?)\nHibernate: insert into MAT_APP.METADATA (NAME, VALUE, MEASURE_ID, METADATA_ID) values (?, ?, ?, ?)\nHibernate: insert into MAT_APP.METADATA (NAME, VALUE, MEASURE_ID, METADATA_ID) values (?, ?, ?, ?)\nHibernate: insert into MAT_APP.METADATA (NAME, VALUE, MEASURE_ID, METADATA_ID) values (?, ?, ?, ?)\nHibernate: select this_.METADATA_ID as METADATA1_20_2_, this_.NAME as NAME20_2_, this_.VALUE as VALUE20_2_, this_.MEASURE_ID as MEASURE4_20_2_, measure2_.ID as ID14_0_, measure2_.ABBR_NAME as ABBR2_14_0_, measure2_.DESCRIPTION as DESCRIPT3_14_0_, measure2_.VERSION as VERSION14_0_, measure2_.MEASURE_STATUS as MEASURE5_14_0_, measure2_.MEASURE_OWNER_ID as MEASURE6_14_0_, measure2_.EXPORT_TS as EXPORT7_14_0_, user3_.USER_ID as USER1_13_1_, user3_.FIRST_NAME as FIRST2_13_1_, user3_.MIDDLE_INITIAL as MIDDLE9_13_1_, user3_.LAST_NAME as LAST10_13_1_, user3_.EMAIL_ADDRESS as EMAIL8_13_1_, user3_.PHONE_NO as PHONE11_13_1_, user3_.TITLE as TITLE13_1_, user3_.TERMINATION_DATE as TERMINA13_13_1_, user3_.ACTIVATION_DATE as ACTIVATION14_13_1_, user3_.SIGN_IN_DATE as SIGN5_13_1_, user3_.SIGN_OUT_DATE as SIGN6_13_1_, user3_.LOCKED_OUT_DATE as LOCKED7_13_1_, user3_.ORGANIZATION_NAME as ORGANIZ15_13_1_, user3_.ORG_OID as ORG16_13_1_, user3_.ROOT_OID as ROOT17_13_1_, user3_.STATUS_ID as STATUS4_13_1_, user3_.AUDIT_ID as AUDIT18_13_1_, user3_.SECURITY_ROLE_ID as SECURITY3_13_1_ from MAT_APP.METADATA this_ left outer join MAT_APP.MEASURE measure2_ on this_.MEASURE_ID=measure2_.ID left outer join MAT_APP.USER user3_ on measure2_.MEASURE_OWNER_ID=user3_.USER_ID where this_.MEASURE_ID=?\n1\n13:27:48,630 DEBUG btpool0-3 access.ExceptionTranslationFilter:100 - Chain processed normally\n13:27:48,630 DEBUG btpool0-3 context.SecurityContextPersistenceFilter:89 - SecurityContextHolder now cleared, as request processing completed\n13:27:49,443 DEBUG btpool0-3 web.FilterChainProxy:175 - Converted URL to lowercase, from: \'/mat/measurelibrary\'; to: \'/mat/measurelibrary\'\n13:27:49,443 DEBUG btpool0-3 web.FilterChainProxy:182 - Candidate is: \'/mat/measurelibrary\'; pattern is /**; matched=true\n13:27:49,443 DEBUG btpool0-3 web.FilterChainProxy:350 - /mat/measureLibrary at position 1 of 11 in additional filter chain; firing Filter: \'org.springframework.security.web.session.ConcurrentSessionFilter@fff76a\'\n13:27:49,443 DEBUG btpool0-3 web.FilterChainProxy:350 - /mat/measureLibrary at position 2 of 11 in additional filter chain; firing Filter: \'org.springframework.security.web.context.SecurityContextPersistenceFilter@cc7ed2\'\n13:27:49,443 DEBUG btpool0-3 context.HttpSessionSecurityContextRepository:165 - Obtained a valid SecurityContext from SPRING_SECURITY_CONTEXT: \'org.springframework.security.core.context.SecurityContextImpl@445d025b: Authentication: org.springframework.security.authentication.UsernamePasswordAuthenticationToken@445d025b: Principal: 8ae458ab2ceb6182012ceb88bf0a0001; Credentials: [PROTECTED]; Authenticated: true; Details: null; Granted Authorities: Super user\'\n13:27:49,443 DEBUG btpool0-3 web.FilterChainProxy:350 - /mat/measureLibrary at position 3 of 11 in additional filter chain; firing Filter: \'mat.server.PreventCachingFilter@1126c79\'\n13:27:49,443 DEBUG btpool0-3 web.FilterChainProxy:350 - /mat/measureLibrary at position 4 of 11 in additional filter chain; firing Filter: \'org.springframework.security.web.authentication.logout.LogoutFilter@8f8096\'\n13:27:49,443 DEBUG btpool0-3 web.FilterChainProxy:350 - /mat/measureLibrary at position 5 of 11 in additional filter chain; firing Filter: \'org.springframework.security.web.authentication.UsernamePasswordAuthenticationFilter@1430472\'\n13:27:49,443 DEBUG btpool0-3 web.FilterChainProxy:350 - /mat/measureLibrary at position 6 of 11 in additional filter chain; firing Filter: \'org.springframework.security.web.savedrequest.RequestCacheAwareFilter@d91483\'\n13:27:49,443 DEBUG btpool0-3 web.FilterChainProxy:350 - /mat/measureLibrary at position 7 of 11 in additional filter chain; firing Filter: \'org.springframework.security.web.servletapi.SecurityContextHolderAwareRequestFilter@1d1a5ea\'\n13:27:49,443 DEBUG btpool0-3 web.FilterChainProxy:350 - /mat/measureLibrary at position 8 of 11 in additional filter chain; firing Filter: \'org.springframework.security.web.authentication.AnonymousAuthenticationFilter@7d7d9a\'\n13:27:49,443 DEBUG btpool0-3 authentication.AnonymousAuthenticationFilter:72 - SecurityContextHolder not populated with anonymous token, as it already contained: \'org.springframework.security.authentication.UsernamePasswordAuthenticationToken@445d025b: Principal: 8ae458ab2ceb6182012ceb88bf0a0001; Credentials: [PROTECTED]; Authenticated: true; Details: null; Granted Authorities: Super user\'\n13:27:49,443 DEBUG btpool0-3 web.FilterChainProxy:350 - /mat/measureLibrary at position 9 of 11 in additional filter chain; firing Filter: \'org.springframework.security.web.session.SessionManagementFilter@c137df\'\n13:27:49,443 DEBUG btpool0-3 web.FilterChainProxy:350 - /mat/measureLibrary at position 10 of 11 in additional filter chain; firing Filter: \'org.springframework.security.web.access.ExceptionTranslationFilter@13da8bc\'\n13:27:49,443 DEBUG btpool0-3 web.FilterChainProxy:350 - /mat/measureLibrary at position 11 of 11 in additional filter chain; firing Filter: \'org.springframework.security.web.access.intercept.FilterSecurityInterceptor@110e7e5\'\n13:27:49,443 DEBUG btpool0-3 expression.ExpressionBasedFilterInvocationSecurityMetadataSource:173 - Converted URL to lowercase, from: \'/mat/measurelibrary\'; to: \'/mat/measurelibrary\'\n13:27:49,443 DEBUG btpool0-3 expression.ExpressionBasedFilterInvocationSecurityMetadataSource:200 - Candidate is: \'/mat/measurelibrary\'; pattern is /mat.html; matched=false\n13:27:49,443 DEBUG btpool0-3 intercept.FilterSecurityInterceptor:182 - Public object - authentication not attempted\n13:27:49,443 DEBUG btpool0-3 web.FilterChainProxy:339 - /mat/measureLibrary reached end of additional filter chain; proceeding with original chain\n13:27:49,443  INFO btpool0-3 server.HibernateStatisticsFilter:35 - Requesting /mat/measureLibrary in session 1hpa7ttkjcyxi\nHibernate: select measure0_.ID as ID14_4_, measure0_.ABBR_NAME as ABBR2_14_4_, measure0_.DESCRIPTION as DESCRIPT3_14_4_, measure0_.VERSION as VERSION14_4_, measure0_.MEASURE_STATUS as MEASURE5_14_4_, measure0_.MEASURE_OWNER_ID as MEASURE6_14_4_, measure0_.EXPORT_TS as EXPORT7_14_4_, user1_.USER_ID as USER1_13_0_, user1_.FIRST_NAME as FIRST2_13_0_, user1_.MIDDLE_INITIAL as MIDDLE9_13_0_, user1_.LAST_NAME as LAST10_13_0_, user1_.EMAIL_','8ae458ab2ceb6182012ceb8c4b060008'),('8ae44ffa2da4e392012dba2e9cd00040','MeasureToPeriod','12/10/2010','8ae458ab2ceb6182012ceb8c4b060008'),('8ae44ffa2da4e392012dba2e9cd00041','MeasureDuration','1Quarter(s)','8ae458ab2ceb6182012ceb8c4b060008'),('8ae44ffa2da4e392012dba2e9ce00042','ClinicalRecomms','13:27:48,318 DEBUG btpool0-2 web.FilterChainProxy:339 - /mat/package reached end of additional filter chain; proceeding with original chain\n13:27:48,318  INFO btpool0-2 server.HibernateStatisticsFilter:35 - Requesting /mat/package in session 1hpa7ttkjcyxi\nHibernate: select this_.ID as ID4_0_, this_.NAME as NAME4_0_, this_.DESCRIPTION as DESCRIPT3_4_0_, this_.MEASURE_ID as MEASURE4_4_0_, this_.CONTEXT_ID as CONTEXT5_4_0_, this_.DECISION_ID as DECISION6_4_0_, this_.CLAUSE_TYPE_ID as CLAUSE7_4_0_, this_.STATUS_ID as STATUS8_4_0_, this_.VERSION as VERSION4_0_ from MAT_APP.CLAUSE this_ where this_.MEASURE_ID=?\nHibernate: select this_.PACKAGER_ID as PACKAGER1_24_3_, this_.MEASURE_ID as MEASURE2_24_3_, this_.CLAUSE_ID as CLAUSE3_24_3_, this_.SEQUENCE as SEQUENCE24_3_, measure2_.ID as ID14_0_, measure2_.ABBR_NAME as ABBR2_14_0_, measure2_.DESCRIPTION as DESCRIPT3_14_0_, measure2_.VERSION as VERSION14_0_, measure2_.MEASURE_STATUS as MEASURE5_14_0_, measure2_.MEASURE_OWNER_ID as MEASURE6_14_0_, measure2_.EXPORT_TS as EXPORT7_14_0_, user3_.USER_ID as USER1_13_1_, user3_.FIRST_NAME as FIRST2_13_1_, user3_.MIDDLE_INITIAL as MIDDLE9_13_1_, user3_.LAST_NAME as LAST10_13_1_, user3_.EMAIL_ADDRESS as EMAIL8_13_1_, user3_.PHONE_NO as PHONE11_13_1_, user3_.TITLE as TITLE13_1_, user3_.TERMINATION_DATE as TERMINA13_13_1_, user3_.ACTIVATION_DATE as ACTIVATION14_13_1_, user3_.SIGN_IN_DATE as SIGN5_13_1_, user3_.SIGN_OUT_DATE as SIGN6_13_1_, user3_.LOCKED_OUT_DATE as LOCKED7_13_1_, user3_.ORGANIZATION_NAME as ORGANIZ15_13_1_, user3_.ORG_OID as ORG16_13_1_, user3_.ROOT_OID as ROOT17_13_1_, user3_.STATUS_ID as STATUS4_13_1_, user3_.AUDIT_ID as AUDIT18_13_1_, user3_.SECURITY_ROLE_ID as SECURITY3_13_1_, clause4_.ID as ID4_2_, clause4_.NAME as NAME4_2_, clause4_.DESCRIPTION as DESCRIPT3_4_2_, clause4_.MEASURE_ID as MEASURE4_4_2_, clause4_.CONTEXT_ID as CONTEXT5_4_2_, clause4_.DECISION_ID as DECISION6_4_2_, clause4_.CLAUSE_TYPE_ID as CLAUSE7_4_2_, clause4_.STATUS_ID as STATUS8_4_2_, clause4_.VERSION as VERSION4_2_ from MAT_APP.PACKAGER this_ left outer join MAT_APP.MEASURE measure2_ on this_.MEASURE_ID=measure2_.ID left outer join MAT_APP.USER user3_ on measure2_.MEASURE_OWNER_ID=user3_.USER_ID left outer join MAT_APP.CLAUSE clause4_ on this_.CLAUSE_ID=clause4_.ID where lower(this_.MEASURE_ID)=?\nHibernate: select userpasswo0_.USER_PASSWORD_ID as USER1_37_3_, userpasswo0_.USER_ID as USER2_37_3_, userpasswo0_.PWD_LOCK_COUNTER as PWD3_37_3_, userpasswo0_.FIRST_FAILED_ATTEMPT_TIME as FIRST4_37_3_, userpasswo0_.FORGOT_PWD_LOCK_COUNTER as FORGOT5_37_3_, userpasswo0_.PASSWORD as PASSWORD37_3_, userpasswo0_.SALT as SALT37_3_, userpasswo0_.INITIAL_PWD as INITIAL8_37_3_, userpasswo0_.TEMP_PWD as TEMP9_37_3_, userpasswo0_.CREATE_DATE as CREATE10_37_3_, user1_.USER_ID as USER1_13_0_, user1_.FIRST_NAME as FIRST2_13_0_, user1_.MIDDLE_INITIAL as MIDDLE9_13_0_, user1_.LAST_NAME as LAST10_13_0_, user1_.EMAIL_ADDRESS as EMAIL8_13_0_, user1_.PHONE_NO as PHONE11_13_0_, user1_.TITLE as TITLE13_0_, user1_.TERMINATION_DATE as TERMINA13_13_0_, user1_.ACTIVATION_DATE as ACTIVATION14_13_0_, user1_.SIGN_IN_DATE as SIGN5_13_0_, user1_.SIGN_OUT_DATE as SIGN6_13_0_, user1_.LOCKED_OUT_DATE as LOCKED7_13_0_, user1_.ORGANIZATION_NAME as ORGANIZ15_13_0_, user1_.ORG_OID as ORG16_13_0_, user1_.ROOT_OID as ROOT17_13_0_, user1_.STATUS_ID as STATUS4_13_0_, user1_.AUDIT_ID as AUDIT18_13_0_, user1_.SECURITY_ROLE_ID as SECURITY3_13_0_, status2_.STATUS_ID as STATUS1_34_1_, status2_.DESCRIPTION as DESCRIPT2_34_1_, securityro3_.SECURITY_ROLE_ID as SECURITY1_31_2_, securityro3_.DESCRIPTION as DESCRIPT2_31_2_ from MAT_APP.USER_PASSWORD userpasswo0_ left outer join MAT_APP.USER user1_ on userpasswo0_.USER_ID=user1_.USER_ID left outer join MAT_APP.STATUS status2_ on user1_.STATUS_ID=status2_.STATUS_ID left outer join MAT_APP.SECURITY_ROLE securityro3_ on user1_.SECURITY_ROLE_ID=securityro3_.SECURITY_ROLE_ID where userpasswo0_.USER_ID=?\n13:27:48,365 DEBUG btpool0-2 access.ExceptionTranslationFilter:100 - Chain processed normally\n13:27:48,365 DEBUG btpool0-2 context.SecurityContextPersistenceFilter:89 - SecurityContextHolder now cleared, as request processing completed\nHibernate: delete from MAT_APP.METADATA where METADATA_ID in (? , ? , ? , ? , ? , ? , ? , ? , ? , ? , ? , ? , ? , ? , ? , ? , ? , ? , ? , ? , ? , ? , ? , ? , ? , ? , ? , ? , ? , ? , ? , ? , ? , ? , ? , ? , ? , ? , ? , ? , ? , ? , ? , ?)\nDeleted Row: 44\nHibernate: insert into MAT_APP.METADATA (NAME, VALUE, MEASURE_ID, METADATA_ID) values (?, ?, ?, ?)\nHibernate: insert into MAT_APP.METADATA (NAME, VALUE, MEASURE_ID, METADATA_ID) values (?, ?, ?, ?)\nHibernate: insert into MAT_APP.METADATA (NAME, VALUE, MEASURE_ID, METADATA_ID) values (?, ?, ?, ?)\nHibernate: insert into MAT_APP.METADATA (NAME, VALUE, MEASURE_ID, METADATA_ID) values (?, ?, ?, ?)\nHibernate: insert into MAT_APP.METADATA (NAME, VALUE, MEASURE_ID, METADATA_ID) values (?, ?, ?, ?)\nHibernate: insert into MAT_APP.METADATA (NAME, VALUE, MEASURE_ID, METADATA_ID) values (?, ?, ?, ?)\nHibernate: insert into MAT_APP.METADATA (NAME, VALUE, MEASURE_ID, METADATA_ID) values (?, ?, ?, ?)\nHibernate: insert into MAT_APP.METADATA (NAME, VALUE, MEASURE_ID, METADATA_ID) values (?, ?, ?, ?)\nHibernate: insert into MAT_APP.METADATA (NAME, VALUE, MEASURE_ID, METADATA_ID) values (?, ?, ?, ?)\nHibernate: insert into MAT_APP.METADATA (NAME, VALUE, MEASURE_ID, METADATA_ID) values (?, ?, ?, ?)\nHibernate: insert into MAT_APP.METADATA (NAME, VALUE, MEASURE_ID, METADATA_ID) values (?, ?, ?, ?)\nHibernate: insert into MAT_APP.METADATA (NAME, VALUE, MEASURE_ID, METADATA_ID) values (?, ?, ?, ?)\nHibernate: insert into MAT_APP.METADATA (NAME, VALUE, MEASURE_ID, METADATA_ID) values (?, ?, ?, ?)\nHibernate: insert into MAT_APP.METADATA (NAME, VALUE, MEASURE_ID, METADATA_ID) values (?, ?, ?, ?)\nHibernate: insert into MAT_APP.METADATA (NAME, VALUE, MEASURE_ID, METADATA_ID) values (?, ?, ?, ?)\nHibernate: insert into MAT_APP.METADATA (NAME, VALUE, MEASURE_ID, METADATA_ID) values (?, ?, ?, ?)\nHibernate: insert into MAT_APP.METADATA (NAME, VALUE, MEASURE_ID, METADATA_ID) values (?, ?, ?, ?)\nHibernate: insert into MAT_APP.METADATA (NAME, VALUE, MEASURE_ID, METADATA_ID) values (?, ?, ?, ?)\nHibernate: insert into MAT_APP.METADATA (NAME, VALUE, MEASURE_ID, METADATA_ID) values (?, ?, ?, ?)\nHibernate: insert into MAT_APP.METADATA (NAME, VALUE, MEASURE_ID, METADATA_ID) values (?, ?, ?, ?)\nHibernate: insert into MAT_APP.METADATA (NAME, VALUE, MEASURE_ID, METADATA_ID) values (?, ?, ?, ?)\nHibernate: insert into MAT_APP.METADATA (NAME, VALUE, MEASURE_ID, METADATA_ID) values (?, ?, ?, ?)\nHibernate: insert into MAT_APP.METADATA (NAME, VALUE, MEASURE_ID, METADATA_ID) values (?, ?, ?, ?)\nHibernate: insert into MAT_APP.METADATA (NAME, VALUE, MEASURE_ID, METADATA_ID) values (?, ?, ?, ?)\nHibernate: insert into MAT_APP.METADATA (NAME, VALUE, MEASURE_ID, METADATA_ID) values (?, ?, ?, ?)\nHibernate: insert into MAT_APP.METADATA (NAME, VALUE, MEASURE_ID, METADATA_ID) values (?, ?, ?, ?)\nHibernate: insert into MAT_APP.METADATA (NAME, VALUE, MEASURE_ID, METADATA_ID) values (?, ?, ?, ?)\nHibernate: insert into MAT_APP.METADATA (NAME, VALUE, MEASURE_ID, METADATA_ID) values (?, ?, ?, ?)\nHibernate: insert into MAT_APP.METADATA (NAME, VALUE, MEASURE_ID, METADATA_ID) values (?, ?, ?, ?)\nHibernate: insert into MAT_APP.METADATA (NAME, VALUE, MEASURE_ID, METADATA_ID) values (?, ?, ?, ?)\nHibernate: insert into MAT_APP.METADATA (NAME, VALUE, MEASURE_ID, METADATA_ID) values (?, ?, ?, ?)\nHibernate: insert into MAT_APP.METADATA (NAME, VALUE, MEASURE_ID, METADATA_ID) values (?, ?, ?, ?)\nHibernate: insert into MAT_APP.METADATA (NAME, VALUE, MEASURE_ID, METADATA_ID) values (?, ?, ?, ?)\nHibernate: insert into MAT_APP.METADATA (NAME, VALUE, MEASURE_ID, METADATA_ID) values (?, ?, ?, ?)\nHibernate: insert into MAT_APP.METADATA (NAME, VALUE, MEASURE_ID, METADATA_ID) values (?, ?, ?, ?)\nHibernate: insert into MAT_APP.METADATA (NAME, VALUE, MEASURE_ID, METADATA_ID) values (?, ?, ?, ?)\nHibernate: insert into MAT_APP.METADATA (NAME, VALUE, MEASURE_ID, METADATA_ID) values (?, ?, ?, ?)\nHibernate: insert into MAT_APP.METADATA (NAME, VALUE, MEASURE_ID, METADATA_ID) values (?, ?, ?, ?)\nHibernate: insert into MAT_APP.METADATA (NAME, VALUE, MEASURE_ID, METADATA_ID) values (?, ?, ?, ?)\nHibernate: insert into MAT_APP.METADATA (NAME, VALUE, MEASURE_ID, METADATA_ID) values (?, ?, ?, ?)\nHibernate: insert into MAT_APP.METADATA (NAME, VALUE, MEASURE_ID, METADATA_ID) values (?, ?, ?, ?)\nHibernate: insert into MAT_APP.METADATA (NAME, VALUE, MEASURE_ID, METADATA_ID) values (?, ?, ?, ?)\nHibernate: insert into MAT_APP.METADATA (NAME, VALUE, MEASURE_ID, METADATA_ID) values (?, ?, ?, ?)\nHibernate: insert into MAT_APP.METADATA (NAME, VALUE, MEASURE_ID, METADATA_ID) values (?, ?, ?, ?)\nHibernate: select this_.METADATA_ID as METADATA1_20_2_, this_.NAME as NAME20_2_, this_.VALUE as VALUE20_2_, this_.MEASURE_ID as MEASURE4_20_2_, measure2_.ID as ID14_0_, measure2_.ABBR_NAME as ABBR2_14_0_, measure2_.DESCRIPTION as DESCRIPT3_14_0_, measure2_.VERSION as VERSION14_0_, measure2_.MEASURE_STATUS as MEASURE5_14_0_, measure2_.MEASURE_OWNER_ID as MEASURE6_14_0_, measure2_.EXPORT_TS as EXPORT7_14_0_, user3_.USER_ID as USER1_13_1_, user3_.FIRST_NAME as FIRST2_13_1_, user3_.MIDDLE_INITIAL as MIDDLE9_13_1_, user3_.LAST_NAME as LAST10_13_1_, user3_.EMAIL_ADDRESS as EMAIL8_13_1_, user3_.PHONE_NO as PHONE11_13_1_, user3_.TITLE as TITLE13_1_, user3_.TERMINATION_DATE as TERMINA13_13_1_, user3_.ACTIVATION_DATE as ACTIVATION14_13_1_, user3_.SIGN_IN_DATE as SIGN5_13_1_, user3_.SIGN_OUT_DATE as SIGN6_13_1_, user3_.LOCKED_OUT_DATE as LOCKED7_13_1_, user3_.ORGANIZATION_NAME as ORGANIZ15_13_1_, user3_.ORG_OID as ORG16_13_1_, user3_.ROOT_OID as ROOT17_13_1_, user3_.STATUS_ID as STATUS4_13_1_, user3_.AUDIT_ID as AUDIT18_13_1_, user3_.SECURITY_ROLE_ID as SECURITY3_13_1_ from MAT_APP.METADATA this_ left outer join MAT_APP.MEASURE measure2_ on this_.MEASURE_ID=measure2_.ID left outer join MAT_APP.USER user3_ on measure2_.MEASURE_OWNER_ID=user3_.USER_ID where this_.MEASURE_ID=?\n1\n13:27:48,630 DEBUG btpool0-3 access.ExceptionTranslationFilter:100 - Chain processed normally\n13:27:48,630 DEBUG btpool0-3 context.SecurityContextPersistenceFilter:89 - SecurityContextHolder now cleared, as request processing completed\n13:27:49,443 DEBUG btpool0-3 web.FilterChainProxy:175 - Converted URL to lowercase, from: \'/mat/measurelibrary\'; to: \'/mat/measurelibrary\'\n13:27:49,443 DEBUG btpool0-3 web.FilterChainProxy:182 - Candidate is: \'/mat/measurelibrary\'; pattern is /**; matched=true\n13:27:49,443 DEBUG btpool0-3 web.FilterChainProxy:350 - /mat/measureLibrary at position 1 of 11 in additional filter chain; firing Filter: \'org.springframework.security.web.session.ConcurrentSessionFilter@fff76a\'\n13:27:49,443 DEBUG btpool0-3 web.FilterChainProxy:350 - /mat/measureLibrary at position 2 of 11 in additional filter chain; firing Filter: \'org.springframework.security.web.context.SecurityContextPersistenceFilter@cc7ed2\'\n13:27:49,443 DEBUG btpool0-3 context.HttpSessionSecurityContextRepository:165 - Obtained a valid SecurityContext from SPRING_SECURITY_CONTEXT: \'org.springframework.security.core.context.SecurityContextImpl@445d025b: Authentication: org.springframework.security.authentication.UsernamePasswordAuthenticationToken@445d025b: Principal: 8ae458ab2ceb6182012ceb88bf0a0001; Credentials: [PROTECTED]; Authenticated: true; Details: null; Granted Authorities: Super user\'\n13:27:49,443 DEBUG btpool0-3 web.FilterChainProxy:350 - /mat/measureLibrary at position 3 of 11 in additional filter chain; firing Filter: \'mat.server.PreventCachingFilter@1126c79\'\n13:27:49,443 DEBUG btpool0-3 web.FilterChainProxy:350 - /mat/measureLibrary at position 4 of 11 in additional filter chain; firing Filter: \'org.springframework.security.web.authentication.logout.LogoutFilter@8f8096\'\n13:27:49,443 DEBUG btpool0-3 web.FilterChainProxy:350 - /mat/measureLibrary at position 5 of 11 in additional filter chain; firing Filter: \'org.springframework.security.web.authentication.UsernamePasswordAuthenticationFilter@1430472\'\n13:27:49,443 DEBUG btpool0-3 web.FilterChainProxy:350 - /mat/measureLibrary at position 6 of 11 in additional filter chain; firing Filter: \'org.springframework.security.web.savedrequest.RequestCacheAwareFilter@d91483\'\n13:27:49,443 DEBUG btpool0-3 web.FilterChainProxy:350 - /mat/measureLibrary at position 7 of 11 in additional filter chain; firing Filter: \'org.springframework.security.web.servletapi.SecurityContextHolderAwareRequestFilter@1d1a5ea\'\n13:27:49,443 DEBUG btpool0-3 web.FilterChainProxy:350 - /mat/measureLibrary at position 8 of 11 in additional filter chain; firing Filter: \'org.springframework.security.web.authentication.AnonymousAuthenticationFilter@7d7d9a\'\n13:27:49,443 DEBUG btpool0-3 authentication.AnonymousAuthenticationFilter:72 - SecurityContextHolder not populated with anonymous token, as it already contained: \'org.springframework.security.authentication.UsernamePasswordAuthenticationToken@445d025b: Principal: 8ae458ab2ceb6182012ceb88bf0a0001; Credentials: [PROTECTED]; Authenticated: true; Details: null; Granted Authorities: Super user\'\n13:27:49,443 DEBUG btpool0-3 web.FilterChainProxy:350 - /mat/measureLibrary at position 9 of 11 in additional filter chain; firing Filter: \'org.springframework.security.web.session.SessionManagementFilter@c137df\'\n13:27:49,443 DEBUG btpool0-3 web.FilterChainProxy:350 - /mat/measureLibrary at position 10 of 11 in additional filter chain; firing Filter: \'org.springframework.security.web.access.ExceptionTranslationFilter@13da8bc\'\n13:27:49,443 DEBUG btpool0-3 web.FilterChainProxy:350 - /mat/measureLibrary at position 11 of 11 in additional filter chain; firing Filter: \'org.springframework.security.web.access.intercept.FilterSecurityInterceptor@110e7e5\'\n13:27:49,443 DEBUG btpool0-3 expression.ExpressionBasedFilterInvocationSecurityMetadataSource:173 - Converted URL to lowercase, from: \'/mat/measurelibrary\'; to: \'/mat/measurelibrary\'\n13:27:49,443 DEBUG btpool0-3 expression.ExpressionBasedFilterInvocationSecurityMetadataSource:200 - Candidate is: \'/mat/measurelibrary\'; pattern is /mat.html; matched=false\n13:27:49,443 DEBUG btpool0-3 intercept.FilterSecurityInterceptor:182 - Public object - authentication not attempted\n13:27:49,443 DEBUG btpool0-3 web.FilterChainProxy:339 - /mat/measureLibrary reached end of additional filter chain; proceeding with original chain\n13:27:49,443  INFO btpool0-3 server.HibernateStatisticsFilter:35 - Requesting /mat/measureLibrary in session 1hpa7ttkjcyxi\nHibernate: select measure0_.ID as ID14_4_, measure0_.ABBR_NAME as ABBR2_14_4_, measure0_.DESCRIPTION as DESCRIPT3_14_4_, measure0_.VERSION as VERSION14_4_, measure0_.MEASURE_STATUS as MEASURE5_14_4_, measure0_.MEASURE_OWNER_ID as MEASURE6_14_4_, measure0_.EXPORT_TS as EXPORT7_14_4_, user1_.USER_ID as USER1_13_0_, user1_.FIRST_NAME as FIRST2_13_0_, user1_.MIDDLE_INITIAL as MIDDLE9_13_0_, user1_.LAST_NAME as LAST10_13_0_, user1_.EMAIL_','8ae458ab2ceb6182012ceb8c4b060008'),('8ae44ffa2da4e392012dba2e9ce00043','AvailableDate','12-14-2010','8ae458ab2ceb6182012ceb8c4b060008'),('8ae44ffa2da4e392012dba2e9ce00044','MeasureSteward','ACC/AHA Task Force on Performance Measures','8ae458ab2ceb6182012ceb8c4b060008'),('8ae44ffa2da4e392012dba2e9ce00045','EndorseByNQF','false','8ae458ab2ceb6182012ceb8c4b060008'),('8ae44ffa2da4e392012dba2e9ce00046','Stratification','13:27:48,318 DEBUG btpool0-2 web.FilterChainProxy:339 - /mat/package reached end of additional filter chain; proceeding with original chain\n13:27:48,318  INFO btpool0-2 server.HibernateStatisticsFilter:35 - Requesting /mat/package in session 1hpa7ttkjcyxi\nHibernate: select this_.ID as ID4_0_, this_.NAME as NAME4_0_, this_.DESCRIPTION as DESCRIPT3_4_0_, this_.MEASURE_ID as MEASURE4_4_0_, this_.CONTEXT_ID as CONTEXT5_4_0_, this_.DECISION_ID as DECISION6_4_0_, this_.CLAUSE_TYPE_ID as CLAUSE7_4_0_, this_.STATUS_ID as STATUS8_4_0_, this_.VERSION as VERSION4_0_ from MAT_APP.CLAUSE this_ where this_.MEASURE_ID=?\nHibernate: select this_.PACKAGER_ID as PACKAGER1_24_3_, this_.MEASURE_ID as MEASURE2_24_3_, this_.CLAUSE_ID as CLAUSE3_24_3_, this_.SEQUENCE as SEQUENCE24_3_, measure2_.ID as ID14_0_, measure2_.ABBR_NAME as ABBR2_14_0_, measure2_.DESCRIPTION as DESCRIPT3_14_0_, measure2_.VERSION as VERSION14_0_, measure2_.MEASURE_STATUS as MEASURE5_14_0_, measure2_.MEASURE_OWNER_ID as MEASURE6_14_0_, measure2_.EXPORT_TS as EXPORT7_14_0_, user3_.USER_ID as USER1_13_1_, user3_.FIRST_NAME as FIRST2_13_1_, user3_.MIDDLE_INITIAL as MIDDLE9_13_1_, user3_.LAST_NAME as LAST10_13_1_, user3_.EMAIL_ADDRESS as EMAIL8_13_1_, user3_.PHONE_NO as PHONE11_13_1_, user3_.TITLE as TITLE13_1_, user3_.TERMINATION_DATE as TERMINA13_13_1_, user3_.ACTIVATION_DATE as ACTIVATION14_13_1_, user3_.SIGN_IN_DATE as SIGN5_13_1_, user3_.SIGN_OUT_DATE as SIGN6_13_1_, user3_.LOCKED_OUT_DATE as LOCKED7_13_1_, user3_.ORGANIZATION_NAME as ORGANIZ15_13_1_, user3_.ORG_OID as ORG16_13_1_, user3_.ROOT_OID as ROOT17_13_1_, user3_.STATUS_ID as STATUS4_13_1_, user3_.AUDIT_ID as AUDIT18_13_1_, user3_.SECURITY_ROLE_ID as SECURITY3_13_1_, clause4_.ID as ID4_2_, clause4_.NAME as NAME4_2_, clause4_.DESCRIPTION as DESCRIPT3_4_2_, clause4_.MEASURE_ID as MEASURE4_4_2_, clause4_.CONTEXT_ID as CONTEXT5_4_2_, clause4_.DECISION_ID as DECISION6_4_2_, clause4_.CLAUSE_TYPE_ID as CLAUSE7_4_2_, clause4_.STATUS_ID as STATUS8_4_2_, clause4_.VERSION as VERSION4_2_ from MAT_APP.PACKAGER this_ left outer join MAT_APP.MEASURE measure2_ on this_.MEASURE_ID=measure2_.ID left outer join MAT_APP.USER user3_ on measure2_.MEASURE_OWNER_ID=user3_.USER_ID left outer join MAT_APP.CLAUSE clause4_ on this_.CLAUSE_ID=clause4_.ID where lower(this_.MEASURE_ID)=?\nHibernate: select userpasswo0_.USER_PASSWORD_ID as USER1_37_3_, userpasswo0_.USER_ID as USER2_37_3_, userpasswo0_.PWD_LOCK_COUNTER as PWD3_37_3_, userpasswo0_.FIRST_FAILED_ATTEMPT_TIME as FIRST4_37_3_, userpasswo0_.FORGOT_PWD_LOCK_COUNTER as FORGOT5_37_3_, userpasswo0_.PASSWORD as PASSWORD37_3_, userpasswo0_.SALT as SALT37_3_, userpasswo0_.INITIAL_PWD as INITIAL8_37_3_, userpasswo0_.TEMP_PWD as TEMP9_37_3_, userpasswo0_.CREATE_DATE as CREATE10_37_3_, user1_.USER_ID as USER1_13_0_, user1_.FIRST_NAME as FIRST2_13_0_, user1_.MIDDLE_INITIAL as MIDDLE9_13_0_, user1_.LAST_NAME as LAST10_13_0_, user1_.EMAIL_ADDRESS as EMAIL8_13_0_, user1_.PHONE_NO as PHONE11_13_0_, user1_.TITLE as TITLE13_0_, user1_.TERMINATION_DATE as TERMINA13_13_0_, user1_.ACTIVATION_DATE as ACTIVATION14_13_0_, user1_.SIGN_IN_DATE as SIGN5_13_0_, user1_.SIGN_OUT_DATE as SIGN6_13_0_, user1_.LOCKED_OUT_DATE as LOCKED7_13_0_, user1_.ORGANIZATION_NAME as ORGANIZ15_13_0_, user1_.ORG_OID as ORG16_13_0_, user1_.ROOT_OID as ROOT17_13_0_, user1_.STATUS_ID as STATUS4_13_0_, user1_.AUDIT_ID as AUDIT18_13_0_, user1_.SECURITY_ROLE_ID as SECURITY3_13_0_, status2_.STATUS_ID as STATUS1_34_1_, status2_.DESCRIPTION as DESCRIPT2_34_1_, securityro3_.SECURITY_ROLE_ID as SECURITY1_31_2_, securityro3_.DESCRIPTION as DESCRIPT2_31_2_ from MAT_APP.USER_PASSWORD userpasswo0_ left outer join MAT_APP.USER user1_ on userpasswo0_.USER_ID=user1_.USER_ID left outer join MAT_APP.STATUS status2_ on user1_.STATUS_ID=status2_.STATUS_ID left outer join MAT_APP.SECURITY_ROLE securityro3_ on user1_.SECURITY_ROLE_ID=securityro3_.SECURITY_ROLE_ID where userpasswo0_.USER_ID=?\n13:27:48,365 DEBUG btpool0-2 access.ExceptionTranslationFilter:100 - Chain processed normally\n13:27:48,365 DEBUG btpool0-2 context.SecurityContextPersistenceFilter:89 - SecurityContextHolder now cleared, as request processing completed\nHibernate: delete from MAT_APP.METADATA where METADATA_ID in (? , ? , ? , ? , ? , ? , ? , ? , ? , ? , ? , ? , ? , ? , ? , ? , ? , ? , ? , ? , ? , ? , ? , ? , ? , ? , ? , ? , ? , ? , ? , ? , ? , ? , ? , ? , ? , ? , ? , ? , ? , ? , ? , ?)\nDeleted Row: 44\nHibernate: insert into MAT_APP.METADATA (NAME, VALUE, MEASURE_ID, METADATA_ID) values (?, ?, ?, ?)\nHibernate: insert into MAT_APP.METADATA (NAME, VALUE, MEASURE_ID, METADATA_ID) values (?, ?, ?, ?)\nHibernate: insert into MAT_APP.METADATA (NAME, VALUE, MEASURE_ID, METADATA_ID) values (?, ?, ?, ?)\nHibernate: insert into MAT_APP.METADATA (NAME, VALUE, MEASURE_ID, METADATA_ID) values (?, ?, ?, ?)\nHibernate: insert into MAT_APP.METADATA (NAME, VALUE, MEASURE_ID, METADATA_ID) values (?, ?, ?, ?)\nHibernate: insert into MAT_APP.METADATA (NAME, VALUE, MEASURE_ID, METADATA_ID) values (?, ?, ?, ?)\nHibernate: insert into MAT_APP.METADATA (NAME, VALUE, MEASURE_ID, METADATA_ID) values (?, ?, ?, ?)\nHibernate: insert into MAT_APP.METADATA (NAME, VALUE, MEASURE_ID, METADATA_ID) values (?, ?, ?, ?)\nHibernate: insert into MAT_APP.METADATA (NAME, VALUE, MEASURE_ID, METADATA_ID) values (?, ?, ?, ?)\nHibernate: insert into MAT_APP.METADATA (NAME, VALUE, MEASURE_ID, METADATA_ID) values (?, ?, ?, ?)\nHibernate: insert into MAT_APP.METADATA (NAME, VALUE, MEASURE_ID, METADATA_ID) values (?, ?, ?, ?)\nHibernate: insert into MAT_APP.METADATA (NAME, VALUE, MEASURE_ID, METADATA_ID) values (?, ?, ?, ?)\nHibernate: insert into MAT_APP.METADATA (NAME, VALUE, MEASURE_ID, METADATA_ID) values (?, ?, ?, ?)\nHibernate: insert into MAT_APP.METADATA (NAME, VALUE, MEASURE_ID, METADATA_ID) values (?, ?, ?, ?)\nHibernate: insert into MAT_APP.METADATA (NAME, VALUE, MEASURE_ID, METADATA_ID) values (?, ?, ?, ?)\nHibernate: insert into MAT_APP.METADATA (NAME, VALUE, MEASURE_ID, METADATA_ID) values (?, ?, ?, ?)\nHibernate: insert into MAT_APP.METADATA (NAME, VALUE, MEASURE_ID, METADATA_ID) values (?, ?, ?, ?)\nHibernate: insert into MAT_APP.METADATA (NAME, VALUE, MEASURE_ID, METADATA_ID) values (?, ?, ?, ?)\nHibernate: insert into MAT_APP.METADATA (NAME, VALUE, MEASURE_ID, METADATA_ID) values (?, ?, ?, ?)\nHibernate: insert into MAT_APP.METADATA (NAME, VALUE, MEASURE_ID, METADATA_ID) values (?, ?, ?, ?)\nHibernate: insert into MAT_APP.METADATA (NAME, VALUE, MEASURE_ID, METADATA_ID) values (?, ?, ?, ?)\nHibernate: insert into MAT_APP.METADATA (NAME, VALUE, MEASURE_ID, METADATA_ID) values (?, ?, ?, ?)\nHibernate: insert into MAT_APP.METADATA (NAME, VALUE, MEASURE_ID, METADATA_ID) values (?, ?, ?, ?)\nHibernate: insert into MAT_APP.METADATA (NAME, VALUE, MEASURE_ID, METADATA_ID) values (?, ?, ?, ?)\nHibernate: insert into MAT_APP.METADATA (NAME, VALUE, MEASURE_ID, METADATA_ID) values (?, ?, ?, ?)\nHibernate: insert into MAT_APP.METADATA (NAME, VALUE, MEASURE_ID, METADATA_ID) values (?, ?, ?, ?)\nHibernate: insert into MAT_APP.METADATA (NAME, VALUE, MEASURE_ID, METADATA_ID) values (?, ?, ?, ?)\nHibernate: insert into MAT_APP.METADATA (NAME, VALUE, MEASURE_ID, METADATA_ID) values (?, ?, ?, ?)\nHibernate: insert into MAT_APP.METADATA (NAME, VALUE, MEASURE_ID, METADATA_ID) values (?, ?, ?, ?)\nHibernate: insert into MAT_APP.METADATA (NAME, VALUE, MEASURE_ID, METADATA_ID) values (?, ?, ?, ?)\nHibernate: insert into MAT_APP.METADATA (NAME, VALUE, MEASURE_ID, METADATA_ID) values (?, ?, ?, ?)\nHibernate: insert into MAT_APP.METADATA (NAME, VALUE, MEASURE_ID, METADATA_ID) values (?, ?, ?, ?)\nHibernate: insert into MAT_APP.METADATA (NAME, VALUE, MEASURE_ID, METADATA_ID) values (?, ?, ?, ?)\nHibernate: insert into MAT_APP.METADATA (NAME, VALUE, MEASURE_ID, METADATA_ID) values (?, ?, ?, ?)\nHibernate: insert into MAT_APP.METADATA (NAME, VALUE, MEASURE_ID, METADATA_ID) values (?, ?, ?, ?)\nHibernate: insert into MAT_APP.METADATA (NAME, VALUE, MEASURE_ID, METADATA_ID) values (?, ?, ?, ?)\nHibernate: insert into MAT_APP.METADATA (NAME, VALUE, MEASURE_ID, METADATA_ID) values (?, ?, ?, ?)\nHibernate: insert into MAT_APP.METADATA (NAME, VALUE, MEASURE_ID, METADATA_ID) values (?, ?, ?, ?)\nHibernate: insert into MAT_APP.METADATA (NAME, VALUE, MEASURE_ID, METADATA_ID) values (?, ?, ?, ?)\nHibernate: insert into MAT_APP.METADATA (NAME, VALUE, MEASURE_ID, METADATA_ID) values (?, ?, ?, ?)\nHibernate: insert into MAT_APP.METADATA (NAME, VALUE, MEASURE_ID, METADATA_ID) values (?, ?, ?, ?)\nHibernate: insert into MAT_APP.METADATA (NAME, VALUE, MEASURE_ID, METADATA_ID) values (?, ?, ?, ?)\nHibernate: insert into MAT_APP.METADATA (NAME, VALUE, MEASURE_ID, METADATA_ID) values (?, ?, ?, ?)\nHibernate: insert into MAT_APP.METADATA (NAME, VALUE, MEASURE_ID, METADATA_ID) values (?, ?, ?, ?)\nHibernate: select this_.METADATA_ID as METADATA1_20_2_, this_.NAME as NAME20_2_, this_.VALUE as VALUE20_2_, this_.MEASURE_ID as MEASURE4_20_2_, measure2_.ID as ID14_0_, measure2_.ABBR_NAME as ABBR2_14_0_, measure2_.DESCRIPTION as DESCRIPT3_14_0_, measure2_.VERSION as VERSION14_0_, measure2_.MEASURE_STATUS as MEASURE5_14_0_, measure2_.MEASURE_OWNER_ID as MEASURE6_14_0_, measure2_.EXPORT_TS as EXPORT7_14_0_, user3_.USER_ID as USER1_13_1_, user3_.FIRST_NAME as FIRST2_13_1_, user3_.MIDDLE_INITIAL as MIDDLE9_13_1_, user3_.LAST_NAME as LAST10_13_1_, user3_.EMAIL_ADDRESS as EMAIL8_13_1_, user3_.PHONE_NO as PHONE11_13_1_, user3_.TITLE as TITLE13_1_, user3_.TERMINATION_DATE as TERMINA13_13_1_, user3_.ACTIVATION_DATE as ACTIVATION14_13_1_, user3_.SIGN_IN_DATE as SIGN5_13_1_, user3_.SIGN_OUT_DATE as SIGN6_13_1_, user3_.LOCKED_OUT_DATE as LOCKED7_13_1_, user3_.ORGANIZATION_NAME as ORGANIZ15_13_1_, user3_.ORG_OID as ORG16_13_1_, user3_.ROOT_OID as ROOT17_13_1_, user3_.STATUS_ID as STATUS4_13_1_, user3_.AUDIT_ID as AUDIT18_13_1_, user3_.SECURITY_ROLE_ID as SECURITY3_13_1_ from MAT_APP.METADATA this_ left outer join MAT_APP.MEASURE measure2_ on this_.MEASURE_ID=measure2_.ID left outer join MAT_APP.USER user3_ on measure2_.MEASURE_OWNER_ID=user3_.USER_ID where this_.MEASURE_ID=?\n1\n13:27:48,630 DEBUG btpool0-3 access.ExceptionTranslationFilter:100 - Chain processed normally\n13:27:48,630 DEBUG btpool0-3 context.SecurityContextPersistenceFilter:89 - SecurityContextHolder now cleared, as request processing completed\n13:27:49,443 DEBUG btpool0-3 web.FilterChainProxy:175 - Converted URL to lowercase, from: \'/mat/measurelibrary\'; to: \'/mat/measurelibrary\'\n13:27:49,443 DEBUG btpool0-3 web.FilterChainProxy:182 - Candidate is: \'/mat/measurelibrary\'; pattern is /**; matched=true\n13:27:49,443 DEBUG btpool0-3 web.FilterChainProxy:350 - /mat/measureLibrary at position 1 of 11 in additional filter chain; firing Filter: \'org.springframework.security.web.session.ConcurrentSessionFilter@fff76a\'\n13:27:49,443 DEBUG btpool0-3 web.FilterChainProxy:350 - /mat/measureLibrary at position 2 of 11 in additional filter chain; firing Filter: \'org.springframework.security.web.context.SecurityContextPersistenceFilter@cc7ed2\'\n13:27:49,443 DEBUG btpool0-3 context.HttpSessionSecurityContextRepository:165 - Obtained a valid SecurityContext from SPRING_SECURITY_CONTEXT: \'org.springframework.security.core.context.SecurityContextImpl@445d025b: Authentication: org.springframework.security.authentication.UsernamePasswordAuthenticationToken@445d025b: Principal: 8ae458ab2ceb6182012ceb88bf0a0001; Credentials: [PROTECTED]; Authenticated: true; Details: null; Granted Authorities: Super user\'\n13:27:49,443 DEBUG btpool0-3 web.FilterChainProxy:350 - /mat/measureLibrary at position 3 of 11 in additional filter chain; firing Filter: \'mat.server.PreventCachingFilter@1126c79\'\n13:27:49,443 DEBUG btpool0-3 web.FilterChainProxy:350 - /mat/measureLibrary at position 4 of 11 in additional filter chain; firing Filter: \'org.springframework.security.web.authentication.logout.LogoutFilter@8f8096\'\n13:27:49,443 DEBUG btpool0-3 web.FilterChainProxy:350 - /mat/measureLibrary at position 5 of 11 in additional filter chain; firing Filter: \'org.springframework.security.web.authentication.UsernamePasswordAuthenticationFilter@1430472\'\n13:27:49,443 DEBUG btpool0-3 web.FilterChainProxy:350 - /mat/measureLibrary at position 6 of 11 in additional filter chain; firing Filter: \'org.springframework.security.web.savedrequest.RequestCacheAwareFilter@d91483\'\n13:27:49,443 DEBUG btpool0-3 web.FilterChainProxy:350 - /mat/measureLibrary at position 7 of 11 in additional filter chain; firing Filter: \'org.springframework.security.web.servletapi.SecurityContextHolderAwareRequestFilter@1d1a5ea\'\n13:27:49,443 DEBUG btpool0-3 web.FilterChainProxy:350 - /mat/measureLibrary at position 8 of 11 in additional filter chain; firing Filter: \'org.springframework.security.web.authentication.AnonymousAuthenticationFilter@7d7d9a\'\n13:27:49,443 DEBUG btpool0-3 authentication.AnonymousAuthenticationFilter:72 - SecurityContextHolder not populated with anonymous token, as it already contained: \'org.springframework.security.authentication.UsernamePasswordAuthenticationToken@445d025b: Principal: 8ae458ab2ceb6182012ceb88bf0a0001; Credentials: [PROTECTED]; Authenticated: true; Details: null; Granted Authorities: Super user\'\n13:27:49,443 DEBUG btpool0-3 web.FilterChainProxy:350 - /mat/measureLibrary at position 9 of 11 in additional filter chain; firing Filter: \'org.springframework.security.web.session.SessionManagementFilter@c137df\'\n13:27:49,443 DEBUG btpool0-3 web.FilterChainProxy:350 - /mat/measureLibrary at position 10 of 11 in additional filter chain; firing Filter: \'org.springframework.security.web.access.ExceptionTranslationFilter@13da8bc\'\n13:27:49,443 DEBUG btpool0-3 web.FilterChainProxy:350 - /mat/measureLibrary at position 11 of 11 in additional filter chain; firing Filter: \'org.springframework.security.web.access.intercept.FilterSecurityInterceptor@110e7e5\'\n13:27:49,443 DEBUG btpool0-3 expression.ExpressionBasedFilterInvocationSecurityMetadataSource:173 - Converted URL to lowercase, from: \'/mat/measurelibrary\'; to: \'/mat/measurelibrary\'\n13:27:49,443 DEBUG btpool0-3 expression.ExpressionBasedFilterInvocationSecurityMetadataSource:200 - Candidate is: \'/mat/measurelibrary\'; pattern is /mat.html; matched=false\n13:27:49,443 DEBUG btpool0-3 intercept.FilterSecurityInterceptor:182 - Public object - authentication not attempted\n13:27:49,443 DEBUG btpool0-3 web.FilterChainProxy:339 - /mat/measureLibrary reached end of additional filter chain; proceeding with original chain\n13:27:49,443  INFO btpool0-3 server.HibernateStatisticsFilter:35 - Requesting /mat/measureLibrary in session 1hpa7ttkjcyxi\nHibernate: select measure0_.ID as ID14_4_, measure0_.ABBR_NAME as ABBR2_14_4_, measure0_.DESCRIPTION as DESCRIPT3_14_4_, measure0_.VERSION as VERSION14_4_, measure0_.MEASURE_STATUS as MEASURE5_14_4_, measure0_.MEASURE_OWNER_ID as MEASURE6_14_4_, measure0_.EXPORT_TS as EXPORT7_14_4_, user1_.USER_ID as USER1_13_0_, user1_.FIRST_NAME as FIRST2_13_0_, user1_.MIDDLE_INITIAL as MIDDLE9_13_0_, user1_.LAST_NAME as LAST10_13_0_, user1_.EMAIL_','8ae458ab2ceb6182012ceb8c4b060008'),('8ae44ffa2da4e392012dba2e9ce00047','MeasureScoring','Proportion','8ae458ab2ceb6182012ceb8c4b060008'),('8ae44ffa2da4e392012dba2e9ce00048','MeasureStatus','Complete','8ae458ab2ceb6182012ceb8c4b060008'),('8ae44ffa2da4e392012dba2e9ce00049','MeasureFromPeriod','11/11/111x','8ae458ab2ceb6182012ceb8c4b060008'),('8ae44ffa2da4e392012dba2e9ce0004a','Name','My Measure','8ae458ab2ceb6182012ceb8c4b060008'),('8ae44ffa2da4e392012dba2e9ce0004b','Guidance','13:27:48,318 DEBUG btpool0-2 web.FilterChainProxy:339 - /mat/package reached end of additional filter chain; proceeding with original chain\n13:27:48,318  INFO btpool0-2 server.HibernateStatisticsFilter:35 - Requesting /mat/package in session 1hpa7ttkjcyxi\nHibernate: select this_.ID as ID4_0_, this_.NAME as NAME4_0_, this_.DESCRIPTION as DESCRIPT3_4_0_, this_.MEASURE_ID as MEASURE4_4_0_, this_.CONTEXT_ID as CONTEXT5_4_0_, this_.DECISION_ID as DECISION6_4_0_, this_.CLAUSE_TYPE_ID as CLAUSE7_4_0_, this_.STATUS_ID as STATUS8_4_0_, this_.VERSION as VERSION4_0_ from MAT_APP.CLAUSE this_ where this_.MEASURE_ID=?\nHibernate: select this_.PACKAGER_ID as PACKAGER1_24_3_, this_.MEASURE_ID as MEASURE2_24_3_, this_.CLAUSE_ID as CLAUSE3_24_3_, this_.SEQUENCE as SEQUENCE24_3_, measure2_.ID as ID14_0_, measure2_.ABBR_NAME as ABBR2_14_0_, measure2_.DESCRIPTION as DESCRIPT3_14_0_, measure2_.VERSION as VERSION14_0_, measure2_.MEASURE_STATUS as MEASURE5_14_0_, measure2_.MEASURE_OWNER_ID as MEASURE6_14_0_, measure2_.EXPORT_TS as EXPORT7_14_0_, user3_.USER_ID as USER1_13_1_, user3_.FIRST_NAME as FIRST2_13_1_, user3_.MIDDLE_INITIAL as MIDDLE9_13_1_, user3_.LAST_NAME as LAST10_13_1_, user3_.EMAIL_ADDRESS as EMAIL8_13_1_, user3_.PHONE_NO as PHONE11_13_1_, user3_.TITLE as TITLE13_1_, user3_.TERMINATION_DATE as TERMINA13_13_1_, user3_.ACTIVATION_DATE as ACTIVATION14_13_1_, user3_.SIGN_IN_DATE as SIGN5_13_1_, user3_.SIGN_OUT_DATE as SIGN6_13_1_, user3_.LOCKED_OUT_DATE as LOCKED7_13_1_, user3_.ORGANIZATION_NAME as ORGANIZ15_13_1_, user3_.ORG_OID as ORG16_13_1_, user3_.ROOT_OID as ROOT17_13_1_, user3_.STATUS_ID as STATUS4_13_1_, user3_.AUDIT_ID as AUDIT18_13_1_, user3_.SECURITY_ROLE_ID as SECURITY3_13_1_, clause4_.ID as ID4_2_, clause4_.NAME as NAME4_2_, clause4_.DESCRIPTION as DESCRIPT3_4_2_, clause4_.MEASURE_ID as MEASURE4_4_2_, clause4_.CONTEXT_ID as CONTEXT5_4_2_, clause4_.DECISION_ID as DECISION6_4_2_, clause4_.CLAUSE_TYPE_ID as CLAUSE7_4_2_, clause4_.STATUS_ID as STATUS8_4_2_, clause4_.VERSION as VERSION4_2_ from MAT_APP.PACKAGER this_ left outer join MAT_APP.MEASURE measure2_ on this_.MEASURE_ID=measure2_.ID left outer join MAT_APP.USER user3_ on measure2_.MEASURE_OWNER_ID=user3_.USER_ID left outer join MAT_APP.CLAUSE clause4_ on this_.CLAUSE_ID=clause4_.ID where lower(this_.MEASURE_ID)=?\nHibernate: select userpasswo0_.USER_PASSWORD_ID as USER1_37_3_, userpasswo0_.USER_ID as USER2_37_3_, userpasswo0_.PWD_LOCK_COUNTER as PWD3_37_3_, userpasswo0_.FIRST_FAILED_ATTEMPT_TIME as FIRST4_37_3_, userpasswo0_.FORGOT_PWD_LOCK_COUNTER as FORGOT5_37_3_, userpasswo0_.PASSWORD as PASSWORD37_3_, userpasswo0_.SALT as SALT37_3_, userpasswo0_.INITIAL_PWD as INITIAL8_37_3_, userpasswo0_.TEMP_PWD as TEMP9_37_3_, userpasswo0_.CREATE_DATE as CREATE10_37_3_, user1_.USER_ID as USER1_13_0_, user1_.FIRST_NAME as FIRST2_13_0_, user1_.MIDDLE_INITIAL as MIDDLE9_13_0_, user1_.LAST_NAME as LAST10_13_0_, user1_.EMAIL_ADDRESS as EMAIL8_13_0_, user1_.PHONE_NO as PHONE11_13_0_, user1_.TITLE as TITLE13_0_, user1_.TERMINATION_DATE as TERMINA13_13_0_, user1_.ACTIVATION_DATE as ACTIVATION14_13_0_, user1_.SIGN_IN_DATE as SIGN5_13_0_, user1_.SIGN_OUT_DATE as SIGN6_13_0_, user1_.LOCKED_OUT_DATE as LOCKED7_13_0_, user1_.ORGANIZATION_NAME as ORGANIZ15_13_0_, user1_.ORG_OID as ORG16_13_0_, user1_.ROOT_OID as ROOT17_13_0_, user1_.STATUS_ID as STATUS4_13_0_, user1_.AUDIT_ID as AUDIT18_13_0_, user1_.SECURITY_ROLE_ID as SECURITY3_13_0_, status2_.STATUS_ID as STATUS1_34_1_, status2_.DESCRIPTION as DESCRIPT2_34_1_, securityro3_.SECURITY_ROLE_ID as SECURITY1_31_2_, securityro3_.DESCRIPTION as DESCRIPT2_31_2_ from MAT_APP.USER_PASSWORD userpasswo0_ left outer join MAT_APP.USER user1_ on userpasswo0_.USER_ID=user1_.USER_ID left outer join MAT_APP.STATUS status2_ on user1_.STATUS_ID=status2_.STATUS_ID left outer join MAT_APP.SECURITY_ROLE securityro3_ on user1_.SECURITY_ROLE_ID=securityro3_.SECURITY_ROLE_ID where userpasswo0_.USER_ID=?\n13:27:48,365 DEBUG btpool0-2 access.ExceptionTranslationFilter:100 - Chain processed normally\n13:27:48,365 DEBUG btpool0-2 context.SecurityContextPersistenceFilter:89 - SecurityContextHolder now cleared, as request processing completed\nHibernate: delete from MAT_APP.METADATA where METADATA_ID in (? , ? , ? , ? , ? , ? , ? , ? , ? , ? , ? , ? , ? , ? , ? , ? , ? , ? , ? , ? , ? , ? , ? , ? , ? , ? , ? , ? , ? , ? , ? , ? , ? , ? , ? , ? , ? , ? , ? , ? , ? , ? , ? , ?)\nDeleted Row: 44\nHibernate: insert into MAT_APP.METADATA (NAME, VALUE, MEASURE_ID, METADATA_ID) values (?, ?, ?, ?)\nHibernate: insert into MAT_APP.METADATA (NAME, VALUE, MEASURE_ID, METADATA_ID) values (?, ?, ?, ?)\nHibernate: insert into MAT_APP.METADATA (NAME, VALUE, MEASURE_ID, METADATA_ID) values (?, ?, ?, ?)\nHibernate: insert into MAT_APP.METADATA (NAME, VALUE, MEASURE_ID, METADATA_ID) values (?, ?, ?, ?)\nHibernate: insert into MAT_APP.METADATA (NAME, VALUE, MEASURE_ID, METADATA_ID) values (?, ?, ?, ?)\nHibernate: insert into MAT_APP.METADATA (NAME, VALUE, MEASURE_ID, METADATA_ID) values (?, ?, ?, ?)\nHibernate: insert into MAT_APP.METADATA (NAME, VALUE, MEASURE_ID, METADATA_ID) values (?, ?, ?, ?)\nHibernate: insert into MAT_APP.METADATA (NAME, VALUE, MEASURE_ID, METADATA_ID) values (?, ?, ?, ?)\nHibernate: insert into MAT_APP.METADATA (NAME, VALUE, MEASURE_ID, METADATA_ID) values (?, ?, ?, ?)\nHibernate: insert into MAT_APP.METADATA (NAME, VALUE, MEASURE_ID, METADATA_ID) values (?, ?, ?, ?)\nHibernate: insert into MAT_APP.METADATA (NAME, VALUE, MEASURE_ID, METADATA_ID) values (?, ?, ?, ?)\nHibernate: insert into MAT_APP.METADATA (NAME, VALUE, MEASURE_ID, METADATA_ID) values (?, ?, ?, ?)\nHibernate: insert into MAT_APP.METADATA (NAME, VALUE, MEASURE_ID, METADATA_ID) values (?, ?, ?, ?)\nHibernate: insert into MAT_APP.METADATA (NAME, VALUE, MEASURE_ID, METADATA_ID) values (?, ?, ?, ?)\nHibernate: insert into MAT_APP.METADATA (NAME, VALUE, MEASURE_ID, METADATA_ID) values (?, ?, ?, ?)\nHibernate: insert into MAT_APP.METADATA (NAME, VALUE, MEASURE_ID, METADATA_ID) values (?, ?, ?, ?)\nHibernate: insert into MAT_APP.METADATA (NAME, VALUE, MEASURE_ID, METADATA_ID) values (?, ?, ?, ?)\nHibernate: insert into MAT_APP.METADATA (NAME, VALUE, MEASURE_ID, METADATA_ID) values (?, ?, ?, ?)\nHibernate: insert into MAT_APP.METADATA (NAME, VALUE, MEASURE_ID, METADATA_ID) values (?, ?, ?, ?)\nHibernate: insert into MAT_APP.METADATA (NAME, VALUE, MEASURE_ID, METADATA_ID) values (?, ?, ?, ?)\nHibernate: insert into MAT_APP.METADATA (NAME, VALUE, MEASURE_ID, METADATA_ID) values (?, ?, ?, ?)\nHibernate: insert into MAT_APP.METADATA (NAME, VALUE, MEASURE_ID, METADATA_ID) values (?, ?, ?, ?)\nHibernate: insert into MAT_APP.METADATA (NAME, VALUE, MEASURE_ID, METADATA_ID) values (?, ?, ?, ?)\nHibernate: insert into MAT_APP.METADATA (NAME, VALUE, MEASURE_ID, METADATA_ID) values (?, ?, ?, ?)\nHibernate: insert into MAT_APP.METADATA (NAME, VALUE, MEASURE_ID, METADATA_ID) values (?, ?, ?, ?)\nHibernate: insert into MAT_APP.METADATA (NAME, VALUE, MEASURE_ID, METADATA_ID) values (?, ?, ?, ?)\nHibernate: insert into MAT_APP.METADATA (NAME, VALUE, MEASURE_ID, METADATA_ID) values (?, ?, ?, ?)\nHibernate: insert into MAT_APP.METADATA (NAME, VALUE, MEASURE_ID, METADATA_ID) values (?, ?, ?, ?)\nHibernate: insert into MAT_APP.METADATA (NAME, VALUE, MEASURE_ID, METADATA_ID) values (?, ?, ?, ?)\nHibernate: insert into MAT_APP.METADATA (NAME, VALUE, MEASURE_ID, METADATA_ID) values (?, ?, ?, ?)\nHibernate: insert into MAT_APP.METADATA (NAME, VALUE, MEASURE_ID, METADATA_ID) values (?, ?, ?, ?)\nHibernate: insert into MAT_APP.METADATA (NAME, VALUE, MEASURE_ID, METADATA_ID) values (?, ?, ?, ?)\nHibernate: insert into MAT_APP.METADATA (NAME, VALUE, MEASURE_ID, METADATA_ID) values (?, ?, ?, ?)\nHibernate: insert into MAT_APP.METADATA (NAME, VALUE, MEASURE_ID, METADATA_ID) values (?, ?, ?, ?)\nHibernate: insert into MAT_APP.METADATA (NAME, VALUE, MEASURE_ID, METADATA_ID) values (?, ?, ?, ?)\nHibernate: insert into MAT_APP.METADATA (NAME, VALUE, MEASURE_ID, METADATA_ID) values (?, ?, ?, ?)\nHibernate: insert into MAT_APP.METADATA (NAME, VALUE, MEASURE_ID, METADATA_ID) values (?, ?, ?, ?)\nHibernate: insert into MAT_APP.METADATA (NAME, VALUE, MEASURE_ID, METADATA_ID) values (?, ?, ?, ?)\nHibernate: insert into MAT_APP.METADATA (NAME, VALUE, MEASURE_ID, METADATA_ID) values (?, ?, ?, ?)\nHibernate: insert into MAT_APP.METADATA (NAME, VALUE, MEASURE_ID, METADATA_ID) values (?, ?, ?, ?)\nHibernate: insert into MAT_APP.METADATA (NAME, VALUE, MEASURE_ID, METADATA_ID) values (?, ?, ?, ?)\nHibernate: insert into MAT_APP.METADATA (NAME, VALUE, MEASURE_ID, METADATA_ID) values (?, ?, ?, ?)\nHibernate: insert into MAT_APP.METADATA (NAME, VALUE, MEASURE_ID, METADATA_ID) values (?, ?, ?, ?)\nHibernate: insert into MAT_APP.METADATA (NAME, VALUE, MEASURE_ID, METADATA_ID) values (?, ?, ?, ?)\nHibernate: select this_.METADATA_ID as METADATA1_20_2_, this_.NAME as NAME20_2_, this_.VALUE as VALUE20_2_, this_.MEASURE_ID as MEASURE4_20_2_, measure2_.ID as ID14_0_, measure2_.ABBR_NAME as ABBR2_14_0_, measure2_.DESCRIPTION as DESCRIPT3_14_0_, measure2_.VERSION as VERSION14_0_, measure2_.MEASURE_STATUS as MEASURE5_14_0_, measure2_.MEASURE_OWNER_ID as MEASURE6_14_0_, measure2_.EXPORT_TS as EXPORT7_14_0_, user3_.USER_ID as USER1_13_1_, user3_.FIRST_NAME as FIRST2_13_1_, user3_.MIDDLE_INITIAL as MIDDLE9_13_1_, user3_.LAST_NAME as LAST10_13_1_, user3_.EMAIL_ADDRESS as EMAIL8_13_1_, user3_.PHONE_NO as PHONE11_13_1_, user3_.TITLE as TITLE13_1_, user3_.TERMINATION_DATE as TERMINA13_13_1_, user3_.ACTIVATION_DATE as ACTIVATION14_13_1_, user3_.SIGN_IN_DATE as SIGN5_13_1_, user3_.SIGN_OUT_DATE as SIGN6_13_1_, user3_.LOCKED_OUT_DATE as LOCKED7_13_1_, user3_.ORGANIZATION_NAME as ORGANIZ15_13_1_, user3_.ORG_OID as ORG16_13_1_, user3_.ROOT_OID as ROOT17_13_1_, user3_.STATUS_ID as STATUS4_13_1_, user3_.AUDIT_ID as AUDIT18_13_1_, user3_.SECURITY_ROLE_ID as SECURITY3_13_1_ from MAT_APP.METADATA this_ left outer join MAT_APP.MEASURE measure2_ on this_.MEASURE_ID=measure2_.ID left outer join MAT_APP.USER user3_ on measure2_.MEASURE_OWNER_ID=user3_.USER_ID where this_.MEASURE_ID=?\n1\n13:27:48,630 DEBUG btpool0-3 access.ExceptionTranslationFilter:100 - Chain processed normally\n13:27:48,630 DEBUG btpool0-3 context.SecurityContextPersistenceFilter:89 - SecurityContextHolder now cleared, as request processing completed\n13:27:49,443 DEBUG btpool0-3 web.FilterChainProxy:175 - Converted URL to lowercase, from: \'/mat/measurelibrary\'; to: \'/mat/measurelibrary\'\n13:27:49,443 DEBUG btpool0-3 web.FilterChainProxy:182 - Candidate is: \'/mat/measurelibrary\'; pattern is /**; matched=true\n13:27:49,443 DEBUG btpool0-3 web.FilterChainProxy:350 - /mat/measureLibrary at position 1 of 11 in additional filter chain; firing Filter: \'org.springframework.security.web.session.ConcurrentSessionFilter@fff76a\'\n13:27:49,443 DEBUG btpool0-3 web.FilterChainProxy:350 - /mat/measureLibrary at position 2 of 11 in additional filter chain; firing Filter: \'org.springframework.security.web.context.SecurityContextPersistenceFilter@cc7ed2\'\n13:27:49,443 DEBUG btpool0-3 context.HttpSessionSecurityContextRepository:165 - Obtained a valid SecurityContext from SPRING_SECURITY_CONTEXT: \'org.springframework.security.core.context.SecurityContextImpl@445d025b: Authentication: org.springframework.security.authentication.UsernamePasswordAuthenticationToken@445d025b: Principal: 8ae458ab2ceb6182012ceb88bf0a0001; Credentials: [PROTECTED]; Authenticated: true; Details: null; Granted Authorities: Super user\'\n13:27:49,443 DEBUG btpool0-3 web.FilterChainProxy:350 - /mat/measureLibrary at position 3 of 11 in additional filter chain; firing Filter: \'mat.server.PreventCachingFilter@1126c79\'\n13:27:49,443 DEBUG btpool0-3 web.FilterChainProxy:350 - /mat/measureLibrary at position 4 of 11 in additional filter chain; firing Filter: \'org.springframework.security.web.authentication.logout.LogoutFilter@8f8096\'\n13:27:49,443 DEBUG btpool0-3 web.FilterChainProxy:350 - /mat/measureLibrary at position 5 of 11 in additional filter chain; firing Filter: \'org.springframework.security.web.authentication.UsernamePasswordAuthenticationFilter@1430472\'\n13:27:49,443 DEBUG btpool0-3 web.FilterChainProxy:350 - /mat/measureLibrary at position 6 of 11 in additional filter chain; firing Filter: \'org.springframework.security.web.savedrequest.RequestCacheAwareFilter@d91483\'\n13:27:49,443 DEBUG btpool0-3 web.FilterChainProxy:350 - /mat/measureLibrary at position 7 of 11 in additional filter chain; firing Filter: \'org.springframework.security.web.servletapi.SecurityContextHolderAwareRequestFilter@1d1a5ea\'\n13:27:49,443 DEBUG btpool0-3 web.FilterChainProxy:350 - /mat/measureLibrary at position 8 of 11 in additional filter chain; firing Filter: \'org.springframework.security.web.authentication.AnonymousAuthenticationFilter@7d7d9a\'\n13:27:49,443 DEBUG btpool0-3 authentication.AnonymousAuthenticationFilter:72 - SecurityContextHolder not populated with anonymous token, as it already contained: \'org.springframework.security.authentication.UsernamePasswordAuthenticationToken@445d025b: Principal: 8ae458ab2ceb6182012ceb88bf0a0001; Credentials: [PROTECTED]; Authenticated: true; Details: null; Granted Authorities: Super user\'\n13:27:49,443 DEBUG btpool0-3 web.FilterChainProxy:350 - /mat/measureLibrary at position 9 of 11 in additional filter chain; firing Filter: \'org.springframework.security.web.session.SessionManagementFilter@c137df\'\n13:27:49,443 DEBUG btpool0-3 web.FilterChainProxy:350 - /mat/measureLibrary at position 10 of 11 in additional filter chain; firing Filter: \'org.springframework.security.web.access.ExceptionTranslationFilter@13da8bc\'\n13:27:49,443 DEBUG btpool0-3 web.FilterChainProxy:350 - /mat/measureLibrary at position 11 of 11 in additional filter chain; firing Filter: \'org.springframework.security.web.access.intercept.FilterSecurityInterceptor@110e7e5\'\n13:27:49,443 DEBUG btpool0-3 expression.ExpressionBasedFilterInvocationSecurityMetadataSource:173 - Converted URL to lowercase, from: \'/mat/measurelibrary\'; to: \'/mat/measurelibrary\'\n13:27:49,443 DEBUG btpool0-3 expression.ExpressionBasedFilterInvocationSecurityMetadataSource:200 - Candidate is: \'/mat/measurelibrary\'; pattern is /mat.html; matched=false\n13:27:49,443 DEBUG btpool0-3 intercept.FilterSecurityInterceptor:182 - Public object - authentication not attempted\n13:27:49,443 DEBUG btpool0-3 web.FilterChainProxy:339 - /mat/measureLibrary reached end of additional filter chain; proceeding with original chain\n13:27:49,443  INFO btpool0-3 server.HibernateStatisticsFilter:35 - Requesting /mat/measureLibrary in session 1hpa7ttkjcyxi\nHibernate: select measure0_.ID as ID14_4_, measure0_.ABBR_NAME as ABBR2_14_4_, measure0_.DESCRIPTION as DESCRIPT3_14_4_, measure0_.VERSION as VERSION14_4_, measure0_.MEASURE_STATUS as MEASURE5_14_4_, measure0_.MEASURE_OWNER_ID as MEASURE6_14_4_, measure0_.EXPORT_TS as EXPORT7_14_4_, user1_.USER_ID as USER1_13_0_, user1_.FIRST_NAME as FIRST2_13_0_, user1_.MIDDLE_INITIAL as MIDDLE9_13_0_, user1_.LAST_NAME as LAST10_13_0_, user1_.EMAIL_','8ae458ab2ceb6182012ceb8c4b060008'),('8ae44ffa2da4e392012dba2e9ce0004c','ShortName','My Measure','8ae458ab2ceb6182012ceb8c4b060008'),('8ae44ffa2da4e392012dba2e9ce0004d','SetName','123','8ae458ab2ceb6182012ceb8c4b060008'),('8ae44ffa2da4e392012dba2e9ce0004e','Definitions','13:27:48,318 DEBUG btpool0-2 web.FilterChainProxy:339 - /mat/package reached end of additional filter chain; proceeding with original chain\n13:27:48,318  INFO btpool0-2 server.HibernateStatisticsFilter:35 - Requesting /mat/package in session 1hpa7ttkjcyxi\nHibernate: select this_.ID as ID4_0_, this_.NAME as NAME4_0_, this_.DESCRIPTION as DESCRIPT3_4_0_, this_.MEASURE_ID as MEASURE4_4_0_, this_.CONTEXT_ID as CONTEXT5_4_0_, this_.DECISION_ID as DECISION6_4_0_, this_.CLAUSE_TYPE_ID as CLAUSE7_4_0_, this_.STATUS_ID as STATUS8_4_0_, this_.VERSION as VERSION4_0_ from MAT_APP.CLAUSE this_ where this_.MEASURE_ID=?\nHibernate: select this_.PACKAGER_ID as PACKAGER1_24_3_, this_.MEASURE_ID as MEASURE2_24_3_, this_.CLAUSE_ID as CLAUSE3_24_3_, this_.SEQUENCE as SEQUENCE24_3_, measure2_.ID as ID14_0_, measure2_.ABBR_NAME as ABBR2_14_0_, measure2_.DESCRIPTION as DESCRIPT3_14_0_, measure2_.VERSION as VERSION14_0_, measure2_.MEASURE_STATUS as MEASURE5_14_0_, measure2_.MEASURE_OWNER_ID as MEASURE6_14_0_, measure2_.EXPORT_TS as EXPORT7_14_0_, user3_.USER_ID as USER1_13_1_, user3_.FIRST_NAME as FIRST2_13_1_, user3_.MIDDLE_INITIAL as MIDDLE9_13_1_, user3_.LAST_NAME as LAST10_13_1_, user3_.EMAIL_ADDRESS as EMAIL8_13_1_, user3_.PHONE_NO as PHONE11_13_1_, user3_.TITLE as TITLE13_1_, user3_.TERMINATION_DATE as TERMINA13_13_1_, user3_.ACTIVATION_DATE as ACTIVATION14_13_1_, user3_.SIGN_IN_DATE as SIGN5_13_1_, user3_.SIGN_OUT_DATE as SIGN6_13_1_, user3_.LOCKED_OUT_DATE as LOCKED7_13_1_, user3_.ORGANIZATION_NAME as ORGANIZ15_13_1_, user3_.ORG_OID as ORG16_13_1_, user3_.ROOT_OID as ROOT17_13_1_, user3_.STATUS_ID as STATUS4_13_1_, user3_.AUDIT_ID as AUDIT18_13_1_, user3_.SECURITY_ROLE_ID as SECURITY3_13_1_, clause4_.ID as ID4_2_, clause4_.NAME as NAME4_2_, clause4_.DESCRIPTION as DESCRIPT3_4_2_, clause4_.MEASURE_ID as MEASURE4_4_2_, clause4_.CONTEXT_ID as CONTEXT5_4_2_, clause4_.DECISION_ID as DECISION6_4_2_, clause4_.CLAUSE_TYPE_ID as CLAUSE7_4_2_, clause4_.STATUS_ID as STATUS8_4_2_, clause4_.VERSION as VERSION4_2_ from MAT_APP.PACKAGER this_ left outer join MAT_APP.MEASURE measure2_ on this_.MEASURE_ID=measure2_.ID left outer join MAT_APP.USER user3_ on measure2_.MEASURE_OWNER_ID=user3_.USER_ID left outer join MAT_APP.CLAUSE clause4_ on this_.CLAUSE_ID=clause4_.ID where lower(this_.MEASURE_ID)=?\nHibernate: select userpasswo0_.USER_PASSWORD_ID as USER1_37_3_, userpasswo0_.USER_ID as USER2_37_3_, userpasswo0_.PWD_LOCK_COUNTER as PWD3_37_3_, userpasswo0_.FIRST_FAILED_ATTEMPT_TIME as FIRST4_37_3_, userpasswo0_.FORGOT_PWD_LOCK_COUNTER as FORGOT5_37_3_, userpasswo0_.PASSWORD as PASSWORD37_3_, userpasswo0_.SALT as SALT37_3_, userpasswo0_.INITIAL_PWD as INITIAL8_37_3_, userpasswo0_.TEMP_PWD as TEMP9_37_3_, userpasswo0_.CREATE_DATE as CREATE10_37_3_, user1_.USER_ID as USER1_13_0_, user1_.FIRST_NAME as FIRST2_13_0_, user1_.MIDDLE_INITIAL as MIDDLE9_13_0_, user1_.LAST_NAME as LAST10_13_0_, user1_.EMAIL_ADDRESS as EMAIL8_13_0_, user1_.PHONE_NO as PHONE11_13_0_, user1_.TITLE as TITLE13_0_, user1_.TERMINATION_DATE as TERMINA13_13_0_, user1_.ACTIVATION_DATE as ACTIVATION14_13_0_, user1_.SIGN_IN_DATE as SIGN5_13_0_, user1_.SIGN_OUT_DATE as SIGN6_13_0_, user1_.LOCKED_OUT_DATE as LOCKED7_13_0_, user1_.ORGANIZATION_NAME as ORGANIZ15_13_0_, user1_.ORG_OID as ORG16_13_0_, user1_.ROOT_OID as ROOT17_13_0_, user1_.STATUS_ID as STATUS4_13_0_, user1_.AUDIT_ID as AUDIT18_13_0_, user1_.SECURITY_ROLE_ID as SECURITY3_13_0_, status2_.STATUS_ID as STATUS1_34_1_, status2_.DESCRIPTION as DESCRIPT2_34_1_, securityro3_.SECURITY_ROLE_ID as SECURITY1_31_2_, securityro3_.DESCRIPTION as DESCRIPT2_31_2_ from MAT_APP.USER_PASSWORD userpasswo0_ left outer join MAT_APP.USER user1_ on userpasswo0_.USER_ID=user1_.USER_ID left outer join MAT_APP.STATUS status2_ on user1_.STATUS_ID=status2_.STATUS_ID left outer join MAT_APP.SECURITY_ROLE securityro3_ on user1_.SECURITY_ROLE_ID=securityro3_.SECURITY_ROLE_ID where userpasswo0_.USER_ID=?\n13:27:48,365 DEBUG btpool0-2 access.ExceptionTranslationFilter:100 - Chain processed normally\n13:27:48,365 DEBUG btpool0-2 context.SecurityContextPersistenceFilter:89 - SecurityContextHolder now cleared, as request processing completed\nHibernate: delete from MAT_APP.METADATA where METADATA_ID in (? , ? , ? , ? , ? , ? , ? , ? , ? , ? , ? , ? , ? , ? , ? , ? , ? , ? , ? , ? , ? , ? , ? , ? , ? , ? , ? , ? , ? , ? , ? , ? , ? , ? , ? , ? , ? , ? , ? , ? , ? , ? , ? , ?)\nDeleted Row: 44\nHibernate: insert into MAT_APP.METADATA (NAME, VALUE, MEASURE_ID, METADATA_ID) values (?, ?, ?, ?)\nHibernate: insert into MAT_APP.METADATA (NAME, VALUE, MEASURE_ID, METADATA_ID) values (?, ?, ?, ?)\nHibernate: insert into MAT_APP.METADATA (NAME, VALUE, MEASURE_ID, METADATA_ID) values (?, ?, ?, ?)\nHibernate: insert into MAT_APP.METADATA (NAME, VALUE, MEASURE_ID, METADATA_ID) values (?, ?, ?, ?)\nHibernate: insert into MAT_APP.METADATA (NAME, VALUE, MEASURE_ID, METADATA_ID) values (?, ?, ?, ?)\nHibernate: insert into MAT_APP.METADATA (NAME, VALUE, MEASURE_ID, METADATA_ID) values (?, ?, ?, ?)\nHibernate: insert into MAT_APP.METADATA (NAME, VALUE, MEASURE_ID, METADATA_ID) values (?, ?, ?, ?)\nHibernate: insert into MAT_APP.METADATA (NAME, VALUE, MEASURE_ID, METADATA_ID) values (?, ?, ?, ?)\nHibernate: insert into MAT_APP.METADATA (NAME, VALUE, MEASURE_ID, METADATA_ID) values (?, ?, ?, ?)\nHibernate: insert into MAT_APP.METADATA (NAME, VALUE, MEASURE_ID, METADATA_ID) values (?, ?, ?, ?)\nHibernate: insert into MAT_APP.METADATA (NAME, VALUE, MEASURE_ID, METADATA_ID) values (?, ?, ?, ?)\nHibernate: insert into MAT_APP.METADATA (NAME, VALUE, MEASURE_ID, METADATA_ID) values (?, ?, ?, ?)\nHibernate: insert into MAT_APP.METADATA (NAME, VALUE, MEASURE_ID, METADATA_ID) values (?, ?, ?, ?)\nHibernate: insert into MAT_APP.METADATA (NAME, VALUE, MEASURE_ID, METADATA_ID) values (?, ?, ?, ?)\nHibernate: insert into MAT_APP.METADATA (NAME, VALUE, MEASURE_ID, METADATA_ID) values (?, ?, ?, ?)\nHibernate: insert into MAT_APP.METADATA (NAME, VALUE, MEASURE_ID, METADATA_ID) values (?, ?, ?, ?)\nHibernate: insert into MAT_APP.METADATA (NAME, VALUE, MEASURE_ID, METADATA_ID) values (?, ?, ?, ?)\nHibernate: insert into MAT_APP.METADATA (NAME, VALUE, MEASURE_ID, METADATA_ID) values (?, ?, ?, ?)\nHibernate: insert into MAT_APP.METADATA (NAME, VALUE, MEASURE_ID, METADATA_ID) values (?, ?, ?, ?)\nHibernate: insert into MAT_APP.METADATA (NAME, VALUE, MEASURE_ID, METADATA_ID) values (?, ?, ?, ?)\nHibernate: insert into MAT_APP.METADATA (NAME, VALUE, MEASURE_ID, METADATA_ID) values (?, ?, ?, ?)\nHibernate: insert into MAT_APP.METADATA (NAME, VALUE, MEASURE_ID, METADATA_ID) values (?, ?, ?, ?)\nHibernate: insert into MAT_APP.METADATA (NAME, VALUE, MEASURE_ID, METADATA_ID) values (?, ?, ?, ?)\nHibernate: insert into MAT_APP.METADATA (NAME, VALUE, MEASURE_ID, METADATA_ID) values (?, ?, ?, ?)\nHibernate: insert into MAT_APP.METADATA (NAME, VALUE, MEASURE_ID, METADATA_ID) values (?, ?, ?, ?)\nHibernate: insert into MAT_APP.METADATA (NAME, VALUE, MEASURE_ID, METADATA_ID) values (?, ?, ?, ?)\nHibernate: insert into MAT_APP.METADATA (NAME, VALUE, MEASURE_ID, METADATA_ID) values (?, ?, ?, ?)\nHibernate: insert into MAT_APP.METADATA (NAME, VALUE, MEASURE_ID, METADATA_ID) values (?, ?, ?, ?)\nHibernate: insert into MAT_APP.METADATA (NAME, VALUE, MEASURE_ID, METADATA_ID) values (?, ?, ?, ?)\nHibernate: insert into MAT_APP.METADATA (NAME, VALUE, MEASURE_ID, METADATA_ID) values (?, ?, ?, ?)\nHibernate: insert into MAT_APP.METADATA (NAME, VALUE, MEASURE_ID, METADATA_ID) values (?, ?, ?, ?)\nHibernate: insert into MAT_APP.METADATA (NAME, VALUE, MEASURE_ID, METADATA_ID) values (?, ?, ?, ?)\nHibernate: insert into MAT_APP.METADATA (NAME, VALUE, MEASURE_ID, METADATA_ID) values (?, ?, ?, ?)\nHibernate: insert into MAT_APP.METADATA (NAME, VALUE, MEASURE_ID, METADATA_ID) values (?, ?, ?, ?)\nHibernate: insert into MAT_APP.METADATA (NAME, VALUE, MEASURE_ID, METADATA_ID) values (?, ?, ?, ?)\nHibernate: insert into MAT_APP.METADATA (NAME, VALUE, MEASURE_ID, METADATA_ID) values (?, ?, ?, ?)\nHibernate: insert into MAT_APP.METADATA (NAME, VALUE, MEASURE_ID, METADATA_ID) values (?, ?, ?, ?)\nHibernate: insert into MAT_APP.METADATA (NAME, VALUE, MEASURE_ID, METADATA_ID) values (?, ?, ?, ?)\nHibernate: insert into MAT_APP.METADATA (NAME, VALUE, MEASURE_ID, METADATA_ID) values (?, ?, ?, ?)\nHibernate: insert into MAT_APP.METADATA (NAME, VALUE, MEASURE_ID, METADATA_ID) values (?, ?, ?, ?)\nHibernate: insert into MAT_APP.METADATA (NAME, VALUE, MEASURE_ID, METADATA_ID) values (?, ?, ?, ?)\nHibernate: insert into MAT_APP.METADATA (NAME, VALUE, MEASURE_ID, METADATA_ID) values (?, ?, ?, ?)\nHibernate: insert into MAT_APP.METADATA (NAME, VALUE, MEASURE_ID, METADATA_ID) values (?, ?, ?, ?)\nHibernate: insert into MAT_APP.METADATA (NAME, VALUE, MEASURE_ID, METADATA_ID) values (?, ?, ?, ?)\nHibernate: select this_.METADATA_ID as METADATA1_20_2_, this_.NAME as NAME20_2_, this_.VALUE as VALUE20_2_, this_.MEASURE_ID as MEASURE4_20_2_, measure2_.ID as ID14_0_, measure2_.ABBR_NAME as ABBR2_14_0_, measure2_.DESCRIPTION as DESCRIPT3_14_0_, measure2_.VERSION as VERSION14_0_, measure2_.MEASURE_STATUS as MEASURE5_14_0_, measure2_.MEASURE_OWNER_ID as MEASURE6_14_0_, measure2_.EXPORT_TS as EXPORT7_14_0_, user3_.USER_ID as USER1_13_1_, user3_.FIRST_NAME as FIRST2_13_1_, user3_.MIDDLE_INITIAL as MIDDLE9_13_1_, user3_.LAST_NAME as LAST10_13_1_, user3_.EMAIL_ADDRESS as EMAIL8_13_1_, user3_.PHONE_NO as PHONE11_13_1_, user3_.TITLE as TITLE13_1_, user3_.TERMINATION_DATE as TERMINA13_13_1_, user3_.ACTIVATION_DATE as ACTIVATION14_13_1_, user3_.SIGN_IN_DATE as SIGN5_13_1_, user3_.SIGN_OUT_DATE as SIGN6_13_1_, user3_.LOCKED_OUT_DATE as LOCKED7_13_1_, user3_.ORGANIZATION_NAME as ORGANIZ15_13_1_, user3_.ORG_OID as ORG16_13_1_, user3_.ROOT_OID as ROOT17_13_1_, user3_.STATUS_ID as STATUS4_13_1_, user3_.AUDIT_ID as AUDIT18_13_1_, user3_.SECURITY_ROLE_ID as SECURITY3_13_1_ from MAT_APP.METADATA this_ left outer join MAT_APP.MEASURE measure2_ on this_.MEASURE_ID=measure2_.ID left outer join MAT_APP.USER user3_ on measure2_.MEASURE_OWNER_ID=user3_.USER_ID where this_.MEASURE_ID=?\n1\n13:27:48,630 DEBUG btpool0-3 access.ExceptionTranslationFilter:100 - Chain processed normally\n13:27:48,630 DEBUG btpool0-3 context.SecurityContextPersistenceFilter:89 - SecurityContextHolder now cleared, as request processing completed\n13:27:49,443 DEBUG btpool0-3 web.FilterChainProxy:175 - Converted URL to lowercase, from: \'/mat/measurelibrary\'; to: \'/mat/measurelibrary\'\n13:27:49,443 DEBUG btpool0-3 web.FilterChainProxy:182 - Candidate is: \'/mat/measurelibrary\'; pattern is /**; matched=true\n13:27:49,443 DEBUG btpool0-3 web.FilterChainProxy:350 - /mat/measureLibrary at position 1 of 11 in additional filter chain; firing Filter: \'org.springframework.security.web.session.ConcurrentSessionFilter@fff76a\'\n13:27:49,443 DEBUG btpool0-3 web.FilterChainProxy:350 - /mat/measureLibrary at position 2 of 11 in additional filter chain; firing Filter: \'org.springframework.security.web.context.SecurityContextPersistenceFilter@cc7ed2\'\n13:27:49,443 DEBUG btpool0-3 context.HttpSessionSecurityContextRepository:165 - Obtained a valid SecurityContext from SPRING_SECURITY_CONTEXT: \'org.springframework.security.core.context.SecurityContextImpl@445d025b: Authentication: org.springframework.security.authentication.UsernamePasswordAuthenticationToken@445d025b: Principal: 8ae458ab2ceb6182012ceb88bf0a0001; Credentials: [PROTECTED]; Authenticated: true; Details: null; Granted Authorities: Super user\'\n13:27:49,443 DEBUG btpool0-3 web.FilterChainProxy:350 - /mat/measureLibrary at position 3 of 11 in additional filter chain; firing Filter: \'mat.server.PreventCachingFilter@1126c79\'\n13:27:49,443 DEBUG btpool0-3 web.FilterChainProxy:350 - /mat/measureLibrary at position 4 of 11 in additional filter chain; firing Filter: \'org.springframework.security.web.authentication.logout.LogoutFilter@8f8096\'\n13:27:49,443 DEBUG btpool0-3 web.FilterChainProxy:350 - /mat/measureLibrary at position 5 of 11 in additional filter chain; firing Filter: \'org.springframework.security.web.authentication.UsernamePasswordAuthenticationFilter@1430472\'\n13:27:49,443 DEBUG btpool0-3 web.FilterChainProxy:350 - /mat/measureLibrary at position 6 of 11 in additional filter chain; firing Filter: \'org.springframework.security.web.savedrequest.RequestCacheAwareFilter@d91483\'\n13:27:49,443 DEBUG btpool0-3 web.FilterChainProxy:350 - /mat/measureLibrary at position 7 of 11 in additional filter chain; firing Filter: \'org.springframework.security.web.servletapi.SecurityContextHolderAwareRequestFilter@1d1a5ea\'\n13:27:49,443 DEBUG btpool0-3 web.FilterChainProxy:350 - /mat/measureLibrary at position 8 of 11 in additional filter chain; firing Filter: \'org.springframework.security.web.authentication.AnonymousAuthenticationFilter@7d7d9a\'\n13:27:49,443 DEBUG btpool0-3 authentication.AnonymousAuthenticationFilter:72 - SecurityContextHolder not populated with anonymous token, as it already contained: \'org.springframework.security.authentication.UsernamePasswordAuthenticationToken@445d025b: Principal: 8ae458ab2ceb6182012ceb88bf0a0001; Credentials: [PROTECTED]; Authenticated: true; Details: null; Granted Authorities: Super user\'\n13:27:49,443 DEBUG btpool0-3 web.FilterChainProxy:350 - /mat/measureLibrary at position 9 of 11 in additional filter chain; firing Filter: \'org.springframework.security.web.session.SessionManagementFilter@c137df\'\n13:27:49,443 DEBUG btpool0-3 web.FilterChainProxy:350 - /mat/measureLibrary at position 10 of 11 in additional filter chain; firing Filter: \'org.springframework.security.web.access.ExceptionTranslationFilter@13da8bc\'\n13:27:49,443 DEBUG btpool0-3 web.FilterChainProxy:350 - /mat/measureLibrary at position 11 of 11 in additional filter chain; firing Filter: \'org.springframework.security.web.access.intercept.FilterSecurityInterceptor@110e7e5\'\n13:27:49,443 DEBUG btpool0-3 expression.ExpressionBasedFilterInvocationSecurityMetadataSource:173 - Converted URL to lowercase, from: \'/mat/measurelibrary\'; to: \'/mat/measurelibrary\'\n13:27:49,443 DEBUG btpool0-3 expression.ExpressionBasedFilterInvocationSecurityMetadataSource:200 - Candidate is: \'/mat/measurelibrary\'; pattern is /mat.html; matched=false\n13:27:49,443 DEBUG btpool0-3 intercept.FilterSecurityInterceptor:182 - Public object - authentication not attempted\n13:27:49,443 DEBUG btpool0-3 web.FilterChainProxy:339 - /mat/measureLibrary reached end of additional filter chain; proceeding with original chain\n13:27:49,443  INFO btpool0-3 server.HibernateStatisticsFilter:35 - Requesting /mat/measureLibrary in session 1hpa7ttkjcyxi\nHibernate: select measure0_.ID as ID14_4_, measure0_.ABBR_NAME as ABBR2_14_4_, measure0_.DESCRIPTION as DESCRIPT3_14_4_, measure0_.VERSION as VERSION14_4_, measure0_.MEASURE_STATUS as MEASURE5_14_4_, measure0_.MEASURE_OWNER_ID as MEASURE6_14_4_, measure0_.EXPORT_TS as EXPORT7_14_4_, user1_.USER_ID as USER1_13_0_, user1_.FIRST_NAME as FIRST2_13_0_, user1_.MIDDLE_INITIAL as MIDDLE9_13_0_, user1_.LAST_NAME as LAST10_13_0_, user1_.EMAIL_','8ae458ab2ceb6182012ceb8c4b060008'),('8ae44ffa2da4e392012dba2e9ce0004f','ImprovNotations','13:27:48,318 DEBUG btpool0-2 web.FilterChainProxy:339 - /mat/package reached end of additional filter chain; proceeding with original chain\n13:27:48,318  INFO btpool0-2 server.HibernateStatisticsFilter:35 - Requesting /mat/package in session 1hpa7ttkjcyxi\nHibernate: select this_.ID as ID4_0_, this_.NAME as NAME4_0_, this_.DESCRIPTION as DESCRIPT3_4_0_, this_.MEASURE_ID as MEASURE4_4_0_, this_.CONTEXT_ID as CONTEXT5_4_0_, this_.DECISION_ID as DECISION6_4_0_, this_.CLAUSE_TYPE_ID as CLAUSE7_4_0_, this_.STATUS_ID as STATUS8_4_0_, this_.VERSION as VERSION4_0_ from MAT_APP.CLAUSE this_ where this_.MEASURE_ID=?\nHibernate: select this_.PACKAGER_ID as PACKAGER1_24_3_, this_.MEASURE_ID as MEASURE2_24_3_, this_.CLAUSE_ID as CLAUSE3_24_3_, this_.SEQUENCE as SEQUENCE24_3_, measure2_.ID as ID14_0_, measure2_.ABBR_NAME as ABBR2_14_0_, measure2_.DESCRIPTION as DESCRIPT3_14_0_, measure2_.VERSION as VERSION14_0_, measure2_.MEASURE_STATUS as MEASURE5_14_0_, measure2_.MEASURE_OWNER_ID as MEASURE6_14_0_, measure2_.EXPORT_TS as EXPORT7_14_0_, user3_.USER_ID as USER1_13_1_, user3_.FIRST_NAME as FIRST2_13_1_, user3_.MIDDLE_INITIAL as MIDDLE9_13_1_, user3_.LAST_NAME as LAST10_13_1_, user3_.EMAIL_ADDRESS as EMAIL8_13_1_, user3_.PHONE_NO as PHONE11_13_1_, user3_.TITLE as TITLE13_1_, user3_.TERMINATION_DATE as TERMINA13_13_1_, user3_.ACTIVATION_DATE as ACTIVATION14_13_1_, user3_.SIGN_IN_DATE as SIGN5_13_1_, user3_.SIGN_OUT_DATE as SIGN6_13_1_, user3_.LOCKED_OUT_DATE as LOCKED7_13_1_, user3_.ORGANIZATION_NAME as ORGANIZ15_13_1_, user3_.ORG_OID as ORG16_13_1_, user3_.ROOT_OID as ROOT17_13_1_, user3_.STATUS_ID as STATUS4_13_1_, user3_.AUDIT_ID as AUDIT18_13_1_, user3_.SECURITY_ROLE_ID as SECURITY3_13_1_, clause4_.ID as ID4_2_, clause4_.NAME as NAME4_2_, clause4_.DESCRIPTION as DESCRIPT3_4_2_, clause4_.MEASURE_ID as MEASURE4_4_2_, clause4_.CONTEXT_ID as CONTEXT5_4_2_, clause4_.DECISION_ID as DECISION6_4_2_, clause4_.CLAUSE_TYPE_ID as CLAUSE7_4_2_, clause4_.STATUS_ID as STATUS8_4_2_, clause4_.VERSION as VERSION4_2_ from MAT_APP.PACKAGER this_ left outer join MAT_APP.MEASURE measure2_ on this_.MEASURE_ID=measure2_.ID left outer join MAT_APP.USER user3_ on measure2_.MEASURE_OWNER_ID=user3_.USER_ID left outer join MAT_APP.CLAUSE clause4_ on this_.CLAUSE_ID=clause4_.ID where lower(this_.MEASURE_ID)=?\nHibernate: select userpasswo0_.USER_PASSWORD_ID as USER1_37_3_, userpasswo0_.USER_ID as USER2_37_3_, userpasswo0_.PWD_LOCK_COUNTER as PWD3_37_3_, userpasswo0_.FIRST_FAILED_ATTEMPT_TIME as FIRST4_37_3_, userpasswo0_.FORGOT_PWD_LOCK_COUNTER as FORGOT5_37_3_, userpasswo0_.PASSWORD as PASSWORD37_3_, userpasswo0_.SALT as SALT37_3_, userpasswo0_.INITIAL_PWD as INITIAL8_37_3_, userpasswo0_.TEMP_PWD as TEMP9_37_3_, userpasswo0_.CREATE_DATE as CREATE10_37_3_, user1_.USER_ID as USER1_13_0_, user1_.FIRST_NAME as FIRST2_13_0_, user1_.MIDDLE_INITIAL as MIDDLE9_13_0_, user1_.LAST_NAME as LAST10_13_0_, user1_.EMAIL_ADDRESS as EMAIL8_13_0_, user1_.PHONE_NO as PHONE11_13_0_, user1_.TITLE as TITLE13_0_, user1_.TERMINATION_DATE as TERMINA13_13_0_, user1_.ACTIVATION_DATE as ACTIVATION14_13_0_, user1_.SIGN_IN_DATE as SIGN5_13_0_, user1_.SIGN_OUT_DATE as SIGN6_13_0_, user1_.LOCKED_OUT_DATE as LOCKED7_13_0_, user1_.ORGANIZATION_NAME as ORGANIZ15_13_0_, user1_.ORG_OID as ORG16_13_0_, user1_.ROOT_OID as ROOT17_13_0_, user1_.STATUS_ID as STATUS4_13_0_, user1_.AUDIT_ID as AUDIT18_13_0_, user1_.SECURITY_ROLE_ID as SECURITY3_13_0_, status2_.STATUS_ID as STATUS1_34_1_, status2_.DESCRIPTION as DESCRIPT2_34_1_, securityro3_.SECURITY_ROLE_ID as SECURITY1_31_2_, securityro3_.DESCRIPTION as DESCRIPT2_31_2_ from MAT_APP.USER_PASSWORD userpasswo0_ left outer join MAT_APP.USER user1_ on userpasswo0_.USER_ID=user1_.USER_ID left outer join MAT_APP.STATUS status2_ on user1_.STATUS_ID=status2_.STATUS_ID left outer join MAT_APP.SECURITY_ROLE securityro3_ on user1_.SECURITY_ROLE_ID=securityro3_.SECURITY_ROLE_ID where userpasswo0_.USER_ID=?\n13:27:48,365 DEBUG btpool0-2 access.ExceptionTranslationFilter:100 - Chain processed normally\n13:27:48,365 DEBUG btpool0-2 context.SecurityContextPersistenceFilter:89 - SecurityContextHolder now cleared, as request processing completed\nHibernate: delete from MAT_APP.METADATA where METADATA_ID in (? , ? , ? , ? , ? , ? , ? , ? , ? , ? , ? , ? , ? , ? , ? , ? , ? , ? , ? , ? , ? , ? , ? , ? , ? , ? , ? , ? , ? , ? , ? , ? , ? , ? , ? , ? , ? , ? , ? , ? , ? , ? , ? , ?)\nDeleted Row: 44\nHibernate: insert into MAT_APP.METADATA (NAME, VALUE, MEASURE_ID, METADATA_ID) values (?, ?, ?, ?)\nHibernate: insert into MAT_APP.METADATA (NAME, VALUE, MEASURE_ID, METADATA_ID) values (?, ?, ?, ?)\nHibernate: insert into MAT_APP.METADATA (NAME, VALUE, MEASURE_ID, METADATA_ID) values (?, ?, ?, ?)\nHibernate: insert into MAT_APP.METADATA (NAME, VALUE, MEASURE_ID, METADATA_ID) values (?, ?, ?, ?)\nHibernate: insert into MAT_APP.METADATA (NAME, VALUE, MEASURE_ID, METADATA_ID) values (?, ?, ?, ?)\nHibernate: insert into MAT_APP.METADATA (NAME, VALUE, MEASURE_ID, METADATA_ID) values (?, ?, ?, ?)\nHibernate: insert into MAT_APP.METADATA (NAME, VALUE, MEASURE_ID, METADATA_ID) values (?, ?, ?, ?)\nHibernate: insert into MAT_APP.METADATA (NAME, VALUE, MEASURE_ID, METADATA_ID) values (?, ?, ?, ?)\nHibernate: insert into MAT_APP.METADATA (NAME, VALUE, MEASURE_ID, METADATA_ID) values (?, ?, ?, ?)\nHibernate: insert into MAT_APP.METADATA (NAME, VALUE, MEASURE_ID, METADATA_ID) values (?, ?, ?, ?)\nHibernate: insert into MAT_APP.METADATA (NAME, VALUE, MEASURE_ID, METADATA_ID) values (?, ?, ?, ?)\nHibernate: insert into MAT_APP.METADATA (NAME, VALUE, MEASURE_ID, METADATA_ID) values (?, ?, ?, ?)\nHibernate: insert into MAT_APP.METADATA (NAME, VALUE, MEASURE_ID, METADATA_ID) values (?, ?, ?, ?)\nHibernate: insert into MAT_APP.METADATA (NAME, VALUE, MEASURE_ID, METADATA_ID) values (?, ?, ?, ?)\nHibernate: insert into MAT_APP.METADATA (NAME, VALUE, MEASURE_ID, METADATA_ID) values (?, ?, ?, ?)\nHibernate: insert into MAT_APP.METADATA (NAME, VALUE, MEASURE_ID, METADATA_ID) values (?, ?, ?, ?)\nHibernate: insert into MAT_APP.METADATA (NAME, VALUE, MEASURE_ID, METADATA_ID) values (?, ?, ?, ?)\nHibernate: insert into MAT_APP.METADATA (NAME, VALUE, MEASURE_ID, METADATA_ID) values (?, ?, ?, ?)\nHibernate: insert into MAT_APP.METADATA (NAME, VALUE, MEASURE_ID, METADATA_ID) values (?, ?, ?, ?)\nHibernate: insert into MAT_APP.METADATA (NAME, VALUE, MEASURE_ID, METADATA_ID) values (?, ?, ?, ?)\nHibernate: insert into MAT_APP.METADATA (NAME, VALUE, MEASURE_ID, METADATA_ID) values (?, ?, ?, ?)\nHibernate: insert into MAT_APP.METADATA (NAME, VALUE, MEASURE_ID, METADATA_ID) values (?, ?, ?, ?)\nHibernate: insert into MAT_APP.METADATA (NAME, VALUE, MEASURE_ID, METADATA_ID) values (?, ?, ?, ?)\nHibernate: insert into MAT_APP.METADATA (NAME, VALUE, MEASURE_ID, METADATA_ID) values (?, ?, ?, ?)\nHibernate: insert into MAT_APP.METADATA (NAME, VALUE, MEASURE_ID, METADATA_ID) values (?, ?, ?, ?)\nHibernate: insert into MAT_APP.METADATA (NAME, VALUE, MEASURE_ID, METADATA_ID) values (?, ?, ?, ?)\nHibernate: insert into MAT_APP.METADATA (NAME, VALUE, MEASURE_ID, METADATA_ID) values (?, ?, ?, ?)\nHibernate: insert into MAT_APP.METADATA (NAME, VALUE, MEASURE_ID, METADATA_ID) values (?, ?, ?, ?)\nHibernate: insert into MAT_APP.METADATA (NAME, VALUE, MEASURE_ID, METADATA_ID) values (?, ?, ?, ?)\nHibernate: insert into MAT_APP.METADATA (NAME, VALUE, MEASURE_ID, METADATA_ID) values (?, ?, ?, ?)\nHibernate: insert into MAT_APP.METADATA (NAME, VALUE, MEASURE_ID, METADATA_ID) values (?, ?, ?, ?)\nHibernate: insert into MAT_APP.METADATA (NAME, VALUE, MEASURE_ID, METADATA_ID) values (?, ?, ?, ?)\nHibernate: insert into MAT_APP.METADATA (NAME, VALUE, MEASURE_ID, METADATA_ID) values (?, ?, ?, ?)\nHibernate: insert into MAT_APP.METADATA (NAME, VALUE, MEASURE_ID, METADATA_ID) values (?, ?, ?, ?)\nHibernate: insert into MAT_APP.METADATA (NAME, VALUE, MEASURE_ID, METADATA_ID) values (?, ?, ?, ?)\nHibernate: insert into MAT_APP.METADATA (NAME, VALUE, MEASURE_ID, METADATA_ID) values (?, ?, ?, ?)\nHibernate: insert into MAT_APP.METADATA (NAME, VALUE, MEASURE_ID, METADATA_ID) values (?, ?, ?, ?)\nHibernate: insert into MAT_APP.METADATA (NAME, VALUE, MEASURE_ID, METADATA_ID) values (?, ?, ?, ?)\nHibernate: insert into MAT_APP.METADATA (NAME, VALUE, MEASURE_ID, METADATA_ID) values (?, ?, ?, ?)\nHibernate: insert into MAT_APP.METADATA (NAME, VALUE, MEASURE_ID, METADATA_ID) values (?, ?, ?, ?)\nHibernate: insert into MAT_APP.METADATA (NAME, VALUE, MEASURE_ID, METADATA_ID) values (?, ?, ?, ?)\nHibernate: insert into MAT_APP.METADATA (NAME, VALUE, MEASURE_ID, METADATA_ID) values (?, ?, ?, ?)\nHibernate: insert into MAT_APP.METADATA (NAME, VALUE, MEASURE_ID, METADATA_ID) values (?, ?, ?, ?)\nHibernate: insert into MAT_APP.METADATA (NAME, VALUE, MEASURE_ID, METADATA_ID) values (?, ?, ?, ?)\nHibernate: select this_.METADATA_ID as METADATA1_20_2_, this_.NAME as NAME20_2_, this_.VALUE as VALUE20_2_, this_.MEASURE_ID as MEASURE4_20_2_, measure2_.ID as ID14_0_, measure2_.ABBR_NAME as ABBR2_14_0_, measure2_.DESCRIPTION as DESCRIPT3_14_0_, measure2_.VERSION as VERSION14_0_, measure2_.MEASURE_STATUS as MEASURE5_14_0_, measure2_.MEASURE_OWNER_ID as MEASURE6_14_0_, measure2_.EXPORT_TS as EXPORT7_14_0_, user3_.USER_ID as USER1_13_1_, user3_.FIRST_NAME as FIRST2_13_1_, user3_.MIDDLE_INITIAL as MIDDLE9_13_1_, user3_.LAST_NAME as LAST10_13_1_, user3_.EMAIL_ADDRESS as EMAIL8_13_1_, user3_.PHONE_NO as PHONE11_13_1_, user3_.TITLE as TITLE13_1_, user3_.TERMINATION_DATE as TERMINA13_13_1_, user3_.ACTIVATION_DATE as ACTIVATION14_13_1_, user3_.SIGN_IN_DATE as SIGN5_13_1_, user3_.SIGN_OUT_DATE as SIGN6_13_1_, user3_.LOCKED_OUT_DATE as LOCKED7_13_1_, user3_.ORGANIZATION_NAME as ORGANIZ15_13_1_, user3_.ORG_OID as ORG16_13_1_, user3_.ROOT_OID as ROOT17_13_1_, user3_.STATUS_ID as STATUS4_13_1_, user3_.AUDIT_ID as AUDIT18_13_1_, user3_.SECURITY_ROLE_ID as SECURITY3_13_1_ from MAT_APP.METADATA this_ left outer join MAT_APP.MEASURE measure2_ on this_.MEASURE_ID=measure2_.ID left outer join MAT_APP.USER user3_ on measure2_.MEASURE_OWNER_ID=user3_.USER_ID where this_.MEASURE_ID=?\n1\n13:27:48,630 DEBUG btpool0-3 access.ExceptionTranslationFilter:100 - Chain processed normally\n13:27:48,630 DEBUG btpool0-3 context.SecurityContextPersistenceFilter:89 - SecurityContextHolder now cleared, as request processing completed\n13:27:49,443 DEBUG btpool0-3 web.FilterChainProxy:175 - Converted URL to lowercase, from: \'/mat/measurelibrary\'; to: \'/mat/measurelibrary\'\n13:27:49,443 DEBUG btpool0-3 web.FilterChainProxy:182 - Candidate is: \'/mat/measurelibrary\'; pattern is /**; matched=true\n13:27:49,443 DEBUG btpool0-3 web.FilterChainProxy:350 - /mat/measureLibrary at position 1 of 11 in additional filter chain; firing Filter: \'org.springframework.security.web.session.ConcurrentSessionFilter@fff76a\'\n13:27:49,443 DEBUG btpool0-3 web.FilterChainProxy:350 - /mat/measureLibrary at position 2 of 11 in additional filter chain; firing Filter: \'org.springframework.security.web.context.SecurityContextPersistenceFilter@cc7ed2\'\n13:27:49,443 DEBUG btpool0-3 context.HttpSessionSecurityContextRepository:165 - Obtained a valid SecurityContext from SPRING_SECURITY_CONTEXT: \'org.springframework.security.core.context.SecurityContextImpl@445d025b: Authentication: org.springframework.security.authentication.UsernamePasswordAuthenticationToken@445d025b: Principal: 8ae458ab2ceb6182012ceb88bf0a0001; Credentials: [PROTECTED]; Authenticated: true; Details: null; Granted Authorities: Super user\'\n13:27:49,443 DEBUG btpool0-3 web.FilterChainProxy:350 - /mat/measureLibrary at position 3 of 11 in additional filter chain; firing Filter: \'mat.server.PreventCachingFilter@1126c79\'\n13:27:49,443 DEBUG btpool0-3 web.FilterChainProxy:350 - /mat/measureLibrary at position 4 of 11 in additional filter chain; firing Filter: \'org.springframework.security.web.authentication.logout.LogoutFilter@8f8096\'\n13:27:49,443 DEBUG btpool0-3 web.FilterChainProxy:350 - /mat/measureLibrary at position 5 of 11 in additional filter chain; firing Filter: \'org.springframework.security.web.authentication.UsernamePasswordAuthenticationFilter@1430472\'\n13:27:49,443 DEBUG btpool0-3 web.FilterChainProxy:350 - /mat/measureLibrary at position 6 of 11 in additional filter chain; firing Filter: \'org.springframework.security.web.savedrequest.RequestCacheAwareFilter@d91483\'\n13:27:49,443 DEBUG btpool0-3 web.FilterChainProxy:350 - /mat/measureLibrary at position 7 of 11 in additional filter chain; firing Filter: \'org.springframework.security.web.servletapi.SecurityContextHolderAwareRequestFilter@1d1a5ea\'\n13:27:49,443 DEBUG btpool0-3 web.FilterChainProxy:350 - /mat/measureLibrary at position 8 of 11 in additional filter chain; firing Filter: \'org.springframework.security.web.authentication.AnonymousAuthenticationFilter@7d7d9a\'\n13:27:49,443 DEBUG btpool0-3 authentication.AnonymousAuthenticationFilter:72 - SecurityContextHolder not populated with anonymous token, as it already contained: \'org.springframework.security.authentication.UsernamePasswordAuthenticationToken@445d025b: Principal: 8ae458ab2ceb6182012ceb88bf0a0001; Credentials: [PROTECTED]; Authenticated: true; Details: null; Granted Authorities: Super user\'\n13:27:49,443 DEBUG btpool0-3 web.FilterChainProxy:350 - /mat/measureLibrary at position 9 of 11 in additional filter chain; firing Filter: \'org.springframework.security.web.session.SessionManagementFilter@c137df\'\n13:27:49,443 DEBUG btpool0-3 web.FilterChainProxy:350 - /mat/measureLibrary at position 10 of 11 in additional filter chain; firing Filter: \'org.springframework.security.web.access.ExceptionTranslationFilter@13da8bc\'\n13:27:49,443 DEBUG btpool0-3 web.FilterChainProxy:350 - /mat/measureLibrary at position 11 of 11 in additional filter chain; firing Filter: \'org.springframework.security.web.access.intercept.FilterSecurityInterceptor@110e7e5\'\n13:27:49,443 DEBUG btpool0-3 expression.ExpressionBasedFilterInvocationSecurityMetadataSource:173 - Converted URL to lowercase, from: \'/mat/measurelibrary\'; to: \'/mat/measurelibrary\'\n13:27:49,443 DEBUG btpool0-3 expression.ExpressionBasedFilterInvocationSecurityMetadataSource:200 - Candidate is: \'/mat/measurelibrary\'; pattern is /mat.html; matched=false\n13:27:49,443 DEBUG btpool0-3 intercept.FilterSecurityInterceptor:182 - Public object - authentication not attempted\n13:27:49,443 DEBUG btpool0-3 web.FilterChainProxy:339 - /mat/measureLibrary reached end of additional filter chain; proceeding with original chain\n13:27:49,443  INFO btpool0-3 server.HibernateStatisticsFilter:35 - Requesting /mat/measureLibrary in session 1hpa7ttkjcyxi\nHibernate: select measure0_.ID as ID14_4_, measure0_.ABBR_NAME as ABBR2_14_4_, measure0_.DESCRIPTION as DESCRIPT3_14_4_, measure0_.VERSION as VERSION14_4_, measure0_.MEASURE_STATUS as MEASURE5_14_4_, measure0_.MEASURE_OWNER_ID as MEASURE6_14_4_, measure0_.EXPORT_TS as EXPORT7_14_4_, user1_.USER_ID as USER1_13_0_, user1_.FIRST_NAME as FIRST2_13_0_, user1_.MIDDLE_INITIAL as MIDDLE9_13_0_, user1_.LAST_NAME as LAST10_13_0_, user1_.EMAIL_','8ae458ab2ceb6182012ceb8c4b060008'),('8ae44ffa2da4e392012dba2e9ce00050','Version','12','8ae458ab2ceb6182012ceb8c4b060008'),('8ae44ffa2da4e392012dba2e9ce00051','Rationale','13:27:48,318 DEBUG btpool0-2 web.FilterChainProxy:339 - /mat/package reached end of additional filter chain; proceeding with original chain\n13:27:48,318  INFO btpool0-2 server.HibernateStatisticsFilter:35 - Requesting /mat/package in session 1hpa7ttkjcyxi\nHibernate: select this_.ID as ID4_0_, this_.NAME as NAME4_0_, this_.DESCRIPTION as DESCRIPT3_4_0_, this_.MEASURE_ID as MEASURE4_4_0_, this_.CONTEXT_ID as CONTEXT5_4_0_, this_.DECISION_ID as DECISION6_4_0_, this_.CLAUSE_TYPE_ID as CLAUSE7_4_0_, this_.STATUS_ID as STATUS8_4_0_, this_.VERSION as VERSION4_0_ from MAT_APP.CLAUSE this_ where this_.MEASURE_ID=?\nHibernate: select this_.PACKAGER_ID as PACKAGER1_24_3_, this_.MEASURE_ID as MEASURE2_24_3_, this_.CLAUSE_ID as CLAUSE3_24_3_, this_.SEQUENCE as SEQUENCE24_3_, measure2_.ID as ID14_0_, measure2_.ABBR_NAME as ABBR2_14_0_, measure2_.DESCRIPTION as DESCRIPT3_14_0_, measure2_.VERSION as VERSION14_0_, measure2_.MEASURE_STATUS as MEASURE5_14_0_, measure2_.MEASURE_OWNER_ID as MEASURE6_14_0_, measure2_.EXPORT_TS as EXPORT7_14_0_, user3_.USER_ID as USER1_13_1_, user3_.FIRST_NAME as FIRST2_13_1_, user3_.MIDDLE_INITIAL as MIDDLE9_13_1_, user3_.LAST_NAME as LAST10_13_1_, user3_.EMAIL_ADDRESS as EMAIL8_13_1_, user3_.PHONE_NO as PHONE11_13_1_, user3_.TITLE as TITLE13_1_, user3_.TERMINATION_DATE as TERMINA13_13_1_, user3_.ACTIVATION_DATE as ACTIVATION14_13_1_, user3_.SIGN_IN_DATE as SIGN5_13_1_, user3_.SIGN_OUT_DATE as SIGN6_13_1_, user3_.LOCKED_OUT_DATE as LOCKED7_13_1_, user3_.ORGANIZATION_NAME as ORGANIZ15_13_1_, user3_.ORG_OID as ORG16_13_1_, user3_.ROOT_OID as ROOT17_13_1_, user3_.STATUS_ID as STATUS4_13_1_, user3_.AUDIT_ID as AUDIT18_13_1_, user3_.SECURITY_ROLE_ID as SECURITY3_13_1_, clause4_.ID as ID4_2_, clause4_.NAME as NAME4_2_, clause4_.DESCRIPTION as DESCRIPT3_4_2_, clause4_.MEASURE_ID as MEASURE4_4_2_, clause4_.CONTEXT_ID as CONTEXT5_4_2_, clause4_.DECISION_ID as DECISION6_4_2_, clause4_.CLAUSE_TYPE_ID as CLAUSE7_4_2_, clause4_.STATUS_ID as STATUS8_4_2_, clause4_.VERSION as VERSION4_2_ from MAT_APP.PACKAGER this_ left outer join MAT_APP.MEASURE measure2_ on this_.MEASURE_ID=measure2_.ID left outer join MAT_APP.USER user3_ on measure2_.MEASURE_OWNER_ID=user3_.USER_ID left outer join MAT_APP.CLAUSE clause4_ on this_.CLAUSE_ID=clause4_.ID where lower(this_.MEASURE_ID)=?\nHibernate: select userpasswo0_.USER_PASSWORD_ID as USER1_37_3_, userpasswo0_.USER_ID as USER2_37_3_, userpasswo0_.PWD_LOCK_COUNTER as PWD3_37_3_, userpasswo0_.FIRST_FAILED_ATTEMPT_TIME as FIRST4_37_3_, userpasswo0_.FORGOT_PWD_LOCK_COUNTER as FORGOT5_37_3_, userpasswo0_.PASSWORD as PASSWORD37_3_, userpasswo0_.SALT as SALT37_3_, userpasswo0_.INITIAL_PWD as INITIAL8_37_3_, userpasswo0_.TEMP_PWD as TEMP9_37_3_, userpasswo0_.CREATE_DATE as CREATE10_37_3_, user1_.USER_ID as USER1_13_0_, user1_.FIRST_NAME as FIRST2_13_0_, user1_.MIDDLE_INITIAL as MIDDLE9_13_0_, user1_.LAST_NAME as LAST10_13_0_, user1_.EMAIL_ADDRESS as EMAIL8_13_0_, user1_.PHONE_NO as PHONE11_13_0_, user1_.TITLE as TITLE13_0_, user1_.TERMINATION_DATE as TERMINA13_13_0_, user1_.ACTIVATION_DATE as ACTIVATION14_13_0_, user1_.SIGN_IN_DATE as SIGN5_13_0_, user1_.SIGN_OUT_DATE as SIGN6_13_0_, user1_.LOCKED_OUT_DATE as LOCKED7_13_0_, user1_.ORGANIZATION_NAME as ORGANIZ15_13_0_, user1_.ORG_OID as ORG16_13_0_, user1_.ROOT_OID as ROOT17_13_0_, user1_.STATUS_ID as STATUS4_13_0_, user1_.AUDIT_ID as AUDIT18_13_0_, user1_.SECURITY_ROLE_ID as SECURITY3_13_0_, status2_.STATUS_ID as STATUS1_34_1_, status2_.DESCRIPTION as DESCRIPT2_34_1_, securityro3_.SECURITY_ROLE_ID as SECURITY1_31_2_, securityro3_.DESCRIPTION as DESCRIPT2_31_2_ from MAT_APP.USER_PASSWORD userpasswo0_ left outer join MAT_APP.USER user1_ on userpasswo0_.USER_ID=user1_.USER_ID left outer join MAT_APP.STATUS status2_ on user1_.STATUS_ID=status2_.STATUS_ID left outer join MAT_APP.SECURITY_ROLE securityro3_ on user1_.SECURITY_ROLE_ID=securityro3_.SECURITY_ROLE_ID where userpasswo0_.USER_ID=?\n13:27:48,365 DEBUG btpool0-2 access.ExceptionTranslationFilter:100 - Chain processed normally\n13:27:48,365 DEBUG btpool0-2 context.SecurityContextPersistenceFilter:89 - SecurityContextHolder now cleared, as request processing completed\nHibernate: delete from MAT_APP.METADATA where METADATA_ID in (? , ? , ? , ? , ? , ? , ? , ? , ? , ? , ? , ? , ? , ? , ? , ? , ? , ? , ? , ? , ? , ? , ? , ? , ? , ? , ? , ? , ? , ? , ? , ? , ? , ? , ? , ? , ? , ? , ? , ? , ? , ? , ? , ?)\nDeleted Row: 44\nHibernate: insert into MAT_APP.METADATA (NAME, VALUE, MEASURE_ID, METADATA_ID) values (?, ?, ?, ?)\nHibernate: insert into MAT_APP.METADATA (NAME, VALUE, MEASURE_ID, METADATA_ID) values (?, ?, ?, ?)\nHibernate: insert into MAT_APP.METADATA (NAME, VALUE, MEASURE_ID, METADATA_ID) values (?, ?, ?, ?)\nHibernate: insert into MAT_APP.METADATA (NAME, VALUE, MEASURE_ID, METADATA_ID) values (?, ?, ?, ?)\nHibernate: insert into MAT_APP.METADATA (NAME, VALUE, MEASURE_ID, METADATA_ID) values (?, ?, ?, ?)\nHibernate: insert into MAT_APP.METADATA (NAME, VALUE, MEASURE_ID, METADATA_ID) values (?, ?, ?, ?)\nHibernate: insert into MAT_APP.METADATA (NAME, VALUE, MEASURE_ID, METADATA_ID) values (?, ?, ?, ?)\nHibernate: insert into MAT_APP.METADATA (NAME, VALUE, MEASURE_ID, METADATA_ID) values (?, ?, ?, ?)\nHibernate: insert into MAT_APP.METADATA (NAME, VALUE, MEASURE_ID, METADATA_ID) values (?, ?, ?, ?)\nHibernate: insert into MAT_APP.METADATA (NAME, VALUE, MEASURE_ID, METADATA_ID) values (?, ?, ?, ?)\nHibernate: insert into MAT_APP.METADATA (NAME, VALUE, MEASURE_ID, METADATA_ID) values (?, ?, ?, ?)\nHibernate: insert into MAT_APP.METADATA (NAME, VALUE, MEASURE_ID, METADATA_ID) values (?, ?, ?, ?)\nHibernate: insert into MAT_APP.METADATA (NAME, VALUE, MEASURE_ID, METADATA_ID) values (?, ?, ?, ?)\nHibernate: insert into MAT_APP.METADATA (NAME, VALUE, MEASURE_ID, METADATA_ID) values (?, ?, ?, ?)\nHibernate: insert into MAT_APP.METADATA (NAME, VALUE, MEASURE_ID, METADATA_ID) values (?, ?, ?, ?)\nHibernate: insert into MAT_APP.METADATA (NAME, VALUE, MEASURE_ID, METADATA_ID) values (?, ?, ?, ?)\nHibernate: insert into MAT_APP.METADATA (NAME, VALUE, MEASURE_ID, METADATA_ID) values (?, ?, ?, ?)\nHibernate: insert into MAT_APP.METADATA (NAME, VALUE, MEASURE_ID, METADATA_ID) values (?, ?, ?, ?)\nHibernate: insert into MAT_APP.METADATA (NAME, VALUE, MEASURE_ID, METADATA_ID) values (?, ?, ?, ?)\nHibernate: insert into MAT_APP.METADATA (NAME, VALUE, MEASURE_ID, METADATA_ID) values (?, ?, ?, ?)\nHibernate: insert into MAT_APP.METADATA (NAME, VALUE, MEASURE_ID, METADATA_ID) values (?, ?, ?, ?)\nHibernate: insert into MAT_APP.METADATA (NAME, VALUE, MEASURE_ID, METADATA_ID) values (?, ?, ?, ?)\nHibernate: insert into MAT_APP.METADATA (NAME, VALUE, MEASURE_ID, METADATA_ID) values (?, ?, ?, ?)\nHibernate: insert into MAT_APP.METADATA (NAME, VALUE, MEASURE_ID, METADATA_ID) values (?, ?, ?, ?)\nHibernate: insert into MAT_APP.METADATA (NAME, VALUE, MEASURE_ID, METADATA_ID) values (?, ?, ?, ?)\nHibernate: insert into MAT_APP.METADATA (NAME, VALUE, MEASURE_ID, METADATA_ID) values (?, ?, ?, ?)\nHibernate: insert into MAT_APP.METADATA (NAME, VALUE, MEASURE_ID, METADATA_ID) values (?, ?, ?, ?)\nHibernate: insert into MAT_APP.METADATA (NAME, VALUE, MEASURE_ID, METADATA_ID) values (?, ?, ?, ?)\nHibernate: insert into MAT_APP.METADATA (NAME, VALUE, MEASURE_ID, METADATA_ID) values (?, ?, ?, ?)\nHibernate: insert into MAT_APP.METADATA (NAME, VALUE, MEASURE_ID, METADATA_ID) values (?, ?, ?, ?)\nHibernate: insert into MAT_APP.METADATA (NAME, VALUE, MEASURE_ID, METADATA_ID) values (?, ?, ?, ?)\nHibernate: insert into MAT_APP.METADATA (NAME, VALUE, MEASURE_ID, METADATA_ID) values (?, ?, ?, ?)\nHibernate: insert into MAT_APP.METADATA (NAME, VALUE, MEASURE_ID, METADATA_ID) values (?, ?, ?, ?)\nHibernate: insert into MAT_APP.METADATA (NAME, VALUE, MEASURE_ID, METADATA_ID) values (?, ?, ?, ?)\nHibernate: insert into MAT_APP.METADATA (NAME, VALUE, MEASURE_ID, METADATA_ID) values (?, ?, ?, ?)\nHibernate: insert into MAT_APP.METADATA (NAME, VALUE, MEASURE_ID, METADATA_ID) values (?, ?, ?, ?)\nHibernate: insert into MAT_APP.METADATA (NAME, VALUE, MEASURE_ID, METADATA_ID) values (?, ?, ?, ?)\nHibernate: insert into MAT_APP.METADATA (NAME, VALUE, MEASURE_ID, METADATA_ID) values (?, ?, ?, ?)\nHibernate: insert into MAT_APP.METADATA (NAME, VALUE, MEASURE_ID, METADATA_ID) values (?, ?, ?, ?)\nHibernate: insert into MAT_APP.METADATA (NAME, VALUE, MEASURE_ID, METADATA_ID) values (?, ?, ?, ?)\nHibernate: insert into MAT_APP.METADATA (NAME, VALUE, MEASURE_ID, METADATA_ID) values (?, ?, ?, ?)\nHibernate: insert into MAT_APP.METADATA (NAME, VALUE, MEASURE_ID, METADATA_ID) values (?, ?, ?, ?)\nHibernate: insert into MAT_APP.METADATA (NAME, VALUE, MEASURE_ID, METADATA_ID) values (?, ?, ?, ?)\nHibernate: insert into MAT_APP.METADATA (NAME, VALUE, MEASURE_ID, METADATA_ID) values (?, ?, ?, ?)\nHibernate: select this_.METADATA_ID as METADATA1_20_2_, this_.NAME as NAME20_2_, this_.VALUE as VALUE20_2_, this_.MEASURE_ID as MEASURE4_20_2_, measure2_.ID as ID14_0_, measure2_.ABBR_NAME as ABBR2_14_0_, measure2_.DESCRIPTION as DESCRIPT3_14_0_, measure2_.VERSION as VERSION14_0_, measure2_.MEASURE_STATUS as MEASURE5_14_0_, measure2_.MEASURE_OWNER_ID as MEASURE6_14_0_, measure2_.EXPORT_TS as EXPORT7_14_0_, user3_.USER_ID as USER1_13_1_, user3_.FIRST_NAME as FIRST2_13_1_, user3_.MIDDLE_INITIAL as MIDDLE9_13_1_, user3_.LAST_NAME as LAST10_13_1_, user3_.EMAIL_ADDRESS as EMAIL8_13_1_, user3_.PHONE_NO as PHONE11_13_1_, user3_.TITLE as TITLE13_1_, user3_.TERMINATION_DATE as TERMINA13_13_1_, user3_.ACTIVATION_DATE as ACTIVATION14_13_1_, user3_.SIGN_IN_DATE as SIGN5_13_1_, user3_.SIGN_OUT_DATE as SIGN6_13_1_, user3_.LOCKED_OUT_DATE as LOCKED7_13_1_, user3_.ORGANIZATION_NAME as ORGANIZ15_13_1_, user3_.ORG_OID as ORG16_13_1_, user3_.ROOT_OID as ROOT17_13_1_, user3_.STATUS_ID as STATUS4_13_1_, user3_.AUDIT_ID as AUDIT18_13_1_, user3_.SECURITY_ROLE_ID as SECURITY3_13_1_ from MAT_APP.METADATA this_ left outer join MAT_APP.MEASURE measure2_ on this_.MEASURE_ID=measure2_.ID left outer join MAT_APP.USER user3_ on measure2_.MEASURE_OWNER_ID=user3_.USER_ID where this_.MEASURE_ID=?\n1\n13:27:48,630 DEBUG btpool0-3 access.ExceptionTranslationFilter:100 - Chain processed normally\n13:27:48,630 DEBUG btpool0-3 context.SecurityContextPersistenceFilter:89 - SecurityContextHolder now cleared, as request processing completed\n13:27:49,443 DEBUG btpool0-3 web.FilterChainProxy:175 - Converted URL to lowercase, from: \'/mat/measurelibrary\'; to: \'/mat/measurelibrary\'\n13:27:49,443 DEBUG btpool0-3 web.FilterChainProxy:182 - Candidate is: \'/mat/measurelibrary\'; pattern is /**; matched=true\n13:27:49,443 DEBUG btpool0-3 web.FilterChainProxy:350 - /mat/measureLibrary at position 1 of 11 in additional filter chain; firing Filter: \'org.springframework.security.web.session.ConcurrentSessionFilter@fff76a\'\n13:27:49,443 DEBUG btpool0-3 web.FilterChainProxy:350 - /mat/measureLibrary at position 2 of 11 in additional filter chain; firing Filter: \'org.springframework.security.web.context.SecurityContextPersistenceFilter@cc7ed2\'\n13:27:49,443 DEBUG btpool0-3 context.HttpSessionSecurityContextRepository:165 - Obtained a valid SecurityContext from SPRING_SECURITY_CONTEXT: \'org.springframework.security.core.context.SecurityContextImpl@445d025b: Authentication: org.springframework.security.authentication.UsernamePasswordAuthenticationToken@445d025b: Principal: 8ae458ab2ceb6182012ceb88bf0a0001; Credentials: [PROTECTED]; Authenticated: true; Details: null; Granted Authorities: Super user\'\n13:27:49,443 DEBUG btpool0-3 web.FilterChainProxy:350 - /mat/measureLibrary at position 3 of 11 in additional filter chain; firing Filter: \'mat.server.PreventCachingFilter@1126c79\'\n13:27:49,443 DEBUG btpool0-3 web.FilterChainProxy:350 - /mat/measureLibrary at position 4 of 11 in additional filter chain; firing Filter: \'org.springframework.security.web.authentication.logout.LogoutFilter@8f8096\'\n13:27:49,443 DEBUG btpool0-3 web.FilterChainProxy:350 - /mat/measureLibrary at position 5 of 11 in additional filter chain; firing Filter: \'org.springframework.security.web.authentication.UsernamePasswordAuthenticationFilter@1430472\'\n13:27:49,443 DEBUG btpool0-3 web.FilterChainProxy:350 - /mat/measureLibrary at position 6 of 11 in additional filter chain; firing Filter: \'org.springframework.security.web.savedrequest.RequestCacheAwareFilter@d91483\'\n13:27:49,443 DEBUG btpool0-3 web.FilterChainProxy:350 - /mat/measureLibrary at position 7 of 11 in additional filter chain; firing Filter: \'org.springframework.security.web.servletapi.SecurityContextHolderAwareRequestFilter@1d1a5ea\'\n13:27:49,443 DEBUG btpool0-3 web.FilterChainProxy:350 - /mat/measureLibrary at position 8 of 11 in additional filter chain; firing Filter: \'org.springframework.security.web.authentication.AnonymousAuthenticationFilter@7d7d9a\'\n13:27:49,443 DEBUG btpool0-3 authentication.AnonymousAuthenticationFilter:72 - SecurityContextHolder not populated with anonymous token, as it already contained: \'org.springframework.security.authentication.UsernamePasswordAuthenticationToken@445d025b: Principal: 8ae458ab2ceb6182012ceb88bf0a0001; Credentials: [PROTECTED]; Authenticated: true; Details: null; Granted Authorities: Super user\'\n13:27:49,443 DEBUG btpool0-3 web.FilterChainProxy:350 - /mat/measureLibrary at position 9 of 11 in additional filter chain; firing Filter: \'org.springframework.security.web.session.SessionManagementFilter@c137df\'\n13:27:49,443 DEBUG btpool0-3 web.FilterChainProxy:350 - /mat/measureLibrary at position 10 of 11 in additional filter chain; firing Filter: \'org.springframework.security.web.access.ExceptionTranslationFilter@13da8bc\'\n13:27:49,443 DEBUG btpool0-3 web.FilterChainProxy:350 - /mat/measureLibrary at position 11 of 11 in additional filter chain; firing Filter: \'org.springframework.security.web.access.intercept.FilterSecurityInterceptor@110e7e5\'\n13:27:49,443 DEBUG btpool0-3 expression.ExpressionBasedFilterInvocationSecurityMetadataSource:173 - Converted URL to lowercase, from: \'/mat/measurelibrary\'; to: \'/mat/measurelibrary\'\n13:27:49,443 DEBUG btpool0-3 expression.ExpressionBasedFilterInvocationSecurityMetadataSource:200 - Candidate is: \'/mat/measurelibrary\'; pattern is /mat.html; matched=false\n13:27:49,443 DEBUG btpool0-3 intercept.FilterSecurityInterceptor:182 - Public object - authentication not attempted\n13:27:49,443 DEBUG btpool0-3 web.FilterChainProxy:339 - /mat/measureLibrary reached end of additional filter chain; proceeding with original chain\n13:27:49,443  INFO btpool0-3 server.HibernateStatisticsFilter:35 - Requesting /mat/measureLibrary in session 1hpa7ttkjcyxi\nHibernate: select measure0_.ID as ID14_4_, measure0_.ABBR_NAME as ABBR2_14_4_, measure0_.DESCRIPTION as DESCRIPT3_14_4_, measure0_.VERSION as VERSION14_4_, measure0_.MEASURE_STATUS as MEASURE5_14_4_, measure0_.MEASURE_OWNER_ID as MEASURE6_14_4_, measure0_.EXPORT_TS as EXPORT7_14_4_, user1_.USER_ID as USER1_13_0_, user1_.FIRST_NAME as FIRST2_13_0_, user1_.MIDDLE_INITIAL as MIDDLE9_13_0_, user1_.LAST_NAME as LAST10_13_0_, user1_.EMAIL_','8ae458ab2ceb6182012ceb8c4b060008'),('8ae44ffa2da4e392012dba2e9ce00052','SetId','123','8ae458ab2ceb6182012ceb8c4b060008'),('8ae44ffa2da4e392012dba2e9ce00053','Author','3M Health Information Systems','8ae458ab2ceb6182012ceb8c4b060008'),('8ae44ffa2da4e392012dba2e9ce00054','MeasureType','Access','8ae458ab2ceb6182012ceb8c4b060008'),('8ae44ffa2da4e392012dba2e9ce00055','MeasureType','Composite','8ae458ab2ceb6182012ceb8c4b060008'),('8ae44ffa2da4e392012dba2e9ce00056','MeasureType','Composite','8ae458ab2ceb6182012ceb8c4b060008'),('8ae44ffa2da4e392012dba2e9ce00057','MeasureType','Composite','8ae458ab2ceb6182012ceb8c4b060008'),('8ae44ffa2da4e392012dba2e9ce00058','MeasureType','Composite','8ae458ab2ceb6182012ceb8c4b060008'),('8ae44ffa2da4e392012dba2e9ce00059','MeasureType','Composite','8ae458ab2ceb6182012ceb8c4b060008'),('8ae44ffa2da4e392012dba2e9ce0005a','MeasureType','Composite','8ae458ab2ceb6182012ceb8c4b060008'),('8ae44ffa2da4e392012dba2e9ce0005b','MeasureType','Composite','8ae458ab2ceb6182012ceb8c4b060008'),('8ae44ffa2da4e392012dba2e9ce0005c','MeasureType','Composite','8ae458ab2ceb6182012ceb8c4b060008'),('8ae44ffa2da4e392012dba2e9ce0005d','MeasureType','Composite','8ae458ab2ceb6182012ceb8c4b060008'),('8ae44ffa2da4e392012dba2e9ce0005e','MeasureType','Composite','8ae458ab2ceb6182012ceb8c4b060008'),('8ae44ffa2da4e392012dba2e9ce0005f','MeasureType','Composite','8ae458ab2ceb6182012ceb8c4b060008'),('8ae44ffa2da4e392012dba2e9ce00060','MeasureType','Composite','8ae458ab2ceb6182012ceb8c4b060008'),('8ae44ffa2da4e392012dba2e9ce00061','MeasureType','Composite','8ae458ab2ceb6182012ceb8c4b060008'),('8ae44ffa2da4e392012dba2e9ce00062','MeasureType','Composite','8ae458ab2ceb6182012ceb8c4b060008'),('8ae44ffa2da4e392012dba2e9ce00063','MeasureType','Composite','8ae458ab2ceb6182012ceb8c4b060008'),('8ae44ffa2da4e392012dba2e9ce00064','MeasureType','Composite','8ae458ab2ceb6182012ceb8c4b060008'),('8ae44ffa2da4e392012dba2e9ce00065','MeasureType','Composite','8ae458ab2ceb6182012ceb8c4b060008'),('8ae44ffa2da4e392012dba2e9ce00066','MeasureType','Composite','8ae458ab2ceb6182012ceb8c4b060008'),('8ae44ffa2da4e392012dba2e9ce00067','MeasureType','Composite','8ae458ab2ceb6182012ceb8c4b060008'),('8ae44ffa2da4e392012dba2e9ce00068','MeasureType','Composite','8ae458ab2ceb6182012ceb8c4b060008'),('8ae44ffa2da4e392012dba2e9ce00069','MeasureType','Composite','8ae458ab2ceb6182012ceb8c4b060008'),('8ae44ffa2da4e392012dba2e9ce0006a','MeasureType','Composite','8ae458ab2ceb6182012ceb8c4b060008'),('8ae44ffa2da4e392012dba2e9ce0006b','MeasureType','Composite','8ae458ab2ceb6182012ceb8c4b060008'),('8ae44ffa2da4e392012dba2e9ce0006c','MeasureType','Composite','8ae458ab2ceb6182012ceb8c4b060008'),('8ae44ffa2da4e392012dba2e9ce0006d','Reference','13:27:48,318 DEBUG btpool0-2 web.FilterChainProxy:339 - /mat/package reached end of additional filter chain; proceeding with original chain\n13:27:48,318  INFO btpool0-2 server.HibernateStatisticsFilter:35 - Requesting /mat/package in session 1hpa7ttkjcyxi\nHibernate: select this_.ID as ID4_0_, this_.NAME as NAME4_0_, this_.DESCRIPTION as DESCRIPT3_4_0_, this_.MEASURE_ID as MEASURE4_4_0_, this_.CONTEXT_ID as CONTEXT5_4_0_, this_.DECISION_ID as DECISION6_4_0_, this_.CLAUSE_TYPE_ID as CLAUSE7_4_0_, this_.STATUS_ID as STATUS8_4_0_, this_.VERSION as VERSION4_0_ from MAT_APP.CLAUSE this_ where this_.MEASURE_ID=?\nHibernate: select this_.PACKAGER_ID as PACKAGER1_24_3_, this_.MEASURE_ID as MEASURE2_24_3_, this_.CLAUSE_ID as CLAUSE3_24_3_, this_.SEQUENCE as SEQUENCE24_3_, measure2_.ID as ID14_0_, measure2_.ABBR_NAME as ABBR2_14_0_, measure2_.DESCRIPTION as DESCRIPT3_14_0_, measure2_.VERSION as VERSION14_0_, measure2_.MEASURE_STATUS as MEASURE5_14_0_, measure2_.MEASURE_OWNER_ID as MEASURE6_14_0_, measure2_.EXPORT_TS as EXPORT7_14_0_, user3_.USER_ID as USER1_13_1_, user3_.FIRST_NAME as FIRST2_13_1_, user3_.MIDDLE_INITIAL as MIDDLE9_13_1_, user3_.LAST_NAME as LAST10_13_1_, user3_.EMAIL_ADDRESS as EMAIL8_13_1_, user3_.PHONE_NO as PHONE11_13_1_, user3_.TITLE as TITLE13_1_, user3_.TERMINATION_DATE as TERMINA13_13_1_, user3_.ACTIVATION_DATE as ACTIVATION14_13_1_, user3_.SIGN_IN_DATE as SIGN5_13_1_, user3_.SIGN_OUT_DATE as SIGN6_13_1_, user3_.LOCKED_OUT_DATE as LOCKED7_13_1_, user3_.ORGANIZATION_NAME as ORGANIZ15_13_1_, user3_.ORG_OID as ORG16_13_1_, user3_.ROOT_OID as ROOT17_13_1_, user3_.STATUS_ID as STATUS4_13_1_, user3_.AUDIT_ID as AUDIT18_13_1_, user3_.SECURITY_ROLE_ID as SECURITY3_13_1_, clause4_.ID as ID4_2_, clause4_.NAME as NAME4_2_, clause4_.DESCRIPTION as DESCRIPT3_4_2_, clause4_.MEASURE_ID as MEASURE4_4_2_, clause4_.CONTEXT_ID as CONTEXT5_4_2_, clause4_.DECISION_ID as DECISION6_4_2_, clause4_.CLAUSE_TYPE_ID as CLAUSE7_4_2_, clause4_.STATUS_ID as STATUS8_4_2_, clause4_.VERS','8ae458ab2ceb6182012ceb8c4b060008'),('8ae44ffa2da4e392012dba2e9ce0006e','Reference','13:27:48,318 DEBUG btpool0-2 web.FilterChainProxy:339 - /mat/package reached end of additional filter chain; proceeding with original chain\n13:27:48,318  INFO btpool0-2 server.HibernateStatisticsFilter:35 - Requesting /mat/package in session 1hpa7ttkjcyxi\nHibernate: select this_.ID as ID4_0_, this_.NAME as NAME4_0_, this_.DESCRIPTION as DESCRIPT3_4_0_, this_.MEASURE_ID as MEASURE4_4_0_, this_.CONTEXT_ID as CONTEXT5_4_0_, this_.DECISION_ID as DECISION6_4_0_, this_.CLAUSE_TYPE_ID as CLAUSE7_4_0_, this_.STATUS_ID as STATUS8_4_0_, this_.VERSION as VERSION4_0_ from MAT_APP.CLAUSE this_ where this_.MEASURE_ID=?\nHibernate: select this_.PACKAGER_ID as PACKAGER1_24_3_, this_.MEASURE_ID as MEASURE2_24_3_, this_.CLAUSE_ID as CLAUSE3_24_3_, this_.SEQUENCE as SEQUENCE24_3_, measure2_.ID as ID14_0_, measure2_.ABBR_NAME as ABBR2_14_0_, measure2_.DESCRIPTION as DESCRIPT3_14_0_, measure2_.VERSION as VERSION14_0_, measure2_.MEASURE_STATUS as MEASURE5_14_0_, measure2_.MEASURE_OWNER_ID as MEASURE6_14_0_, measure2_.EXPORT_TS as EXPORT7_14_0_, user3_.USER_ID as USER1_13_1_, user3_.FIRST_NAME as FIRST2_13_1_, user3_.MIDDLE_INITIAL as MIDDLE9_13_1_, user3_.LAST_NAME as LAST10_13_1_, user3_.EMAIL_ADDRESS as EMAIL8_13_1_, user3_.PHONE_NO as PHONE11_13_1_, user3_.TITLE as TITLE13_1_, user3_.TERMINATION_DATE as TERMINA13_13_1_, user3_.ACTIVATION_DATE as ACTIVATION14_13_1_, user3_.SIGN_IN_DATE as SIGN5_13_1_, user3_.SIGN_OUT_DATE as SIGN6_13_1_, user3_.LOCKED_OUT_DATE as LOCKED7_13_1_, user3_.ORGANIZATION_NAME as ORGANIZ15_13_1_, user3_.ORG_OID as ORG16_13_1_, user3_.ROOT_OID as ROOT17_13_1_, user3_.STATUS_ID as STATUS4_13_1_, user3_.AUDIT_ID as AUDIT18_13_1_, user3_.SECURITY_ROLE_ID as SECURITY3_13_1_, clause4_.ID as ID4_2_, clause4_.NAME as NAME4_2_, clause4_.DESCRIPTION as DESCRIPT3_4_2_, clause4_.MEASURE_ID as MEASURE4_4_2_, clause4_.CONTEXT_ID as CONTEXT5_4_2_, clause4_.DECISION_ID as DECISION6_4_2_, clause4_.CLAUSE_TYPE_ID as CLAUSE7_4_2_, clause4_.STATUS_ID as STATUS8_4_2_, clause4_.VERS','8ae458ab2ceb6182012ceb8c4b060008'),('8ae44ffa2da4e392012dba2e9ce0006f','Reference','13:27:48,318 DEBUG btpool0-2 web.FilterChainProxy:339 - /mat/package reached end of additional filter chain; proceeding with original chain\n13:27:48,318  INFO btpool0-2 server.HibernateStatisticsFilter:35 - Requesting /mat/package in session 1hpa7ttkjcyxi\nHibernate: select this_.ID as ID4_0_, this_.NAME as NAME4_0_, this_.DESCRIPTION as DESCRIPT3_4_0_, this_.MEASURE_ID as MEASURE4_4_0_, this_.CONTEXT_ID as CONTEXT5_4_0_, this_.DECISION_ID as DECISION6_4_0_, this_.CLAUSE_TYPE_ID as CLAUSE7_4_0_, this_.STATUS_ID as STATUS8_4_0_, this_.VERSION as VERSION4_0_ from MAT_APP.CLAUSE this_ where this_.MEASURE_ID=?\nHibernate: select this_.PACKAGER_ID as PACKAGER1_24_3_, this_.MEASURE_ID as MEASURE2_24_3_, this_.CLAUSE_ID as CLAUSE3_24_3_, this_.SEQUENCE as SEQUENCE24_3_, measure2_.ID as ID14_0_, measure2_.ABBR_NAME as ABBR2_14_0_, measure2_.DESCRIPTION as DESCRIPT3_14_0_, measure2_.VERSION as VERSION14_0_, measure2_.MEASURE_STATUS as MEASURE5_14_0_, measure2_.MEASURE_OWNER_ID as MEASURE6_14_0_, measure2_.EXPORT_TS as EXPORT7_14_0_, user3_.USER_ID as USER1_13_1_, user3_.FIRST_NAME as FIRST2_13_1_, user3_.MIDDLE_INITIAL as MIDDLE9_13_1_, user3_.LAST_NAME as LAST10_13_1_, user3_.EMAIL_ADDRESS as EMAIL8_13_1_, user3_.PHONE_NO as PHONE11_13_1_, user3_.TITLE as TITLE13_1_, user3_.TERMINATION_DATE as TERMINA13_13_1_, user3_.ACTIVATION_DATE as ACTIVATION14_13_1_, user3_.SIGN_IN_DATE as SIGN5_13_1_, user3_.SIGN_OUT_DATE as SIGN6_13_1_, user3_.LOCKED_OUT_DATE as LOCKED7_13_1_, user3_.ORGANIZATION_NAME as ORGANIZ15_13_1_, user3_.ORG_OID as ORG16_13_1_, user3_.ROOT_OID as ROOT17_13_1_, user3_.STATUS_ID as STATUS4_13_1_, user3_.AUDIT_ID as AUDIT18_13_1_, user3_.SECURITY_ROLE_ID as SECURITY3_13_1_, clause4_.ID as ID4_2_, clause4_.NAME as NAME4_2_, clause4_.DESCRIPTION as DESCRIPT3_4_2_, clause4_.MEASURE_ID as MEASURE4_4_2_, clause4_.CONTEXT_ID as CONTEXT5_4_2_, clause4_.DECISION_ID as DECISION6_4_2_, clause4_.CLAUSE_TYPE_ID as CLAUSE7_4_2_, clause4_.STATUS_ID as STATUS8_4_2_, clause4_.VERS','8ae458ab2ceb6182012ceb8c4b060008'),('8ae44ffa2da4e392012dba2e9ce00070','Reference','13:27:48,318 DEBUG btpool0-2 web.FilterChainProxy:339 - /mat/package reached end of additional filter chain; proceeding with original chain\n13:27:48,318  INFO btpool0-2 server.HibernateStatisticsFilter:35 - Requesting /mat/package in session 1hpa7ttkjcyxi\nHibernate: select this_.ID as ID4_0_, this_.NAME as NAME4_0_, this_.DESCRIPTION as DESCRIPT3_4_0_, this_.MEASURE_ID as MEASURE4_4_0_, this_.CONTEXT_ID as CONTEXT5_4_0_, this_.DECISION_ID as DECISION6_4_0_, this_.CLAUSE_TYPE_ID as CLAUSE7_4_0_, this_.STATUS_ID as STATUS8_4_0_, this_.VERSION as VERSION4_0_ from MAT_APP.CLAUSE this_ where this_.MEASURE_ID=?\nHibernate: select this_.PACKAGER_ID as PACKAGER1_24_3_, this_.MEASURE_ID as MEASURE2_24_3_, this_.CLAUSE_ID as CLAUSE3_24_3_, this_.SEQUENCE as SEQUENCE24_3_, measure2_.ID as ID14_0_, measure2_.ABBR_NAME as ABBR2_14_0_, measure2_.DESCRIPTION as DESCRIPT3_14_0_, measure2_.VERSION as VERSION14_0_, measure2_.MEASURE_STATUS as MEASURE5_14_0_, measure2_.MEASURE_OWNER_ID as MEASURE6_14_0_, measure2_.EXPORT_TS as EXPORT7_14_0_, user3_.USER_ID as USER1_13_1_, user3_.FIRST_NAME as FIRST2_13_1_, user3_.MIDDLE_INITIAL as MIDDLE9_13_1_, user3_.LAST_NAME as LAST10_13_1_, user3_.EMAIL_ADDRESS as EMAIL8_13_1_, user3_.PHONE_NO as PHONE11_13_1_, user3_.TITLE as TITLE13_1_, user3_.TERMINATION_DATE as TERMINA13_13_1_, user3_.ACTIVATION_DATE as ACTIVATION14_13_1_, user3_.SIGN_IN_DATE as SIGN5_13_1_, user3_.SIGN_OUT_DATE as SIGN6_13_1_, user3_.LOCKED_OUT_DATE as LOCKED7_13_1_, user3_.ORGANIZATION_NAME as ORGANIZ15_13_1_, user3_.ORG_OID as ORG16_13_1_, user3_.ROOT_OID as ROOT17_13_1_, user3_.STATUS_ID as STATUS4_13_1_, user3_.AUDIT_ID as AUDIT18_13_1_, user3_.SECURITY_ROLE_ID as SECURITY3_13_1_, clause4_.ID as ID4_2_, clause4_.NAME as NAME4_2_, clause4_.DESCRIPTION as DESCRIPT3_4_2_, clause4_.MEASURE_ID as MEASURE4_4_2_, clause4_.CONTEXT_ID as CONTEXT5_4_2_, clause4_.DECISION_ID as DECISION6_4_2_, clause4_.CLAUSE_TYPE_ID as CLAUSE7_4_2_, clause4_.STATUS_ID as STATUS8_4_2_, clause4_.VERS','8ae458ab2ceb6182012ceb8c4b060008'),('8ae44ffa2da4e392012dba2e9ce00071','Reference','13:27:48,318 DEBUG btpool0-2 web.FilterChainProxy:339 - /mat/package reached end of additional filter chain; proceeding with original chain\n13:27:48,318  INFO btpool0-2 server.HibernateStatisticsFilter:35 - Requesting /mat/package in session 1hpa7ttkjcyxi\nHibernate: select this_.ID as ID4_0_, this_.NAME as NAME4_0_, this_.DESCRIPTION as DESCRIPT3_4_0_, this_.MEASURE_ID as MEASURE4_4_0_, this_.CONTEXT_ID as CONTEXT5_4_0_, this_.DECISION_ID as DECISION6_4_0_, this_.CLAUSE_TYPE_ID as CLAUSE7_4_0_, this_.STATUS_ID as STATUS8_4_0_, this_.VERSION as VERSION4_0_ from MAT_APP.CLAUSE this_ where this_.MEASURE_ID=?\nHibernate: select this_.PACKAGER_ID as PACKAGER1_24_3_, this_.MEASURE_ID as MEASURE2_24_3_, this_.CLAUSE_ID as CLAUSE3_24_3_, this_.SEQUENCE as SEQUENCE24_3_, measure2_.ID as ID14_0_, measure2_.ABBR_NAME as ABBR2_14_0_, measure2_.DESCRIPTION as DESCRIPT3_14_0_, measure2_.VERSION as VERSION14_0_, measure2_.MEASURE_STATUS as MEASURE5_14_0_, measure2_.MEASURE_OWNER_ID as MEASURE6_14_0_, measure2_.EXPORT_TS as EXPORT7_14_0_, user3_.USER_ID as USER1_13_1_, user3_.FIRST_NAME as FIRST2_13_1_, user3_.MIDDLE_INITIAL as MIDDLE9_13_1_, user3_.LAST_NAME as LAST10_13_1_, user3_.EMAIL_ADDRESS as EMAIL8_13_1_, user3_.PHONE_NO as PHONE11_13_1_, user3_.TITLE as TITLE13_1_, user3_.TERMINATION_DATE as TERMINA13_13_1_, user3_.ACTIVATION_DATE as ACTIVATION14_13_1_, user3_.SIGN_IN_DATE as SIGN5_13_1_, user3_.SIGN_OUT_DATE as SIGN6_13_1_, user3_.LOCKED_OUT_DATE as LOCKED7_13_1_, user3_.ORGANIZATION_NAME as ORGANIZ15_13_1_, user3_.ORG_OID as ORG16_13_1_, user3_.ROOT_OID as ROOT17_13_1_, user3_.STATUS_ID as STATUS4_13_1_, user3_.AUDIT_ID as AUDIT18_13_1_, user3_.SECURITY_ROLE_ID as SECURITY3_13_1_, clause4_.ID as ID4_2_, clause4_.NAME as NAME4_2_, clause4_.DESCRIPTION as DESCRIPT3_4_2_, clause4_.MEASURE_ID as MEASURE4_4_2_, clause4_.CONTEXT_ID as CONTEXT5_4_2_, clause4_.DECISION_ID as DECISION6_4_2_, clause4_.CLAUSE_TYPE_ID as CLAUSE7_4_2_, clause4_.STATUS_ID as STATUS8_4_2_, clause4_.VERS','8ae458ab2ceb6182012ceb8c4b060008'),('8ae44ffa2da4e392012dba2e9ce00072','Reference','13:27:48,318 DEBUG btpool0-2 web.FilterChainProxy:339 - /mat/package reached end of additional filter chain; proceeding with original chain\n13:27:48,318  INFO btpool0-2 server.HibernateStatisticsFilter:35 - Requesting /mat/package in session 1hpa7ttkjcyxi\nHibernate: select this_.ID as ID4_0_, this_.NAME as NAME4_0_, this_.DESCRIPTION as DESCRIPT3_4_0_, this_.MEASURE_ID as MEASURE4_4_0_, this_.CONTEXT_ID as CONTEXT5_4_0_, this_.DECISION_ID as DECISION6_4_0_, this_.CLAUSE_TYPE_ID as CLAUSE7_4_0_, this_.STATUS_ID as STATUS8_4_0_, this_.VERSION as VERSION4_0_ from MAT_APP.CLAUSE this_ where this_.MEASURE_ID=?\nHibernate: select this_.PACKAGER_ID as PACKAGER1_24_3_, this_.MEASURE_ID as MEASURE2_24_3_, this_.CLAUSE_ID as CLAUSE3_24_3_, this_.SEQUENCE as SEQUENCE24_3_, measure2_.ID as ID14_0_, measure2_.ABBR_NAME as ABBR2_14_0_, measure2_.DESCRIPTION as DESCRIPT3_14_0_, measure2_.VERSION as VERSION14_0_, measure2_.MEASURE_STATUS as MEASURE5_14_0_, measure2_.MEASURE_OWNER_ID as MEASURE6_14_0_, measure2_.EXPORT_TS as EXPORT7_14_0_, user3_.USER_ID as USER1_13_1_, user3_.FIRST_NAME as FIRST2_13_1_, user3_.MIDDLE_INITIAL as MIDDLE9_13_1_, user3_.LAST_NAME as LAST10_13_1_, user3_.EMAIL_ADDRESS as EMAIL8_13_1_, user3_.PHONE_NO as PHONE11_13_1_, user3_.TITLE as TITLE13_1_, user3_.TERMINATION_DATE as TERMINA13_13_1_, user3_.ACTIVATION_DATE as ACTIVATION14_13_1_, user3_.SIGN_IN_DATE as SIGN5_13_1_, user3_.SIGN_OUT_DATE as SIGN6_13_1_, user3_.LOCKED_OUT_DATE as LOCKED7_13_1_, user3_.ORGANIZATION_NAME as ORGANIZ15_13_1_, user3_.ORG_OID as ORG16_13_1_, user3_.ROOT_OID as ROOT17_13_1_, user3_.STATUS_ID as STATUS4_13_1_, user3_.AUDIT_ID as AUDIT18_13_1_, user3_.SECURITY_ROLE_ID as SECURITY3_13_1_, clause4_.ID as ID4_2_, clause4_.NAME as NAME4_2_, clause4_.DESCRIPTION as DESCRIPT3_4_2_, clause4_.MEASURE_ID as MEASURE4_4_2_, clause4_.CONTEXT_ID as CONTEXT5_4_2_, clause4_.DECISION_ID as DECISION6_4_2_, clause4_.CLAUSE_TYPE_ID as CLAUSE7_4_2_, clause4_.STATUS_ID as STATUS8_4_2_, clause4_.VERS','8ae458ab2ceb6182012ceb8c4b060008'),('8ae44ffa2da4e392012dba2e9ce00073','Reference','13:27:48,318 DEBUG btpool0-2 web.FilterChainProxy:339 - /mat/package reached end of additional filter chain; proceeding with original chain\n13:27:48,318  INFO btpool0-2 server.HibernateStatisticsFilter:35 - Requesting /mat/package in session 1hpa7ttkjcyxi\nHibernate: select this_.ID as ID4_0_, this_.NAME as NAME4_0_, this_.DESCRIPTION as DESCRIPT3_4_0_, this_.MEASURE_ID as MEASURE4_4_0_, this_.CONTEXT_ID as CONTEXT5_4_0_, this_.DECISION_ID as DECISION6_4_0_, this_.CLAUSE_TYPE_ID as CLAUSE7_4_0_, this_.STATUS_ID as STATUS8_4_0_, this_.VERSION as VERSION4_0_ from MAT_APP.CLAUSE this_ where this_.MEASURE_ID=?\nHibernate: select this_.PACKAGER_ID as PACKAGER1_24_3_, this_.MEASURE_ID as MEASURE2_24_3_, this_.CLAUSE_ID as CLAUSE3_24_3_, this_.SEQUENCE as SEQUENCE24_3_, measure2_.ID as ID14_0_, measure2_.ABBR_NAME as ABBR2_14_0_, measure2_.DESCRIPTION as DESCRIPT3_14_0_, measure2_.VERSION as VERSION14_0_, measure2_.MEASURE_STATUS as MEASURE5_14_0_, measure2_.MEASURE_OWNER_ID as MEASURE6_14_0_, measure2_.EXPORT_TS as EXPORT7_14_0_, user3_.USER_ID as USER1_13_1_, user3_.FIRST_NAME as FIRST2_13_1_, user3_.MIDDLE_INITIAL as MIDDLE9_13_1_, user3_.LAST_NAME as LAST10_13_1_, user3_.EMAIL_ADDRESS as EMAIL8_13_1_, user3_.PHONE_NO as PHONE11_13_1_, user3_.TITLE as TITLE13_1_, user3_.TERMINATION_DATE as TERMINA13_13_1_, user3_.ACTIVATION_DATE as ACTIVATION14_13_1_, user3_.SIGN_IN_DATE as SIGN5_13_1_, user3_.SIGN_OUT_DATE as SIGN6_13_1_, user3_.LOCKED_OUT_DATE as LOCKED7_13_1_, user3_.ORGANIZATION_NAME as ORGANIZ15_13_1_, user3_.ORG_OID as ORG16_13_1_, user3_.ROOT_OID as ROOT17_13_1_, user3_.STATUS_ID as STATUS4_13_1_, user3_.AUDIT_ID as AUDIT18_13_1_, user3_.SECURITY_ROLE_ID as SECURITY3_13_1_, clause4_.ID as ID4_2_, clause4_.NAME as NAME4_2_, clause4_.DESCRIPTION as DESCRIPT3_4_2_, clause4_.MEASURE_ID as MEASURE4_4_2_, clause4_.CONTEXT_ID as CONTEXT5_4_2_, clause4_.DECISION_ID as DECISION6_4_2_, clause4_.CLAUSE_TYPE_ID as CLAUSE7_4_2_, clause4_.STATUS_ID as STATUS8_4_2_, clause4_.VERS','8ae458ab2ceb6182012ceb8c4b060008'),('8ae44ffa2da4e392012dba2e9ce00074','Reference','13:27:48,318 DEBUG btpool0-2 web.FilterChainProxy:339 - /mat/package reached end of additional filter chain; proceeding with original chain\n13:27:48,318  INFO btpool0-2 server.HibernateStatisticsFilter:35 - Requesting /mat/package in session 1hpa7ttkjcyxi\nHibernate: select this_.ID as ID4_0_, this_.NAME as NAME4_0_, this_.DESCRIPTION as DESCRIPT3_4_0_, this_.MEASURE_ID as MEASURE4_4_0_, this_.CONTEXT_ID as CONTEXT5_4_0_, this_.DECISION_ID as DECISION6_4_0_, this_.CLAUSE_TYPE_ID as CLAUSE7_4_0_, this_.STATUS_ID as STATUS8_4_0_, this_.VERSION as VERSION4_0_ from MAT_APP.CLAUSE this_ where this_.MEASURE_ID=?\nHibernate: select this_.PACKAGER_ID as PACKAGER1_24_3_, this_.MEASURE_ID as MEASURE2_24_3_, this_.CLAUSE_ID as CLAUSE3_24_3_, this_.SEQUENCE as SEQUENCE24_3_, measure2_.ID as ID14_0_, measure2_.ABBR_NAME as ABBR2_14_0_, measure2_.DESCRIPTION as DESCRIPT3_14_0_, measure2_.VERSION as VERSION14_0_, measure2_.MEASURE_STATUS as MEASURE5_14_0_, measure2_.MEASURE_OWNER_ID as MEASURE6_14_0_, measure2_.EXPORT_TS as EXPORT7_14_0_, user3_.USER_ID as USER1_13_1_, user3_.FIRST_NAME as FIRST2_13_1_, user3_.MIDDLE_INITIAL as MIDDLE9_13_1_, user3_.LAST_NAME as LAST10_13_1_, user3_.EMAIL_ADDRESS as EMAIL8_13_1_, user3_.PHONE_NO as PHONE11_13_1_, user3_.TITLE as TITLE13_1_, user3_.TERMINATION_DATE as TERMINA13_13_1_, user3_.ACTIVATION_DATE as ACTIVATION14_13_1_, user3_.SIGN_IN_DATE as SIGN5_13_1_, user3_.SIGN_OUT_DATE as SIGN6_13_1_, user3_.LOCKED_OUT_DATE as LOCKED7_13_1_, user3_.ORGANIZATION_NAME as ORGANIZ15_13_1_, user3_.ORG_OID as ORG16_13_1_, user3_.ROOT_OID as ROOT17_13_1_, user3_.STATUS_ID as STATUS4_13_1_, user3_.AUDIT_ID as AUDIT18_13_1_, user3_.SECURITY_ROLE_ID as SECURITY3_13_1_, clause4_.ID as ID4_2_, clause4_.NAME as NAME4_2_, clause4_.DESCRIPTION as DESCRIPT3_4_2_, clause4_.MEASURE_ID as MEASURE4_4_2_, clause4_.CONTEXT_ID as CONTEXT5_4_2_, clause4_.DECISION_ID as DECISION6_4_2_, clause4_.CLAUSE_TYPE_ID as CLAUSE7_4_2_, clause4_.STATUS_ID as STATUS8_4_2_, clause4_.VERS','8ae458ab2ceb6182012ceb8c4b060008'),('8ae44ffa2da4e392012dba2e9ce00075','Reference','13:27:48,318 DEBUG btpool0-2 web.FilterChainProxy:339 - /mat/package reached end of additional filter chain; proceeding with original chain\n13:27:48,318  INFO btpool0-2 server.HibernateStatisticsFilter:35 - Requesting /mat/package in session 1hpa7ttkjcyxi\nHibernate: select this_.ID as ID4_0_, this_.NAME as NAME4_0_, this_.DESCRIPTION as DESCRIPT3_4_0_, this_.MEASURE_ID as MEASURE4_4_0_, this_.CONTEXT_ID as CONTEXT5_4_0_, this_.DECISION_ID as DECISION6_4_0_, this_.CLAUSE_TYPE_ID as CLAUSE7_4_0_, this_.STATUS_ID as STATUS8_4_0_, this_.VERSION as VERSION4_0_ from MAT_APP.CLAUSE this_ where this_.MEASURE_ID=?\nHibernate: select this_.PACKAGER_ID as PACKAGER1_24_3_, this_.MEASURE_ID as MEASURE2_24_3_, this_.CLAUSE_ID as CLAUSE3_24_3_, this_.SEQUENCE as SEQUENCE24_3_, measure2_.ID as ID14_0_, measure2_.ABBR_NAME as ABBR2_14_0_, measure2_.DESCRIPTION as DESCRIPT3_14_0_, measure2_.VERSION as VERSION14_0_, measure2_.MEASURE_STATUS as MEASURE5_14_0_, measure2_.MEASURE_OWNER_ID as MEASURE6_14_0_, measure2_.EXPORT_TS as EXPORT7_14_0_, user3_.USER_ID as USER1_13_1_, user3_.FIRST_NAME as FIRST2_13_1_, user3_.MIDDLE_INITIAL as MIDDLE9_13_1_, user3_.LAST_NAME as LAST10_13_1_, user3_.EMAIL_ADDRESS as EMAIL8_13_1_, user3_.PHONE_NO as PHONE11_13_1_, user3_.TITLE as TITLE13_1_, user3_.TERMINATION_DATE as TERMINA13_13_1_, user3_.ACTIVATION_DATE as ACTIVATION14_13_1_, user3_.SIGN_IN_DATE as SIGN5_13_1_, user3_.SIGN_OUT_DATE as SIGN6_13_1_, user3_.LOCKED_OUT_DATE as LOCKED7_13_1_, user3_.ORGANIZATION_NAME as ORGANIZ15_13_1_, user3_.ORG_OID as ORG16_13_1_, user3_.ROOT_OID as ROOT17_13_1_, user3_.STATUS_ID as STATUS4_13_1_, user3_.AUDIT_ID as AUDIT18_13_1_, user3_.SECURITY_ROLE_ID as SECURITY3_13_1_, clause4_.ID as ID4_2_, clause4_.NAME as NAME4_2_, clause4_.DESCRIPTION as DESCRIPT3_4_2_, clause4_.MEASURE_ID as MEASURE4_4_2_, clause4_.CONTEXT_ID as CONTEXT5_4_2_, clause4_.DECISION_ID as DECISION6_4_2_, clause4_.CLAUSE_TYPE_ID as CLAUSE7_4_2_, clause4_.STATUS_ID as STATUS8_4_2_, clause4_.VERS','8ae458ab2ceb6182012ceb8c4b060008'),('8ae44ffa2da4e392012dba2e9ce00076','Reference','13:27:48,318 DEBUG btpool0-2 web.FilterChainProxy:339 - /mat/package reached end of additional filter chain; proceeding with original chain\n13:27:48,318  INFO btpool0-2 server.HibernateStatisticsFilter:35 - Requesting /mat/package in session 1hpa7ttkjcyxi\nHibernate: select this_.ID as ID4_0_, this_.NAME as NAME4_0_, this_.DESCRIPTION as DESCRIPT3_4_0_, this_.MEASURE_ID as MEASURE4_4_0_, this_.CONTEXT_ID as CONTEXT5_4_0_, this_.DECISION_ID as DECISION6_4_0_, this_.CLAUSE_TYPE_ID as CLAUSE7_4_0_, this_.STATUS_ID as STATUS8_4_0_, this_.VERSION as VERSION4_0_ from MAT_APP.CLAUSE this_ where this_.MEASURE_ID=?\nHibernate: select this_.PACKAGER_ID as PACKAGER1_24_3_, this_.MEASURE_ID as MEASURE2_24_3_, this_.CLAUSE_ID as CLAUSE3_24_3_, this_.SEQUENCE as SEQUENCE24_3_, measure2_.ID as ID14_0_, measure2_.ABBR_NAME as ABBR2_14_0_, measure2_.DESCRIPTION as DESCRIPT3_14_0_, measure2_.VERSION as VERSION14_0_, measure2_.MEASURE_STATUS as MEASURE5_14_0_, measure2_.MEASURE_OWNER_ID as MEASURE6_14_0_, measure2_.EXPORT_TS as EXPORT7_14_0_, user3_.USER_ID as USER1_13_1_, user3_.FIRST_NAME as FIRST2_13_1_, user3_.MIDDLE_INITIAL as MIDDLE9_13_1_, user3_.LAST_NAME as LAST10_13_1_, user3_.EMAIL_ADDRESS as EMAIL8_13_1_, user3_.PHONE_NO as PHONE11_13_1_, user3_.TITLE as TITLE13_1_, user3_.TERMINATION_DATE as TERMINA13_13_1_, user3_.ACTIVATION_DATE as ACTIVATION14_13_1_, user3_.SIGN_IN_DATE as SIGN5_13_1_, user3_.SIGN_OUT_DATE as SIGN6_13_1_, user3_.LOCKED_OUT_DATE as LOCKED7_13_1_, user3_.ORGANIZATION_NAME as ORGANIZ15_13_1_, user3_.ORG_OID as ORG16_13_1_, user3_.ROOT_OID as ROOT17_13_1_, user3_.STATUS_ID as STATUS4_13_1_, user3_.AUDIT_ID as AUDIT18_13_1_, user3_.SECURITY_ROLE_ID as SECURITY3_13_1_, clause4_.ID as ID4_2_, clause4_.NAME as NAME4_2_, clause4_.DESCRIPTION as DESCRIPT3_4_2_, clause4_.MEASURE_ID as MEASURE4_4_2_, clause4_.CONTEXT_ID as CONTEXT5_4_2_, clause4_.DECISION_ID as DECISION6_4_2_, clause4_.CLAUSE_TYPE_ID as CLAUSE7_4_2_, clause4_.STATUS_ID as STATUS8_4_2_, clause4_.VERS','8ae458ab2ceb6182012ceb8c4b060008'),('8ae44ffa2da4e392012dba2e9ce00077','Reference','13:27:48,318 DEBUG btpool0-2 web.FilterChainProxy:339 - /mat/package reached end of additional filter chain; proceeding with original chain\n13:27:48,318  INFO btpool0-2 server.HibernateStatisticsFilter:35 - Requesting /mat/package in session 1hpa7ttkjcyxi\nHibernate: select this_.ID as ID4_0_, this_.NAME as NAME4_0_, this_.DESCRIPTION as DESCRIPT3_4_0_, this_.MEASURE_ID as MEASURE4_4_0_, this_.CONTEXT_ID as CONTEXT5_4_0_, this_.DECISION_ID as DECISION6_4_0_, this_.CLAUSE_TYPE_ID as CLAUSE7_4_0_, this_.STATUS_ID as STATUS8_4_0_, this_.VERSION as VERSION4_0_ from MAT_APP.CLAUSE this_ where this_.MEASURE_ID=?\nHibernate: select this_.PACKAGER_ID as PACKAGER1_24_3_, this_.MEASURE_ID as MEASURE2_24_3_, this_.CLAUSE_ID as CLAUSE3_24_3_, this_.SEQUENCE as SEQUENCE24_3_, measure2_.ID as ID14_0_, measure2_.ABBR_NAME as ABBR2_14_0_, measure2_.DESCRIPTION as DESCRIPT3_14_0_, measure2_.VERSION as VERSION14_0_, measure2_.MEASURE_STATUS as MEASURE5_14_0_, measure2_.MEASURE_OWNER_ID as MEASURE6_14_0_, measure2_.EXPORT_TS as EXPORT7_14_0_, user3_.USER_ID as USER1_13_1_, user3_.FIRST_NAME as FIRST2_13_1_, user3_.MIDDLE_INITIAL as MIDDLE9_13_1_, user3_.LAST_NAME as LAST10_13_1_, user3_.EMAIL_ADDRESS as EMAIL8_13_1_, user3_.PHONE_NO as PHONE11_13_1_, user3_.TITLE as TITLE13_1_, user3_.TERMINATION_DATE as TERMINA13_13_1_, user3_.ACTIVATION_DATE as ACTIVATION14_13_1_, user3_.SIGN_IN_DATE as SIGN5_13_1_, user3_.SIGN_OUT_DATE as SIGN6_13_1_, user3_.LOCKED_OUT_DATE as LOCKED7_13_1_, user3_.ORGANIZATION_NAME as ORGANIZ15_13_1_, user3_.ORG_OID as ORG16_13_1_, user3_.ROOT_OID as ROOT17_13_1_, user3_.STATUS_ID as STATUS4_13_1_, user3_.AUDIT_ID as AUDIT18_13_1_, user3_.SECURITY_ROLE_ID as SECURITY3_13_1_, clause4_.ID as ID4_2_, clause4_.NAME as NAME4_2_, clause4_.DESCRIPTION as DESCRIPT3_4_2_, clause4_.MEASURE_ID as MEASURE4_4_2_, clause4_.CONTEXT_ID as CONTEXT5_4_2_, clause4_.DECISION_ID as DECISION6_4_2_, clause4_.CLAUSE_TYPE_ID as CLAUSE7_4_2_, clause4_.STATUS_ID as STATUS8_4_2_, clause4_.VERS','8ae458ab2ceb6182012ceb8c4b060008'),('8ae44ffa2da4e392012dba2e9ce00078','Reference','13:27:48,318 DEBUG btpool0-2 web.FilterChainProxy:339 - /mat/package reached end of additional filter chain; proceeding with original chain\n13:27:48,318  INFO btpool0-2 server.HibernateStatisticsFilter:35 - Requesting /mat/package in session 1hpa7ttkjcyxi\nHibernate: select this_.ID as ID4_0_, this_.NAME as NAME4_0_, this_.DESCRIPTION as DESCRIPT3_4_0_, this_.MEASURE_ID as MEASURE4_4_0_, this_.CONTEXT_ID as CONTEXT5_4_0_, this_.DECISION_ID as DECISION6_4_0_, this_.CLAUSE_TYPE_ID as CLAUSE7_4_0_, this_.STATUS_ID as STATUS8_4_0_, this_.VERSION as VERSION4_0_ from MAT_APP.CLAUSE this_ where this_.MEASURE_ID=?\nHibernate: select this_.PACKAGER_ID as PACKAGER1_24_3_, this_.MEASURE_ID as MEASURE2_24_3_, this_.CLAUSE_ID as CLAUSE3_24_3_, this_.SEQUENCE as SEQUENCE24_3_, measure2_.ID as ID14_0_, measure2_.ABBR_NAME as ABBR2_14_0_, measure2_.DESCRIPTION as DESCRIPT3_14_0_, measure2_.VERSION as VERSION14_0_, measure2_.MEASURE_STATUS as MEASURE5_14_0_, measure2_.MEASURE_OWNER_ID as MEASURE6_14_0_, measure2_.EXPORT_TS as EXPORT7_14_0_, user3_.USER_ID as USER1_13_1_, user3_.FIRST_NAME as FIRST2_13_1_, user3_.MIDDLE_INITIAL as MIDDLE9_13_1_, user3_.LAST_NAME as LAST10_13_1_, user3_.EMAIL_ADDRESS as EMAIL8_13_1_, user3_.PHONE_NO as PHONE11_13_1_, user3_.TITLE as TITLE13_1_, user3_.TERMINATION_DATE as TERMINA13_13_1_, user3_.ACTIVATION_DATE as ACTIVATION14_13_1_, user3_.SIGN_IN_DATE as SIGN5_13_1_, user3_.SIGN_OUT_DATE as SIGN6_13_1_, user3_.LOCKED_OUT_DATE as LOCKED7_13_1_, user3_.ORGANIZATION_NAME as ORGANIZ15_13_1_, user3_.ORG_OID as ORG16_13_1_, user3_.ROOT_OID as ROOT17_13_1_, user3_.STATUS_ID as STATUS4_13_1_, user3_.AUDIT_ID as AUDIT18_13_1_, user3_.SECURITY_ROLE_ID as SECURITY3_13_1_, clause4_.ID as ID4_2_, clause4_.NAME as NAME4_2_, clause4_.DESCRIPTION as DESCRIPT3_4_2_, clause4_.MEASURE_ID as MEASURE4_4_2_, clause4_.CONTEXT_ID as CONTEXT5_4_2_, clause4_.DECISION_ID as DECISION6_4_2_, clause4_.CLAUSE_TYPE_ID as CLAUSE7_4_2_, clause4_.STATUS_ID as STATUS8_4_2_, clause4_.VERS','8ae458ab2ceb6182012ceb8c4b060008'),('8ae44ffa2da4e392012dba2e9ce00079','Reference','13:27:48,318 DEBUG btpool0-2 web.FilterChainProxy:339 - /mat/package reached end of additional filter chain; proceeding with original chain\n13:27:48,318  INFO btpool0-2 server.HibernateStatisticsFilter:35 - Requesting /mat/package in session 1hpa7ttkjcyxi\nHibernate: select this_.ID as ID4_0_, this_.NAME as NAME4_0_, this_.DESCRIPTION as DESCRIPT3_4_0_, this_.MEASURE_ID as MEASURE4_4_0_, this_.CONTEXT_ID as CONTEXT5_4_0_, this_.DECISION_ID as DECISION6_4_0_, this_.CLAUSE_TYPE_ID as CLAUSE7_4_0_, this_.STATUS_ID as STATUS8_4_0_, this_.VERSION as VERSION4_0_ from MAT_APP.CLAUSE this_ where this_.MEASURE_ID=?\nHibernate: select this_.PACKAGER_ID as PACKAGER1_24_3_, this_.MEASURE_ID as MEASURE2_24_3_, this_.CLAUSE_ID as CLAUSE3_24_3_, this_.SEQUENCE as SEQUENCE24_3_, measure2_.ID as ID14_0_, measure2_.ABBR_NAME as ABBR2_14_0_, measure2_.DESCRIPTION as DESCRIPT3_14_0_, measure2_.VERSION as VERSION14_0_, measure2_.MEASURE_STATUS as MEASURE5_14_0_, measure2_.MEASURE_OWNER_ID as MEASURE6_14_0_, measure2_.EXPORT_TS as EXPORT7_14_0_, user3_.USER_ID as USER1_13_1_, user3_.FIRST_NAME as FIRST2_13_1_, user3_.MIDDLE_INITIAL as MIDDLE9_13_1_, user3_.LAST_NAME as LAST10_13_1_, user3_.EMAIL_ADDRESS as EMAIL8_13_1_, user3_.PHONE_NO as PHONE11_13_1_, user3_.TITLE as TITLE13_1_, user3_.TERMINATION_DATE as TERMINA13_13_1_, user3_.ACTIVATION_DATE as ACTIVATION14_13_1_, user3_.SIGN_IN_DATE as SIGN5_13_1_, user3_.SIGN_OUT_DATE as SIGN6_13_1_, user3_.LOCKED_OUT_DATE as LOCKED7_13_1_, user3_.ORGANIZATION_NAME as ORGANIZ15_13_1_, user3_.ORG_OID as ORG16_13_1_, user3_.ROOT_OID as ROOT17_13_1_, user3_.STATUS_ID as STATUS4_13_1_, user3_.AUDIT_ID as AUDIT18_13_1_, user3_.SECURITY_ROLE_ID as SECURITY3_13_1_, clause4_.ID as ID4_2_, clause4_.NAME as NAME4_2_, clause4_.DESCRIPTION as DESCRIPT3_4_2_, clause4_.MEASURE_ID as MEASURE4_4_2_, clause4_.CONTEXT_ID as CONTEXT5_4_2_, clause4_.DECISION_ID as DECISION6_4_2_, clause4_.CLAUSE_TYPE_ID as CLAUSE7_4_2_, clause4_.STATUS_ID as STATUS8_4_2_, clause4_.VERS','8ae458ab2ceb6182012ceb8c4b060008'),('8ae458ab2d5757cb012d5759cc84001b','MeasureDuration','--Select--','8ae458ab2d5757cb012d575948cc0001'),('8ae458ab2d5757cb012d5759cc84001c','MeasureSteward','--Select--','8ae458ab2d5757cb012d575948cc0001'),('8ae458ab2d5757cb012d5759cc84001d','EndorseByNQF','false','8ae458ab2d5757cb012d575948cc0001'),('8ae458ab2d5757cb012d5759cc84001e','MeasureScoring','--Select--','8ae458ab2d5757cb012d575948cc0001'),('8ae458ab2d5757cb012d5759cc84001f','MeasureStatus','In Progress','8ae458ab2d5757cb012d575948cc0001'),('8ae458ab2d5757cb012d5759cc840020','Name','clone 2','8ae458ab2d5757cb012d575948cc0001'),('8ae458ab2d5757cb012d5759cc840021','ShortName','clone 2','8ae458ab2d5757cb012d575948cc0001'),('8ae458ab2d619764012d619ca6f20003','MeasureDuration','--Select--','8ae458ab2d619764012d619c95ea0001'),('8ae458ab2d619764012d619ca6f20004','MeasureSteward','--Select--','8ae458ab2d619764012d619c95ea0001'),('8ae458ab2d619764012d619ca6f20005','EndorseByNQF','false','8ae458ab2d619764012d619c95ea0001'),('8ae458ab2d619764012d619ca6f20006','MeasureScoring','--Select--','8ae458ab2d619764012d619c95ea0001'),('8ae458ab2d619764012d619ca6f20007','MeasureStatus','InProgress','8ae458ab2d619764012d619c95ea0001'),('8ae458ab2d619764012d619ca6f20008','Name','asdf','8ae458ab2d619764012d619c95ea0001'),('8ae458ab2d619764012d619ca6f20009','ShortName','asdf','8ae458ab2d619764012d619c95ea0001'),('8ae458ab2d7aaad9012d7ab180d60014','MeasureDuration','null','8ae458ab2d575549012d5756765a0001'),('8ae458ab2d7aaad9012d7ab180d60015','MeasureSteward','--Select--','8ae458ab2d575549012d5756765a0001'),('8ae458ab2d7aaad9012d7ab180d60016','EndorseByNQF','false','8ae458ab2d575549012d5756765a0001'),('8ae458ab2d7aaad9012d7ab180d60017','MeasureScoring','--Select--','8ae458ab2d575549012d5756765a0001'),('8ae458ab2d7aaad9012d7ab180d60018','MeasureStatus','In Progress','8ae458ab2d575549012d5756765a0001'),('8ae458ab2d7aaad9012d7ab180d60019','Name','clone my measure','8ae458ab2d575549012d5756765a0001'),('8ae458ab2d7aaad9012d7ab180d6001a','ShortName','clone my measure','8ae458ab2d575549012d5756765a0001');
/*!40000 ALTER TABLE `metadata` ENABLE KEYS */;
UNLOCK TABLES;

--
-- Table structure for table `object_status`
--

DROP TABLE IF EXISTS `object_status`;
/*!40101 SET @saved_cs_client     = @@character_set_client */;
/*!40101 SET character_set_client = utf8 */;
CREATE TABLE `object_status` (
  `OBJECT_STATUS_ID` varchar(32) NOT NULL,
  `DESCRIPTION` varchar(50) NOT NULL,
  PRIMARY KEY (`OBJECT_STATUS_ID`)
) ENGINE=InnoDB DEFAULT CHARSET=latin1;
/*!40101 SET character_set_client = @saved_cs_client */;

--
-- Dumping data for table `object_status`
--

LOCK TABLES `object_status` WRITE;
/*!40000 ALTER TABLE `object_status` DISABLE KEYS */;
INSERT INTO `object_status` VALUES ('1','In Progress'),('2','Complete');
/*!40000 ALTER TABLE `object_status` ENABLE KEYS */;
UNLOCK TABLES;

--
-- Table structure for table `operator`
--

DROP TABLE IF EXISTS `operator`;
/*!40101 SET @saved_cs_client     = @@character_set_client */;
/*!40101 SET character_set_client = utf8 */;
CREATE TABLE `operator` (
  `OPERATOR_ID` varchar(64) NOT NULL,
  `NAME` varchar(45) NOT NULL,
  `TYPE` varchar(45) NOT NULL,
  PRIMARY KEY (`OPERATOR_ID`)
) ENGINE=InnoDB DEFAULT CHARSET=latin1;
/*!40101 SET character_set_client = @saved_cs_client */;

--
-- Dumping data for table `operator`
--

LOCK TABLES `operator` WRITE;
/*!40000 ALTER TABLE `operator` DISABLE KEYS */;
/*!40000 ALTER TABLE `operator` ENABLE KEYS */;
UNLOCK TABLES;

--
-- Table structure for table `packager`
--

DROP TABLE IF EXISTS `packager`;
/*!40101 SET @saved_cs_client     = @@character_set_client */;
/*!40101 SET character_set_client = utf8 */;
CREATE TABLE `packager` (
  `PACKAGER_ID` varchar(32) NOT NULL,
  `MEASURE_ID` varchar(32) NOT NULL,
  `CLAUSE_ID` varchar(32) NOT NULL,
  `SEQUENCE` int(11) NOT NULL,
  PRIMARY KEY (`PACKAGER_ID`),
  KEY `PACKAGER_MEASURE_FK` (`MEASURE_ID`),
  KEY `PACKAGER_CLAUSE_FK` (`CLAUSE_ID`),
  CONSTRAINT `PACKAGER_CLAUSE_FK` FOREIGN KEY (`CLAUSE_ID`) REFERENCES `clause` (`ID`) ON DELETE CASCADE ON UPDATE CASCADE,
  CONSTRAINT `PACKAGER_MEASURE_FK` FOREIGN KEY (`MEASURE_ID`) REFERENCES `measure` (`ID`) ON DELETE CASCADE ON UPDATE CASCADE
) ENGINE=InnoDB DEFAULT CHARSET=latin1;
/*!40101 SET character_set_client = @saved_cs_client */;

--
-- Dumping data for table `packager`
--

LOCK TABLES `packager` WRITE;
/*!40000 ALTER TABLE `packager` DISABLE KEYS */;
INSERT INTO `packager` VALUES ('8ae458ab2d76c195012d76cd95080035','8ae458ab2ceb6182012ceb8c4b060008','8ae458ab2d51da97012d51db9b490004',2),('8ae458ab2d76c195012d76cd95850036','8ae458ab2ceb6182012ceb8c4b060008','8ae458ab2d3283ff012d329f719d0006',2),('8ae458ab2d76c195012d76cd96020037','8ae458ab2ceb6182012ceb8c4b060008','8ae458ab2d76c195012d76cd73c40007',2),('8ae458ab2d76c195012d76cd97890038','8ae458ab2ceb6182012ceb8c4b060008','8ae458ab2d51da97012d51db9aad0002',2),('8ae458ab2d76c195012d76cd993f0039','8ae458ab2ceb6182012ceb8c4b060008','8ae458ab2d3283ff012d32a49dbe000a',2),('8ae458ab2d76c195012d76ce212f0040','8ae458ab2ceb6182012ceb8c4b060008','8ae458ab2d51da97012d51db9b490004',1),('8ae458ab2d76c195012d76ce217d0041','8ae458ab2ceb6182012ceb8c4b060008','8ae458ab2d3283ff012d329f719d0006',1),('8ae458ab2d76c195012d76ce21ac0042','8ae458ab2ceb6182012ceb8c4b060008','8ae458ab2d51da97012d51db9be50006',1),('8ae458ab2d76c195012d76ce21fa0043','8ae458ab2ceb6182012ceb8c4b060008','8ae458ab2d51da97012d51db9aad0002',1),('8ae458ab2d76c195012d76ce22290044','8ae458ab2ceb6182012ceb8c4b060008','8ae458ab2d7641cd012d76b5ab740085',1);
/*!40000 ALTER TABLE `packager` ENABLE KEYS */;
UNLOCK TABLES;

--
-- Table structure for table `qds_attribute_details`
--

DROP TABLE IF EXISTS `qds_attribute_details`;
/*!40101 SET @saved_cs_client     = @@character_set_client */;
/*!40101 SET character_set_client = utf8 */;
CREATE TABLE `qds_attribute_details` (
  `ID` varchar(64) NOT NULL,
  `DECISION_ID` varchar(64) DEFAULT NULL,
  `QDS_ATTRIBUTE_ID` varchar(64) DEFAULT NULL,
  PRIMARY KEY (`ID`)
) ENGINE=InnoDB DEFAULT CHARSET=latin1;
/*!40101 SET character_set_client = @saved_cs_client */;

--
-- Dumping data for table `qds_attribute_details`
--

LOCK TABLES `qds_attribute_details` WRITE;
/*!40000 ALTER TABLE `qds_attribute_details` DISABLE KEYS */;
/*!40000 ALTER TABLE `qds_attribute_details` ENABLE KEYS */;
UNLOCK TABLES;

--
-- Table structure for table `qds_attributes`
--

DROP TABLE IF EXISTS `qds_attributes`;
/*!40101 SET @saved_cs_client     = @@character_set_client */;
/*!40101 SET character_set_client = utf8 */;
CREATE TABLE `qds_attributes` (
  `ID` varchar(64) NOT NULL,
  `NAME` varchar(100) DEFAULT NULL,
  `DATA_TYPE_ID` varchar(32) DEFAULT NULL,
  `QDS_ATTRIBUTE_TYPE` varchar(32) DEFAULT NULL,
  PRIMARY KEY (`ID`)
) ENGINE=InnoDB DEFAULT CHARSET=latin1;
/*!40101 SET character_set_client = @saved_cs_client */;

--
-- Dumping data for table `qds_attributes`
--

LOCK TABLES `qds_attributes` WRITE;
/*!40000 ALTER TABLE `qds_attributes` DISABLE KEYS */;
INSERT INTO `qds_attributes` VALUES ('1','duration','3','Data Type'),('10','provider characteristic','3','Data Type'),('100','patient preference','15','Data Type'),('101','provider preference','15','Data Type'),('102','provider characteristic','15','Data Type'),('103','system characteristic','15','Data Type'),('104','duration','78','Data Type'),('105','reason','78','Data Type'),('106','start datetime','78','Data Type'),('107','stop datetime','78','Data Type'),('108','system reason negation rationale','78','Data Type'),('109','medical reason negation rationale','78','Data Type'),('11','system characteristic','3','Data Type'),('110','patient reason negation rationale','78','Data Type'),('111','reason documented negation rationale','78','Data Type'),('112','patient preference','78','Data Type'),('113','provider preference','78','Data Type'),('114','provider characteristic','78','Data Type'),('115','system characteristic','78','Data Type'),('116','duration','7','Data Type'),('117','ordinality','7','Data Type'),('118','severity','7','Data Type'),('119','start datetime','7','Data Type'),('12','duration','5','Data Type'),('120','status','7','Data Type'),('121','status','7','Data Type'),('122','stop datetime','7','Data Type'),('123','system reason negation rationale','7','Data Type'),('124','medical reason negation rationale','7','Data Type'),('125','patient reason negation rationale','7','Data Type'),('126','reason documented negation rationale','7','Data Type'),('127','patient preference','7','Data Type'),('128','provider preference','7','Data Type'),('129','provider characteristic','7','Data Type'),('13','start datetime','5','Data Type'),('130','system characteristic','7','Data Type'),('131','duration','8','Data Type'),('132','ordinality','8','Data Type'),('133','severity','8','Data Type'),('134','start datetime','8','Data Type'),('135','status','8','Data Type'),('136','stop datetime','8','Data Type'),('137','system reason negation rationale','8','Data Type'),('138','medical reason negation rationale','8','Data Type'),('139','patient reason negation rationale','8','Data Type'),('14','stop datetime','5','Data Type'),('140','reason documented negation rationale','8','Data Type'),('141','patient preference','8','Data Type'),('142','provider preference','8','Data Type'),('143','provider characteristic','8','Data Type'),('144','system characteristic','8','Data Type'),('145','duration','9','Data Type'),('146','ordinality','9','Data Type'),('147','severity','9','Data Type'),('148','start datetime','9','Data Type'),('149','status','9','Data Type'),('15','system reason negation rationale','5','Data Type'),('150','stop datetime','9','Data Type'),('151','system reason negation rationale','9','Data Type'),('152','medical reason negation rationale','9','Data Type'),('153','patient reason negation rationale','9','Data Type'),('154','reason documented negation rationale','9','Data Type'),('155','patient preference','9','Data Type'),('156','provider preference','9','Data Type'),('157','provider characteristic','9','Data Type'),('158','system characteristic','9','Data Type'),('159','duration','10','Data Type'),('16','medical reason negation rationale','5','Data Type'),('160','ordinality','10','Data Type'),('161','severity','10','Data Type'),('162','start datetime','10','Data Type'),('163','status','10','Data Type'),('164','stop datetime','10','Data Type'),('165','system reason negation rationale','10','Data Type'),('166','medical reason negation rationale','10','Data Type'),('167','patient reason negation rationale','10','Data Type'),('168','reason documented negation rationale','10','Data Type'),('169','patient preference','10','Data Type'),('17','patient reason negation rationale','5','Data Type'),('170','provider preference','10','Data Type'),('171','provider characteristic','10','Data Type'),('172','system characteristic','10','Data Type'),('173','duration','16','Data Type'),('174','radiationdosage','16','Data Type'),('175','radiationduration','16','Data Type'),('176','reaction','16','Data Type'),('177','start datetime','16','Data Type'),('178','stop datetime','16','Data Type'),('179','system reason negation rationale','16','Data Type'),('18','reason documented negation rationale','5','Data Type'),('180','medical reason negation rationale','16','Data Type'),('181','patient reason negation rationale','16','Data Type'),('182','reason documented negation rationale','16','Data Type'),('183','patient preference','16','Data Type'),('184','provider preference','16','Data Type'),('185','provider characteristic','16','Data Type'),('186','system characteristic','16','Data Type'),('187','duration','17','Data Type'),('188','radiationdosage','17','Data Type'),('189','radiationduration','17','Data Type'),('19','patient preference','5','Data Type'),('190','reaction','17','Data Type'),('191','start datetime','17','Data Type'),('192','stop datetime','17','Data Type'),('193','system reason negation rationale','17','Data Type'),('194','medical reason negation rationale','17','Data Type'),('195','patient reason negation rationale','17','Data Type'),('196','reason documented negation rationale','17','Data Type'),('197','patient preference','17','Data Type'),('198','provider preference','17','Data Type'),('199','provider characteristic','17','Data Type'),('2','start datetime','3','Data Type'),('20','provider preference','5','Data Type'),('200','system characteristic','17','Data Type'),('201','duration','18','Data Type'),('202','radiationdosage','18','Data Type'),('203','radiationduration','18','Data Type'),('204','reason','18','Data Type'),('205','start datetime','18','Data Type'),('206','stop datetime','18','Data Type'),('207','system reason negation rationale','18','Data Type'),('208','medical reason negation rationale','18','Data Type'),('209','patient reason negation rationale','18','Data Type'),('21','provider characteristic','5','Data Type'),('210','reason documented negation rationale','18','Data Type'),('211','patient preference','18','Data Type'),('212','provider preference','18','Data Type'),('213','provider characteristic','18','Data Type'),('214','system characteristic','18','Data Type'),('215','duration','90','Data Type'),('216','radiationdosage','90','Data Type'),('217','radiationduration','90','Data Type'),('218','start datetime','90','Data Type'),('219','stop datetime','90','Data Type'),('22','system characteristic','5','Data Type'),('220','system reason negation rationale','90','Data Type'),('221','medical reason negation rationale','90','Data Type'),('222','patient reason negation rationale','90','Data Type'),('223','reason documented negation rationale','90','Data Type'),('224','patient preference','90','Data Type'),('225','provider preference','90','Data Type'),('226','provider characteristic','90','Data Type'),('227','system characteristic','90','Data Type'),('228','duration','19','Data Type'),('229','radiationdosage','19','Data Type'),('23','duration','6','Data Type'),('230','radiationduration','19','Data Type'),('231','reason','19','Data Type'),('232','start datetime','19','Data Type'),('233','stop datetime','19','Data Type'),('234','system reason negation rationale','19','Data Type'),('235','medical reason negation rationale','19','Data Type'),('236','patient reason negation rationale','19','Data Type'),('237','reason documented negation rationale','19','Data Type'),('238','patient preference','19','Data Type'),('239','provider preference','19','Data Type'),('24','start datetime','6','Data Type'),('240','provider characteristic','19','Data Type'),('241','system characteristic','19','Data Type'),('242','duration','20','Data Type'),('243','radiationdosage','20','Data Type'),('244','radiationduration','20','Data Type'),('245','reason','20','Data Type'),('246','result','20','Data Type'),('247','start datetime','20','Data Type'),('248','stop datetime','20','Data Type'),('249','system reason negation rationale','20','Data Type'),('25','stop datetime','6','Data Type'),('250','medical reason negation rationale','20','Data Type'),('251','patient reason negation rationale','20','Data Type'),('252','reason documented negation rationale','20','Data Type'),('253','patient preference','20','Data Type'),('254','provider preference','20','Data Type'),('255','provider characteristic','20','Data Type'),('256','system characteristic','20','Data Type'),('257','duration','22','Data Type'),('258','durationfromarrival','22','Data Type'),('259','reason','22','Data Type'),('26','system reason negation rationale','6','Data Type'),('260','start datetime','22','Data Type'),('261','stop datetime','22','Data Type'),('262','system reason negation rationale','22','Data Type'),('263','medical reason negation rationale','22','Data Type'),('264','patient reason negation rationale','22','Data Type'),('265','reason documented negation rationale','22','Data Type'),('266','patient preference','22','Data Type'),('267','provider preference','22','Data Type'),('268','provider characteristic','22','Data Type'),('269','system characteristic','22','Data Type'),('27','medical reason negation rationale','6','Data Type'),('270','duration','21','Data Type'),('271','reason','21','Data Type'),('272','start datetime','21','Data Type'),('273','stop datetime','21','Data Type'),('274','system reason negation rationale','21','Data Type'),('275','medical reason negation rationale','21','Data Type'),('276','patient reason negation rationale','21','Data Type'),('277','reason documented negation rationale','21','Data Type'),('278','patient preference','21','Data Type'),('279','provider preference','21','Data Type'),('28','patient reason negation rationale','6','Data Type'),('280','provider characteristic','21','Data Type'),('281','system characteristic','21','Data Type'),('282','duration','79','Data Type'),('283','reason','79','Data Type'),('284','start datetime','79','Data Type'),('285','stop datetime','79','Data Type'),('286','system reason negation rationale','79','Data Type'),('287','medical reason negation rationale','79','Data Type'),('288','patient reason negation rationale','79','Data Type'),('289','reason documented negation rationale','79','Data Type'),('29','reason documented negation rationale','6','Data Type'),('290','patient preference','79','Data Type'),('291','provider preference','79','Data Type'),('292','provider characteristic','79','Data Type'),('293','system characteristic','79','Data Type'),('294','duration','24','Data Type'),('295','reason','24','Data Type'),('296','start datetime','24','Data Type'),('297','stop datetime','24','Data Type'),('298','system reason negation rationale','24','Data Type'),('299','medical reason negation rationale','24','Data Type'),('3','stop datetime','3','Data Type'),('30','patient preference','6','Data Type'),('300','patient reason negation rationale','24','Data Type'),('301','reason documented negation rationale','24','Data Type'),('302','patient preference','24','Data Type'),('303','provider preference','24','Data Type'),('304','provider characteristic','24','Data Type'),('305','system characteristic','24','Data Type'),('306','duration','23','Data Type'),('307','reason','23','Data Type'),('308','start datetime','23','Data Type'),('309','stop datetime','23','Data Type'),('31','provider preference','6','Data Type'),('310','system reason negation rationale','23','Data Type'),('311','medical reason negation rationale','23','Data Type'),('312','patient reason negation rationale','23','Data Type'),('313','reason documented negation rationale','23','Data Type'),('314','patient preference','23','Data Type'),('315','provider preference','23','Data Type'),('316','provider characteristic','23','Data Type'),('317','system characteristic','23','Data Type'),('318','duration','80','Data Type'),('319','reason','80','Data Type'),('32','provider characteristic','6','Data Type'),('320','start datetime','80','Data Type'),('321','stop datetime','80','Data Type'),('322','system reason negation rationale','80','Data Type'),('323','medical reason negation rationale','80','Data Type'),('324','patient reason negation rationale','80','Data Type'),('325','reason documented negation rationale','80','Data Type'),('326','patient preference','80','Data Type'),('327','provider preference','80','Data Type'),('328','provider characteristic','80','Data Type'),('329','system characteristic','80','Data Type'),('33','system characteristic','6','Data Type'),('330','duration','25','Data Type'),('331','reason','25','Data Type'),('332','result','25','Data Type'),('333','start datetime','25','Data Type'),('334','stop datetime','25','Data Type'),('335','system reason negation rationale','25','Data Type'),('336','medical reason negation rationale','25','Data Type'),('337','patient reason negation rationale','25','Data Type'),('338','reason documented negation rationale','25','Data Type'),('339','patient preference','25','Data Type'),('34','duration','4','Data Type'),('340','provider preference','25','Data Type'),('341','provider characteristic','25','Data Type'),('342','system characteristic','25','Data Type'),('343','duration','28','Data Type'),('344','reaction','28','Data Type'),('345','start datetime','28','Data Type'),('346','stop datetime','28','Data Type'),('347','system reason negation rationale','28','Data Type'),('348','medical reason negation rationale','28','Data Type'),('349','patient reason negation rationale','28','Data Type'),('35','start datetime','4','Data Type'),('350','reason documented negation rationale','28','Data Type'),('351','patient preference','28','Data Type'),('352','provider preference','28','Data Type'),('353','provider characteristic','28','Data Type'),('354','system characteristic','28','Data Type'),('355','duration','29','Data Type'),('356','reaction','29','Data Type'),('357','start datetime','29','Data Type'),('358','stop datetime','29','Data Type'),('359','system reason negation rationale','29','Data Type'),('36','stop datetime','4','Data Type'),('360','medical reason negation rationale','29','Data Type'),('361','patient reason negation rationale','29','Data Type'),('362','reason documented negation rationale','29','Data Type'),('363','patient preference','29','Data Type'),('364','provider preference','29','Data Type'),('365','provider characteristic','29','Data Type'),('366','system characteristic','29','Data Type'),('367','duration','30','Data Type'),('368','reason','30','Data Type'),('369','start datetime','30','Data Type'),('37','system reason negation rationale','4','Data Type'),('370','stop datetime','30','Data Type'),('371','system reason negation rationale','30','Data Type'),('372','medical reason negation rationale','30','Data Type'),('373','patient reason negation rationale','30','Data Type'),('374','reason documented negation rationale','30','Data Type'),('375','patient preference','30','Data Type'),('376','provider preference','30','Data Type'),('377','provider characteristic','30','Data Type'),('378','system characteristic','30','Data Type'),('379','duration','81','Data Type'),('38','medical reason negation rationale','4','Data Type'),('380','reason','81','Data Type'),('381','start datetime','81','Data Type'),('382','stop datetime','81','Data Type'),('383','system reason negation rationale','81','Data Type'),('384','medical reason negation rationale','81','Data Type'),('385','patient reason negation rationale','81','Data Type'),('386','reason documented negation rationale','81','Data Type'),('387','patient preference','81','Data Type'),('388','provider preference','81','Data Type'),('389','provider characteristic','81','Data Type'),('39','patient reason negation rationale','4','Data Type'),('390','system characteristic','81','Data Type'),('391','duration','31','Data Type'),('392','reason','31','Data Type'),('393','start datetime','31','Data Type'),('394','stop datetime','31','Data Type'),('395','system reason negation rationale','31','Data Type'),('396','medical reason negation rationale','31','Data Type'),('397','patient reason negation rationale','31','Data Type'),('398','reason documented negation rationale','31','Data Type'),('399','patient preference','31','Data Type'),('4','system reason negation rationale','3','Data Type'),('40','reason documented negation rationale','4','Data Type'),('400','provider preference','31','Data Type'),('401','provider characteristic','31','Data Type'),('402','system characteristic','31','Data Type'),('403','duration','32','Data Type'),('404','reason','32','Data Type'),('405','result','32','Data Type'),('406','start datetime','32','Data Type'),('407','stop datetime','32','Data Type'),('408','system reason negation rationale','32','Data Type'),('409','medical reason negation rationale','32','Data Type'),('41','patient preference','4','Data Type'),('410','patient reason negation rationale','32','Data Type'),('411','reason documented negation rationale','32','Data Type'),('412','patient preference','32','Data Type'),('413','provider preference','32','Data Type'),('414','provider characteristic','32','Data Type'),('415','system characteristic','32','Data Type'),('416','duration','33','Data Type'),('417','reaction','33','Data Type'),('418','start datetime','33','Data Type'),('419','stop datetime','33','Data Type'),('42','provider preference','4','Data Type'),('420','system reason negation rationale','33','Data Type'),('421','medical reason negation rationale','33','Data Type'),('422','patient reason negation rationale','33','Data Type'),('423','reason documented negation rationale','33','Data Type'),('424','patient preference','33','Data Type'),('425','provider preference','33','Data Type'),('426','provider characteristic','33','Data Type'),('427','system characteristic','33','Data Type'),('428','duration','34','Data Type'),('429','reaction','34','Data Type'),('43','provider characteristic','4','Data Type'),('430','start datetime','34','Data Type'),('431','stop datetime','34','Data Type'),('432','system reason negation rationale','34','Data Type'),('433','medical reason negation rationale','34','Data Type'),('434','patient reason negation rationale','34','Data Type'),('435','reason documented negation rationale','34','Data Type'),('436','patient preference','34','Data Type'),('437','provider preference','34','Data Type'),('438','provider characteristic','34','Data Type'),('439','system characteristic','34','Data Type'),('44','system characteristic','4','Data Type'),('440','duration','35','Data Type'),('441','reason','35','Data Type'),('442','start datetime','35','Data Type'),('443','stop datetime','35','Data Type'),('444','system reason negation rationale','35','Data Type'),('445','medical reason negation rationale','35','Data Type'),('446','patient reason negation rationale','35','Data Type'),('447','reason documented negation rationale','35','Data Type'),('448','patient preference','35','Data Type'),('449','provider preference','35','Data Type'),('45','duration','11','Data Type'),('450','provider characteristic','35','Data Type'),('451','system characteristic','35','Data Type'),('452','duration','82','Data Type'),('453','reason','82','Data Type'),('454','start datetime','82','Data Type'),('455','stop datetime','82','Data Type'),('456','system reason negation rationale','82','Data Type'),('457','medical reason negation rationale','82','Data Type'),('458','patient reason negation rationale','82','Data Type'),('459','reason documented negation rationale','82','Data Type'),('46','reaction','11','Data Type'),('460','patient preference','82','Data Type'),('461','provider preference','82','Data Type'),('462','provider characteristic','82','Data Type'),('463','system characteristic','82','Data Type'),('464','duration','36','Data Type'),('465','reason','36','Data Type'),('466','start datetime','36','Data Type'),('467','stop datetime','36','Data Type'),('468','system reason negation rationale','36','Data Type'),('469','medical reason negation rationale','36','Data Type'),('47','start datetime','11','Data Type'),('470','patient reason negation rationale','36','Data Type'),('471','reason documented negation rationale','36','Data Type'),('472','patient preference','36','Data Type'),('473','provider preference','36','Data Type'),('474','provider characteristic','36','Data Type'),('475','system characteristic','36','Data Type'),('476','duration','37','Data Type'),('477','reason','37','Data Type'),('478','result','37','Data Type'),('479','start datetime','37','Data Type'),('48','stop datetime','11','Data Type'),('480','stop datetime','37','Data Type'),('481','system reason negation rationale','37','Data Type'),('482','medical reason negation rationale','37','Data Type'),('483','patient reason negation rationale','37','Data Type'),('484','reason documented negation rationale','37','Data Type'),('485','patient preference','37','Data Type'),('486','provider preference','37','Data Type'),('487','provider characteristic','37','Data Type'),('488','system characteristic','37','Data Type'),('489','cumulativeMedicationDuration','38','Data Type'),('49','system reason negation rationale','11','Data Type'),('490','dose','38','Data Type'),('491','duration','38','Data Type'),('492','frequency','38','Data Type'),('493','number','38','Data Type'),('494','refills','38','Data Type'),('495','route','38','Data Type'),('496','start datetime','38','Data Type'),('497','stop datetime','38','Data Type'),('498','system reason negation rationale','38','Data Type'),('499','medical reason negation rationale','38','Data Type'),('5','medical reason negation rationale','3','Data Type'),('50','medical reason negation rationale','11','Data Type'),('500','patient reason negation rationale','38','Data Type'),('501','reason documented negation rationale','38','Data Type'),('502','patient preference','38','Data Type'),('503','provider preference','38','Data Type'),('504','provider characteristic','38','Data Type'),('505','system characteristic','38','Data Type'),('506','dose','39','Data Type'),('507','duration','39','Data Type'),('508','frequency','39','Data Type'),('509','number','39','Data Type'),('51','patient reason negation rationale','11','Data Type'),('510','refills','39','Data Type'),('511','route','39','Data Type'),('512','start datetime','39','Data Type'),('513','stop datetime','39','Data Type'),('514','system reason negation rationale','39','Data Type'),('515','medical reason negation rationale','39','Data Type'),('516','patient reason negation rationale','39','Data Type'),('517','reason documented negation rationale','39','Data Type'),('518','patient preference','39','Data Type'),('519','provider preference','39','Data Type'),('52','reason documented negation rationale','11','Data Type'),('520','provider characteristic','39','Data Type'),('521','system characteristic','39','Data Type'),('522','dose','40','Data Type'),('523','duration','40','Data Type'),('524','frequency','40','Data Type'),('525','number','40','Data Type'),('526','reaction','40','Data Type'),('527','refills','40','Data Type'),('528','route','40','Data Type'),('529','start datetime','40','Data Type'),('53','patient preference','11','Data Type'),('530','stop datetime','40','Data Type'),('531','system reason negation rationale','40','Data Type'),('532','medical reason negation rationale','40','Data Type'),('533','patient reason negation rationale','40','Data Type'),('534','reason documented negation rationale','40','Data Type'),('535','patient preference','40','Data Type'),('536','provider preference','40','Data Type'),('537','provider characteristic','40','Data Type'),('538','system characteristic','40','Data Type'),('539','dose','41','Data Type'),('54','provider preference','11','Data Type'),('540','duration','41','Data Type'),('541','frequency','41','Data Type'),('542','number','41','Data Type'),('543','reaction','41','Data Type'),('544','refills','41','Data Type'),('545','route','41','Data Type'),('546','start datetime','41','Data Type'),('547','stop datetime','41','Data Type'),('548','system reason negation rationale','41','Data Type'),('549','medical reason negation rationale','41','Data Type'),('55','provider characteristic','11','Data Type'),('550','patient reason negation rationale','41','Data Type'),('551','reason documented negation rationale','41','Data Type'),('552','patient preference','41','Data Type'),('553','provider preference','41','Data Type'),('554','provider characteristic','41','Data Type'),('555','system characteristic','41','Data Type'),('556','dose','42','Data Type'),('557','frequency','42','Data Type'),('558','number','42','Data Type'),('559','refills','42','Data Type'),('56','system characteristic','11','Data Type'),('560','route','42','Data Type'),('561','start datetime','42','Data Type'),('562','stop datetime','42','Data Type'),('563','duration','42','Data Type'),('564','cumulativeMedicationDuration','42','Data Type'),('565','system reason negation rationale','42','Data Type'),('566','medical reason negation rationale','42','Data Type'),('567','patient reason negation rationale','42','Data Type'),('568','reason documented negation rationale','42','Data Type'),('569','patient preference','42','Data Type'),('57','duration','12','Data Type'),('570','provider preference','42','Data Type'),('571','provider characteristic','42','Data Type'),('572','system characteristic','42','Data Type'),('573','dose','43','Data Type'),('574','duration','43','Data Type'),('575','frequency','43','Data Type'),('576','number','43','Data Type'),('577','reaction','43','Data Type'),('578','refills','43','Data Type'),('579','route','43','Data Type'),('58','reaction','12','Data Type'),('580','start datetime','43','Data Type'),('581','stop datetime','43','Data Type'),('582','system reason negation rationale','43','Data Type'),('583','medical reason negation rationale','43','Data Type'),('584','patient reason negation rationale','43','Data Type'),('585','reason documented negation rationale','43','Data Type'),('586','patient preference','43','Data Type'),('587','provider preference','43','Data Type'),('588','provider characteristic','43','Data Type'),('589','system characteristic','43','Data Type'),('59','start datetime','12','Data Type'),('590','dose','44','Data Type'),('591','frequency','44','Data Type'),('592','number','44','Data Type'),('593','reason','44','Data Type'),('594','refills','44','Data Type'),('595','duration','44','Data Type'),('596','cumulativeMedicationDuration','44','Data Type'),('597','route','44','Data Type'),('598','start datetime','44','Data Type'),('599','stop datetime','44','Data Type'),('6','patient reason negation rationale','3','Data Type'),('60','stop datetime','12','Data Type'),('600','system reason negation rationale','44','Data Type'),('601','medical reason negation rationale','44','Data Type'),('602','patient reason negation rationale','44','Data Type'),('603','reason documented negation rationale','44','Data Type'),('604','patient preference','44','Data Type'),('605','provider preference','44','Data Type'),('606','provider characteristic','44','Data Type'),('607','system characteristic','44','Data Type'),('608','duration','1','Data Type'),('609','start datetime','1','Data Type'),('61','system reason negation rationale','12','Data Type'),('610','stop datetime','1','Data Type'),('611','system reason negation rationale','1','Data Type'),('612','medical reason negation rationale','1','Data Type'),('613','patient reason negation rationale','1','Data Type'),('614','reason documented negation rationale','1','Data Type'),('615','patient preference','1','Data Type'),('616','provider preference','1','Data Type'),('617','provider characteristic','1','Data Type'),('618','system characteristic','1','Data Type'),('619','duration','26','Data Type'),('62','medical reason negation rationale','12','Data Type'),('620','start datetime','26','Data Type'),('621','stop datetime','26','Data Type'),('622','duration','83','Data Type'),('623','start datetime','83','Data Type'),('624','stop datetime','83','Data Type'),('625','duration','84','Data Type'),('626','start datetime','84','Data Type'),('627','stop datetime','84','Data Type'),('628','duration','85','Data Type'),('629','start datetime','85','Data Type'),('63','patient reason negation rationale','12','Data Type'),('630','stop datetime','85','Data Type'),('631','duration','86','Data Type'),('632','start datetime','86','Data Type'),('633','stop datetime','86','Data Type'),('634','duration','55','Data Type'),('635','location','55','Data Type'),('636','reason','55','Data Type'),('637','result','55','Data Type'),('638','start datetime','55','Data Type'),('639','stop datetime','55','Data Type'),('64','reason documented negation rationale','12','Data Type'),('640','system reason negation rationale','55','Data Type'),('641','medical reason negation rationale','55','Data Type'),('642','patient reason negation rationale','55','Data Type'),('643','reason documented negation rationale','55','Data Type'),('644','patient preference','55','Data Type'),('645','provider preference','55','Data Type'),('646','provider characteristic','55','Data Type'),('647','system characteristic','55','Data Type'),('648','duration','56','Data Type'),('649','location','56','Data Type'),('65','patient preference','12','Data Type'),('650','reason','56','Data Type'),('651','start datetime','56','Data Type'),('652','stop datetime','56','Data Type'),('653','system reason negation rationale','56','Data Type'),('654','medical reason negation rationale','56','Data Type'),('655','patient reason negation rationale','56','Data Type'),('656','reason documented negation rationale','56','Data Type'),('657','patient preference','56','Data Type'),('658','provider preference','56','Data Type'),('659','provider characteristic','56','Data Type'),('66','provider preference','12','Data Type'),('660','system characteristic','56','Data Type'),('661','duration','87','Data Type'),('662','location','87','Data Type'),('663','reason','87','Data Type'),('664','start datetime','87','Data Type'),('665','stop datetime','87','Data Type'),('666','system reason negation rationale','87','Data Type'),('667','medical reason negation rationale','87','Data Type'),('668','patient reason negation rationale','87','Data Type'),('669','reason documented negation rationale','87','Data Type'),('67','provider characteristic','12','Data Type'),('670','patient preference','87','Data Type'),('671','provider preference','87','Data Type'),('672','provider characteristic','87','Data Type'),('673','system characteristic','87','Data Type'),('674','duration','57','Data Type'),('675','location','57','Data Type'),('676','reason','57','Data Type'),('677','start datetime','57','Data Type'),('678','stop datetime','57','Data Type'),('679','system reason negation rationale','57','Data Type'),('68','system characteristic','12','Data Type'),('680','medical reason negation rationale','57','Data Type'),('681','patient reason negation rationale','57','Data Type'),('682','reason documented negation rationale','57','Data Type'),('683','patient preference','57','Data Type'),('684','provider preference','57','Data Type'),('685','provider characteristic','57','Data Type'),('686','system characteristic','57','Data Type'),('687','duration','60','Data Type'),('688','reaction','60','Data Type'),('689','start datetime','60','Data Type'),('69','duration','13','Data Type'),('690','stop datetime','60','Data Type'),('691','system reason negation rationale','60','Data Type'),('692','medical reason negation rationale','60','Data Type'),('693','patient reason negation rationale','60','Data Type'),('694','reason documented negation rationale','60','Data Type'),('695','patient preference','60','Data Type'),('696','provider preference','60','Data Type'),('697','provider characteristic','60','Data Type'),('698','system characteristic','60','Data Type'),('699','duration','61','Data Type'),('7','reason documented negation rationale','3','Data Type'),('70','start datetime','13','Data Type'),('700','reaction','61','Data Type'),('701','start datetime','61','Data Type'),('702','stop datetime','61','Data Type'),('703','system reason negation rationale','61','Data Type'),('704','medical reason negation rationale','61','Data Type'),('705','patient reason negation rationale','61','Data Type'),('706','reason documented negation rationale','61','Data Type'),('707','patient preference','61','Data Type'),('708','provider preference','61','Data Type'),('709','provider characteristic','61','Data Type'),('71','stop datetime','13','Data Type'),('710','system characteristic','61','Data Type'),('711','duration','62','Data Type'),('712','reason','62','Data Type'),('713','start datetime','62','Data Type'),('714','stop datetime','62','Data Type'),('715','system reason negation rationale','62','Data Type'),('716','medical reason negation rationale','62','Data Type'),('717','patient reason negation rationale','62','Data Type'),('718','reason documented negation rationale','62','Data Type'),('719','patient preference','62','Data Type'),('72','system reason negation rationale','13','Data Type'),('720','provider preference','62','Data Type'),('721','provider characteristic','62','Data Type'),('722','system characteristic','62','Data Type'),('723','duration','88','Data Type'),('724','reason','88','Data Type'),('725','start datetime','88','Data Type'),('726','stop datetime','88','Data Type'),('727','system reason negation rationale','88','Data Type'),('728','medical reason negation rationale','88','Data Type'),('729','patient reason negation rationale','88','Data Type'),('73','medical reason negation rationale','13','Data Type'),('730','reason documented negation rationale','88','Data Type'),('731','patient preference','88','Data Type'),('732','provider preference','88','Data Type'),('733','provider characteristic','88','Data Type'),('734','system characteristic','88','Data Type'),('735','duration','63','Data Type'),('736','reason','63','Data Type'),('737','start datetime','63','Data Type'),('738','stop datetime','63','Data Type'),('739','system reason negation rationale','63','Data Type'),('74','patient reason negation rationale','13','Data Type'),('740','medical reason negation rationale','63','Data Type'),('741','patient reason negation rationale','63','Data Type'),('742','reason documented negation rationale','63','Data Type'),('743','patient preference','63','Data Type'),('744','provider preference','63','Data Type'),('745','provider characteristic','63','Data Type'),('746','system characteristic','63','Data Type'),('747','duration','64','Data Type'),('748','reason','64','Data Type'),('749','result','64','Data Type'),('75','reason documented negation rationale','13','Data Type'),('750','start datetime','64','Data Type'),('751','stop datetime','64','Data Type'),('752','system reason negation rationale','64','Data Type'),('753','medical reason negation rationale','64','Data Type'),('754','patient reason negation rationale','64','Data Type'),('755','reason documented negation rationale','64','Data Type'),('756','patient preference','64','Data Type'),('757','provider preference','64','Data Type'),('758','provider characteristic','64','Data Type'),('759','system characteristic','64','Data Type'),('76','patient preference','13','Data Type'),('760','duration','2','Data Type'),('761','start datetime','2','Data Type'),('762','stop datetime','2','Data Type'),('763','system reason negation rationale','2','Data Type'),('764','medical reason negation rationale','2','Data Type'),('765','patient reason negation rationale','2','Data Type'),('766','reason documented negation rationale','2','Data Type'),('767','patient preference','2','Data Type'),('768','provider preference','2','Data Type'),('769','provider characteristic','2','Data Type'),('77','provider preference','13','Data Type'),('770','system characteristic','2','Data Type'),('771','duration','65','Data Type'),('772','start datetime','65','Data Type'),('773','stop datetime','65','Data Type'),('774','system reason negation rationale','65','Data Type'),('775','medical reason negation rationale','65','Data Type'),('776','patient reason negation rationale','65','Data Type'),('777','reason documented negation rationale','65','Data Type'),('778','patient preference','65','Data Type'),('779','provider preference','65','Data Type'),('78','provider characteristic','13','Data Type'),('780','provider characteristic','65','Data Type'),('781','system characteristic','65','Data Type'),('782','dose','66','Data Type'),('783','duration','66','Data Type'),('784','frequency','66','Data Type'),('785','number','66','Data Type'),('786','refills','66','Data Type'),('787','route','66','Data Type'),('788','start datetime','66','Data Type'),('789','stop datetime','66','Data Type'),('79','system characteristic','13','Data Type'),('790','system reason negation rationale','66','Data Type'),('791','medical reason negation rationale','66','Data Type'),('792','patient reason negation rationale','66','Data Type'),('793','reason documented negation rationale','66','Data Type'),('794','patient preference','66','Data Type'),('795','provider preference','66','Data Type'),('796','provider characteristic','66','Data Type'),('797','system characteristic','66','Data Type'),('798','dose','67','Data Type'),('799','duration','67','Data Type'),('8','patient preference','3','Data Type'),('80','duration','14','Data Type'),('800','frequency','67','Data Type'),('801','number','67','Data Type'),('802','reaction','67','Data Type'),('803','refills','67','Data Type'),('804','route','67','Data Type'),('805','start datetime','67','Data Type'),('806','stop datetime','67','Data Type'),('807','system reason negation rationale','67','Data Type'),('808','medical reason negation rationale','67','Data Type'),('809','patient reason negation rationale','67','Data Type'),('81','reaction','14','Data Type'),('810','reason documented negation rationale','67','Data Type'),('811','patient preference','67','Data Type'),('812','provider preference','67','Data Type'),('813','provider characteristic','67','Data Type'),('814','system characteristic','67','Data Type'),('815','dose','68','Data Type'),('816','duration','68','Data Type'),('817','frequency','68','Data Type'),('818','number','68','Data Type'),('819','reaction','68','Data Type'),('82','start datetime','14','Data Type'),('820','refills','68','Data Type'),('821','route','68','Data Type'),('822','start datetime','68','Data Type'),('823','stop datetime','68','Data Type'),('824','system reason negation rationale','68','Data Type'),('825','medical reason negation rationale','68','Data Type'),('826','patient reason negation rationale','68','Data Type'),('827','reason documented negation rationale','68','Data Type'),('828','patient preference','68','Data Type'),('829','provider preference','68','Data Type'),('83','stop datetime','14','Data Type'),('830','provider characteristic','68','Data Type'),('831','system characteristic','68','Data Type'),('832','dose','69','Data Type'),('833','duration','69','Data Type'),('834','frequency','69','Data Type'),('835','number','69','Data Type'),('836','reaction','69','Data Type'),('837','refills','69','Data Type'),('838','route','69','Data Type'),('839','start datetime','69','Data Type'),('84','system reason negation rationale','14','Data Type'),('840','stop datetime','69','Data Type'),('841','system reason negation rationale','69','Data Type'),('842','medical reason negation rationale','69','Data Type'),('843','patient reason negation rationale','69','Data Type'),('844','reason documented negation rationale','69','Data Type'),('845','patient preference','69','Data Type'),('846','provider preference','69','Data Type'),('847','provider characteristic','69','Data Type'),('848','system characteristic','69','Data Type'),('849','dose','70','Data Type'),('85','medical reason negation rationale','14','Data Type'),('850','duration','70','Data Type'),('851','frequency','70','Data Type'),('852','number','70','Data Type'),('853','reason','70','Data Type'),('854','refills','70','Data Type'),('855','route','70','Data Type'),('856','start datetime','70','Data Type'),('857','stop datetime','70','Data Type'),('858','system reason negation rationale','70','Data Type'),('859','medical reason negation rationale','70','Data Type'),('86','patient reason negation rationale','14','Data Type'),('860','patient reason negation rationale','70','Data Type'),('861','reason documented negation rationale','70','Data Type'),('862','patient preference','70','Data Type'),('863','provider preference','70','Data Type'),('864','provider characteristic','70','Data Type'),('865','system characteristic','70','Data Type'),('866','dose','89','Data Type'),('867','duration','89','Data Type'),('868','frequency','89','Data Type'),('869','number','89','Data Type'),('87','reason documented negation rationale','14','Data Type'),('870','reason','89','Data Type'),('871','refills','89','Data Type'),('872','route','89','Data Type'),('873','start datetime','89','Data Type'),('874','stop datetime','89','Data Type'),('875','system reason negation rationale','89','Data Type'),('876','medical reason negation rationale','89','Data Type'),('877','patient reason negation rationale','89','Data Type'),('878','reason documented negation rationale','89','Data Type'),('879','patient preference','89','Data Type'),('88','patient preference','14','Data Type'),('880','provider preference','89','Data Type'),('881','provider characteristic','89','Data Type'),('882','system characteristic','89','Data Type'),('883','duration','71','Data Type'),('884','ordinality','71','Data Type'),('885','severity','71','Data Type'),('886','start datetime','71','Data Type'),('887','status','71','Data Type'),('888','stop datetime','71','Data Type'),('889','system reason negation rationale','71','Data Type'),('89','provider preference','14','Data Type'),('890','medical reason negation rationale','71','Data Type'),('891','patient reason negation rationale','71','Data Type'),('892','reason documented negation rationale','71','Data Type'),('893','patient preference','71','Data Type'),('894','provider preference','71','Data Type'),('895','provider characteristic','71','Data Type'),('896','system characteristic','71','Data Type'),('897','duration','72','Data Type'),('898','ordinality','72','Data Type'),('899','severity','72','Data Type'),('9','provider preference','3','Data Type'),('90','provider characteristic','14','Data Type'),('900','start datetime','72','Data Type'),('901','status','72','Data Type'),('902','stop datetime','72','Data Type'),('903','system reason negation rationale','72','Data Type'),('904','medical reason negation rationale','72','Data Type'),('905','patient reason negation rationale','72','Data Type'),('906','reason documented negation rationale','72','Data Type'),('907','patient preference','72','Data Type'),('908','provider preference','72','Data Type'),('909','provider characteristic','72','Data Type'),('91','system characteristic','14','Data Type'),('910','system characteristic','72','Data Type'),('911','duration','73','Data Type'),('912','ordinality','73','Data Type'),('913','severity','73','Data Type'),('914','start datetime','73','Data Type'),('915','status','73','Data Type'),('916','stop datetime','73','Data Type'),('917','system reason negation rationale','73','Data Type'),('918','medical reason negation rationale','73','Data Type'),('919','patient reason negation rationale','73','Data Type'),('92','duration','15','Data Type'),('920','reason documented negation rationale','73','Data Type'),('921','patient preference','73','Data Type'),('922','provider preference','73','Data Type'),('923','provider characteristic','73','Data Type'),('924','system characteristic','73','Data Type'),('925','duration','74','Data Type'),('926','ordinality','74','Data Type'),('927','severity','74','Data Type'),('928','start datetime','74','Data Type'),('929','status','74','Data Type'),('93','reason','15','Data Type'),('930','stop datetime','74','Data Type'),('931','system reason negation rationale','74','Data Type'),('932','medical reason negation rationale','74','Data Type'),('933','patient reason negation rationale','74','Data Type'),('934','reason documented negation rationale','74','Data Type'),('935','patient preference','74','Data Type'),('936','provider preference','74','Data Type'),('937','provider characteristic','74','Data Type'),('938','system characteristic','74','Data Type'),('939','duration','76','Data Type'),('94','start datetime','15','Data Type'),('940','start datetime','76','Data Type'),('941','stop datetime','76','Data Type'),('942','system reason negation rationale','76','Data Type'),('943','medical reason negation rationale','76','Data Type'),('944','patient reason negation rationale','76','Data Type'),('945','reason documented negation rationale','76','Data Type'),('946','patient preference','76','Data Type'),('947','provider preference','76','Data Type'),('948','provider characteristic','76','Data Type'),('949','system characteristic','76','Data Type'),('95','stop datetime','15','Data Type'),('950','duration','77','Data Type'),('951','start datetime','77','Data Type'),('952','stop datetime','77','Data Type'),('953','system reason negation rationale','77','Data Type'),('954','medical reason negation rationale','77','Data Type'),('955','patient reason negation rationale','77','Data Type'),('956','reason documented negation rationale','77','Data Type'),('957','patient preference','77','Data Type'),('958','provider preference','77','Data Type'),('959','provider characteristic','77','Data Type'),('96','system reason negation rationale','15','Data Type'),('960','system characteristic','77','Data Type'),('961','sourceDevice','','Data Flow'),('962','sourceInformant','','Data Flow'),('963','sourceMethod','','Data Flow'),('964','recorderInformant','','Data Flow'),('965','recorderDevice','','Data Flow'),('966','setting','','Data Flow'),('967','healthRecordField','','Data Flow'),('97','medical reason negation rationale','15','Data Type'),('98','patient reason negation rationale','15','Data Type'),('99','reason documented negation rationale','15','Data Type');
/*!40000 ALTER TABLE `qds_attributes` ENABLE KEYS */;
UNLOCK TABLES;

--
-- Table structure for table `qds_element`
--

DROP TABLE IF EXISTS `qds_element`;
/*!40101 SET @saved_cs_client     = @@character_set_client */;
/*!40101 SET character_set_client = utf8 */;
CREATE TABLE `qds_element` (
  `QDS_ELEMENT_ID` varchar(64) NOT NULL,
  `MEASURE_PACKAGE_ID` varchar(64) NOT NULL,
  PRIMARY KEY (`QDS_ELEMENT_ID`),
  KEY `MEASURE_PACKAGE_ID_QDS_ELEMENT_FK` (`MEASURE_PACKAGE_ID`),
  CONSTRAINT `MEASURE_PACKAGE_ID_QDS_ELEMENT_FK` FOREIGN KEY (`MEASURE_PACKAGE_ID`) REFERENCES `measure_package` (`MEASURE_PACKAGE_ID`) ON DELETE CASCADE ON UPDATE CASCADE
) ENGINE=InnoDB DEFAULT CHARSET=latin1;
/*!40101 SET character_set_client = @saved_cs_client */;

--
-- Dumping data for table `qds_element`
--

LOCK TABLES `qds_element` WRITE;
/*!40000 ALTER TABLE `qds_element` DISABLE KEYS */;
/*!40000 ALTER TABLE `qds_element` ENABLE KEYS */;
UNLOCK TABLES;

--
-- Table structure for table `qds_property`
--

DROP TABLE IF EXISTS `qds_property`;
/*!40101 SET @saved_cs_client     = @@character_set_client */;
/*!40101 SET character_set_client = utf8 */;
CREATE TABLE `qds_property` (
  `QDS_PROPERTY_ID` varchar(64) NOT NULL,
  `NAME` varchar(45) NOT NULL,
  `VALUE` varchar(200) NOT NULL,
  `TYPE` varchar(45) NOT NULL,
  `QDS_ELEMENT_ID` varchar(64) NOT NULL,
  PRIMARY KEY (`QDS_PROPERTY_ID`),
  KEY `QDS_ELEMENT_ID_QDS_PROPERTY_FK` (`QDS_ELEMENT_ID`),
  CONSTRAINT `QDS_ELEMENT_ID_QDS_PROPERTY_FK` FOREIGN KEY (`QDS_ELEMENT_ID`) REFERENCES `qds_element` (`QDS_ELEMENT_ID`) ON DELETE CASCADE ON UPDATE CASCADE
) ENGINE=InnoDB DEFAULT CHARSET=latin1;
/*!40101 SET character_set_client = @saved_cs_client */;

--
-- Dumping data for table `qds_property`
--

LOCK TABLES `qds_property` WRITE;
/*!40000 ALTER TABLE `qds_property` DISABLE KEYS */;
/*!40000 ALTER TABLE `qds_property` ENABLE KEYS */;
UNLOCK TABLES;

--
-- Table structure for table `qds_term`
--

DROP TABLE IF EXISTS `qds_term`;
/*!40101 SET @saved_cs_client     = @@character_set_client */;
/*!40101 SET character_set_client = utf8 */;
CREATE TABLE `qds_term` (
  `ID` varchar(64) NOT NULL,
  `QDS_ELEMENT_ID` varchar(64) NOT NULL,
  `DECISION_ID` varchar(64) NOT NULL,
  PRIMARY KEY (`ID`)
) ENGINE=InnoDB DEFAULT CHARSET=latin1;
/*!40101 SET character_set_client = @saved_cs_client */;

--
-- Dumping data for table `qds_term`
--

LOCK TABLES `qds_term` WRITE;
/*!40000 ALTER TABLE `qds_term` DISABLE KEYS */;
INSERT INTO `qds_term` VALUES ('0426ba39-5cb4-4229-a836-99a8bc908446','8ae458ab2d09da99012d09dc70b00003','4cf5a306-3ae3-414a-a2b5-96e89d5970f4'),('085ceb5d-a720-4492-aad4-8557ff375e77','8ae458ab2d7aaad9012d7ac048d2002e','91ef63a1-f182-401d-a9d3-0d248f9c0c63'),('0cd7a7de-ccf5-4cc7-92e1-1e8f8838b8fe','8ae458ab2d52990f012d529a51190007','2c1e35a8-e365-4bca-bc07-99836186fa5b'),('0f39b949-8a78-4c56-b5d6-9b9c999f48dd','8ae458ab2d52990f012d529a460d0005','82d10231-d66b-4c51-8889-2d4c58bdacb5'),('1081bfc4-a003-4677-9301-312cdf119856','8ae458ab2d09da99012d09dc8a680007','97c7468b-a707-48d0-b46f-d57c7a7ee3d3'),('1301e3b7-ec48-4f92-a58d-8d800dbc39db','8ae458ab2d09dd9a012d09e1a16d002c','68cac006-b5dd-44ea-b8df-10a8074255d7'),('18424c70-1018-476e-b8c6-e01321d8cf1b','8ae458ab2d09dd9a012d09e188c40028','72800569-29be-41c6-ba60-bfb16aef80f9'),('19b09174-9ab1-42cb-b556-efcbd44472fd','8ae458ab2d3283ff012d32a468850008','f7446673-25fb-4963-8b1f-3f5674faa714'),('19d7b2d0-e03e-4125-a56d-75c207bc17dc','8ae458ab2d0a37b6012d0a3a59390005','56f563bc-649c-4d0d-9258-63aecdf8da9c'),('1a7fc27d-59e0-40e2-ba34-6408c8a87d30','8ae458ab2d3283ff012d32a468850008','fd4b1f7c-d019-4bd2-90b6-929a325c177e'),('1b5c839c-f1e6-400f-a3c4-ced29dec377d','8ae458ab2ce627aa012ce6286c350001','64476884-2cf5-414c-adf5-31d6ee844c11'),('1d6f55f1-d2dd-4885-b4d7-1014f3d7acf0','8ae458ab2ce627aa012ce6286c350001','0dee04dc-b25a-4626-9ccd-f89a4f654b8c'),('2633c852-5d59-4298-987c-c5ef8224158c','8ae458ab2d09dd9a012d09e17da80026','cb376f9d-59da-4ad3-a705-25af7fa30863'),('27d3d682-edc6-4900-9faa-02a34b10e24e','8ae458ab2d0a0416012d0a0904010005','4e09a1ba-2a74-4644-9df5-be72d55c468a'),('28a50dc8-8cb0-4128-a601-bdbe768c7bcd','8ae458ab2d09da99012d09dc8a680007','a864e1ce-0f86-44bd-b9cc-85728079455c'),('2ef9d977-8a83-437c-9336-334649ac1e7b','8ae458ab2d09da99012d09dc70b00003','ff160cc5-1c26-48cc-a94f-1d886e2ed220'),('30a28647-8fdc-42e6-89ea-c28ab7c333c6','8ae458ab2d3283ff012d32a468850008','3da1489c-22cb-4762-b59e-7c5a69af56d4'),('3dbe5af5-8761-4798-9f76-cf154f87c363','8ae458ab2ce627aa012ce6286c350001','c4d81ce8-eac2-4a16-8028-99c46d89713a'),('3dcf9a0f-89eb-4d51-bc4c-109231bfbea3','8ae458ab2d09da99012d09dc8a680007','57b33b5f-0a78-4ae1-b23b-263b7fca4456'),('3f3d74f4-3462-47fa-b88c-b48c5cae1d3e','8ae458ab2d09da99012d09dc8a680007','8926f587-5a8c-4e2b-a70c-69873451ffbc'),('428f2dd8-06cb-42d5-a457-fbac1e8b2943','8ae458ab2d52990f012d529a61270009','9d6a43d7-3d29-4300-820a-dc38d2a0c58e'),('42c8133c-944a-4379-b31c-d083c04a3506','8ae458ab2d09da99012d09dc70b00003','184f7ef8-ca0c-4350-9537-2fb5e9f2660a'),('449f0372-b7e9-4aac-94a6-c3a234f601e9','8ae458ab2d3283ff012d329f303e0004','c0f6ce41-32c4-4180-b700-f84ae757bb4f'),('47316011-16a4-4aa5-98a2-48ca364b1fd4','8ae458ab2d09dd9a012d09e1a16d002c','1d323c92-ec61-4027-a380-e8ed2dca3ec0'),('4920cb7b-544f-4802-9b38-a83759ffe4e6','8ae458ab2d09da99012d09dc8a680007','7a51e745-f0dd-4928-bac7-6d1fe99c25ba'),('4e57a3b5-42fa-43f6-9da5-956c0485550c','8ae458ab2d09da99012d09dc8a680007','5dfd29a8-1427-4d4a-bce4-45561314975e'),('51a2348e-af31-4f7b-b732-820cecc13501','8ae458ab2d7aaad9012d7ac02b86002a','6e0ef9f8-0983-4fa1-8a2d-8063a83857ef'),('52103171-69a3-439e-a7c8-dea752010857','8ae458ab2ce627aa012ce6286c350001','dc346f2f-0e02-466e-9501-0c89b12a4023'),('5e5eef96-87df-4a96-b9d1-5658451d6ba0','8ae458ab2ce627aa012ce6286c350001','9a29644d-9f52-4b79-a8e8-eb12e60b243b'),('626dd574-e675-4333-b71e-4332e4d45066','8ae458ab2d0a0416012d0a0904010005','e73db439-f6d9-481e-a60e-0c1a5bd28b75'),('62c586bd-9863-425e-8a6b-5e13e8ea518e','8ae458ab2d09da99012d09dc7e110005','1d7574b0-0b62-40b4-a487-a45da25ab553'),('6332fc3e-67cc-4483-a725-998e2a32f92a','8ae458ab2d09da99012d09dc8a680007','9aad532d-e242-41cc-9b65-02346d58353b'),('6500841b-ce36-4103-9447-3bac8ef83f34','8ae458ab2d09da99012d09dc70b00003','d3bf6f08-23d0-46f9-9b44-253a8165fca2'),('68af8af9-1bf8-4d3c-b356-91313ff0ff2b','8ae458ab2d09da99012d09dc8a680007','29c6928c-41bd-4a75-86f2-9071c814ae92'),('69aa0d1f-348a-44ca-aab1-175cc08ade59','8ae458ab2d09da99012d09dc70b00003','a56191b1-ce32-413a-bdd8-6095dee91925'),('6bad2232-340f-45e2-b221-d97a4b378b6a','8ae44ffa2d804ba7012d804cf6490002','e218b3e4-f3f9-4302-b276-fb8fd190cdf2'),('6f413ef1-72aa-4b28-a0c2-020c4412b65f','8ae458ab2d09da99012d09dc8a680007','c89555dc-710b-4ff1-a7c4-dd43f4e8f875'),('70d952bf-ffc9-47a4-acf8-f93eabee50f8','8ae458ab2d09da99012d09dc70b00003','16b31654-a31a-40ed-b385-4225a71f592c'),('71bd72f7-4097-4313-b07a-6da0d91188d4','8ae458ab2d09da99012d09dc70b00003','64da2b65-25cf-4cfa-a243-33bc39c2d7cb'),('73612bd2-9d7a-4b03-af04-7ee57e452d40','8ae458ab2d09da99012d09dc8a680007','53d3f586-298a-4db8-a739-a9e709dde9e1'),('75c02025-6b96-4a3b-ae86-50fe08100286','8ae458ab2d7aaad9012d7ac048d2002e','e2b24fb4-87bb-4128-8487-0ed40674bac8'),('761a9b03-c216-4ac4-aa45-2666864ef3af','8ae458ab2d09da99012d09dc70b00003','8a843048-5183-4fff-bc9f-b06ebd191256'),('7798962b-a09a-4e52-80b9-2da2c4e281e1','8ae458ab2d09dd9a012d09e196ae002a','bee30309-8b8e-4091-a635-744a4c815ac2'),('787852ea-5698-4fcc-af14-7968897e887f','8ae458ab2ce627aa012ce6286c350001','a34787df-a6c1-4c1b-9e76-5e673ceb2870'),('7e129dcb-d2f0-4f10-ab14-4b657dd68d0e','8ae458ab2ce627aa012ce6286c350001','e3db78e3-a3f8-40d6-8019-a33ce1249438'),('7f061a56-a989-437b-bf27-89ee6118dbaa','8ae458ab2d3283ff012d329f303e0004','72c3d7cc-b97f-45e9-b538-dc472619810b'),('7f351512-7c61-47bd-9b87-4780ab99cd74','8ae458ab2d09da99012d09dc70b00003','c24c9545-84a5-4dff-bbee-ba1481560cba'),('81c27702-ad96-410f-9848-8877ce77d390','8ae458ab2d3283ff012d329f303e0004','2bdc04cb-8fb9-456e-982a-7ef7807240f1'),('860b523b-2c04-45c3-ab5e-4dff8f318e6a','8ae458ab2d0a0416012d0a08f9bb0003','c152f204-c5ef-4e3c-9db5-93bd6137ceb8'),('88b3e895-6541-490f-ad79-b4632cf44b8e','8ae458ab2ce627aa012ce6286c350001','bc7a18a7-a7b5-4381-8ced-f28e6790c849'),('8e663276-3bdf-4c7e-89c1-45c1895a33c0','8ae458ab2d09da99012d09dc8a680007','06e2bbb3-3f53-4308-9fcd-bdc0082ab6a4'),('90a20616-1c76-42f4-9dd5-842853194138','8ae458ab2d09da99012d09dc8a680007','2de5a349-85f6-4a5e-b4d1-b118b3c94a89'),('920b4ffe-bc45-401d-a1a1-41111aab2510','8ae458ab2d3283ff012d329f303e0004','b604ec47-88d6-454e-89f5-0774e57732b8'),('9619811f-b71e-40b0-86c2-17e9ddaefdc8','8ae458ab2d09da99012d09dc70b00003','e1827afe-952a-45c9-b8b9-8e58e66fe4c9'),('972958fc-d411-4e83-8755-25a2e2071309','8ae458ab2d0a0416012d0a08f9bb0003','116bc5a2-b8fb-4c12-a6d2-ae9ffc7523e4'),('996ca172-84ae-4cfc-977c-12ebe43fdeff','8ae458ab2ce627aa012ce6286c350001','8ea9662d-50c3-4b68-b191-8951c5805462'),('9a651e11-807c-4733-afd3-b13eb4cf48ee','8ae458ab2d3283ff012d329f303e0004','ca7073d4-fa3e-4b5b-8b70-3a612ff94124'),('9a898958-9764-4b66-8ac4-89e67c3039ef','8ae458ab2ce627aa012ce6286c350001','903eb018-2652-45ae-9572-61c7cfb1274c'),('9c541762-609f-46e5-8b5c-08f77db804cb','8ae458ab2d7aaad9012d7ac048d2002e','e518c015-9644-4ce3-b62b-2e14ad3cc897'),('9f0f3aff-10aa-409a-bfaa-b739de5b2303','8ae458ab2d0a37b6012d0a3a59390005','75b78c12-dc14-4125-ad78-f70c1ade4278'),('a39ce2d2-dab5-4f53-9ee2-4c2f30f7fe4b','8ae458ab2d09da99012d09dc70b00003','5d0b2f7f-b71e-4841-85ea-472dcb3bb5e0'),('a53c8b06-2ff6-490c-97e6-43b4d354ccf6','8ae458ab2d09da99012d09dc8a680007','7e1555b9-4741-4098-a11f-29a253a11c60'),('ac0ddb96-2c8d-4156-8ae4-b35919469618','8ae458ab2d09da99012d09dc70b00003','4d449ff0-b2d1-4ebe-b7c2-dae61e4cb809'),('af6dae29-ff9c-4dd9-8191-4e4f3e7c4b27','8ae458ab2ce12264012ce123bd830007','aedbe716-a7c1-44c5-8c97-0bb9884cb16c'),('b019650b-48e9-41aa-aa51-54f6e7b45962','8ae458ab2d09dd9a012d09e17da80026','9d45dfa9-81df-4a22-8723-bef374e97296'),('b485e390-fec6-48b9-a3fa-37ef963332b1','8ae458ab2d09da99012d09dc8a680007','3557beae-2b87-4a08-9148-6798d3ec8ddf'),('b637c737-6d17-4524-ab6d-9d46e9c240ce','8ae458ab2d09da99012d09dc8a680007','25f4a358-20c0-4d2f-b387-4db15a4dd79b'),('b7308394-e642-4b1b-8b92-e0d8360cb209','8ae458ab2d09dd9a012d09e188c40028','1ef98c9a-7379-4902-95f3-552069b2e924'),('b78fd325-03ef-4efe-a1f5-543575970714','8ae458ab2d3283ff012d329f303e0004','002a2b9a-7b50-4634-9400-c3206c8f5395'),('b79a6dc3-4de8-4f74-8e47-e27ca532f1f8','8ae458ab2ce627aa012ce6286c350001','30a2790c-66eb-4338-b329-6abbb5f3dbe2'),('b7a1c239-0ead-4352-ab93-d707ba0e5b19','8ae458ab2d09da99012d09dc8a680007','79dc6eca-7169-4209-b063-cabbce4e22e0'),('b865d7cf-54fc-4492-828c-b3c5400788a0','8ae458ab2d096a1d012d096ba7550001','239f41f9-19c1-43bb-ba11-802f1816f631'),('b9e9c8c2-1ad3-439d-9018-af04077eab15','8ae458ab2d09da99012d09dc70b00003','fcf4b63d-3599-4c8e-a577-9cd53aea95f2'),('bd073886-a705-4c2e-9023-6d778fcebaee','8ae458ab2ce627aa012ce6286c350001','d5949ae0-48cc-4c89-9207-c796050f9bf5'),('bfb27b8e-3c83-4c4e-a369-bcb899accc4d','8ae458ab2d096a1d012d096ba7550001','de39eeb8-1da0-404c-8881-562af95d197d'),('c0e64e32-5c2e-46e2-81fd-869b8cf35af6','8ae458ab2d09da99012d09dc70b00003','de969fef-2367-4851-a42d-c417189acd08'),('c1288a67-140b-402e-a428-9d0a42518e32','8ae458ab2ce12264012ce123bd830007','ad3b115b-4a0b-4710-a67e-30f8aa1fab4c'),('c24d2338-071f-454d-a3d5-5728759e0c29','8ae458ab2ce12264012ce123af980005','92e4ecef-39fd-4447-9d6d-2bcaf9dcf7a3'),('c52d9113-986d-4206-93c7-f1a5a3a5e1f3','8ae458ab2d09da99012d09dc7e110005','fae4bb57-4a88-4f20-9055-8e0ac4997268'),('c5986b3b-66c6-48ae-80a5-4e5b3bc1a1a3','8ae458ab2d09da99012d09dc8a680007','a7002a0a-4cf1-4771-974b-1ba326a796e1'),('c5ed58b6-bb97-4512-9f99-06b39b9de28a','8ae458ab2ce627aa012ce6286c350001','61c3602d-6fb1-4806-a815-e5bc8c66d5a0'),('c5fd1f79-759f-48a3-a279-b134a3a50a36','8ae458ab2ce627aa012ce6286c350001','faee9794-db11-43b7-9adb-434d945282da'),('ca042954-7f98-42ee-8707-4aac19d74393','8ae458ab2d3283ff012d329f303e0004','e249237a-8832-40da-bfa9-c9e674c1e510'),('cc222816-39cd-4d89-970b-71f75ed9fc0b','8ae458ab2d09da99012d09dc8a680007','18bc3797-ceca-4abd-9948-67afc05b9576'),('d3fbdf19-b5db-4cc3-a372-e8b5d9429cde','8ae458ab2d3283ff012d329f303e0004','96770c5c-7c95-41f4-94af-fc613d052b9a'),('d908eba8-0379-488a-8da2-3da841a27b34','8ae458ab2d09da99012d09dc7e110005','3d539e71-bc63-4e30-acca-89c32be95fae'),('df817af7-ce80-4c5c-925d-72fea9f1f4eb','8ae458ab2d09da99012d09dc8a680007','7df4d31c-81ba-445b-b8c0-9586fa927fe2'),('e10cbe4a-ed1a-4119-accb-9b8e88813336','8ae458ab2d0a37b6012d0a3a59390005','ebed2da3-86b3-4764-bb9f-be29d75733cb'),('e490f023-5580-4cc5-afe0-931cdcbea7a6','8ae458ab2d09da99012d09dc7e110005','ae3632c1-78e1-4469-8416-c9a0ee077fda'),('e5b700d0-90b9-48a9-82ae-7aa87e907209','8ae458ab2d0a0416012d0a0904010005','3ea52d13-8f54-46ac-a0ba-8e68deba16f2'),('ea2c827e-8e42-4386-a139-f41d13c82746','8ae458ab2d09dd9a012d09e1a16d002c','90d42ffb-3336-410f-b703-2ff29b5e1d9d'),('ee9ec4d0-2ba8-4002-811b-81ef012036ce','8ae458ab2d096a1d012d096ba7550001','37d1fc32-f648-4888-9019-72489eaf4f42'),('ef12402a-c987-42be-8276-84f65b329f2a','8ae458ab2d09da99012d09dc8a680007','f4115e48-dd32-405d-9a9a-3fb45e1b1035'),('f16b44e9-f708-41ef-8a68-5119b23cdefb','8ae458ab2ce627aa012ce6286c350001','e4b6ab7d-a0a4-4a81-b9a1-e8050dbe5062'),('f2d84b2e-e33b-4393-8a63-832c6d9abb35','8ae458ab2d7aaad9012d7ac048d2002e','ae317087-7e4a-450a-85eb-59622c7c029b'),('f34120ff-a362-430e-91f4-fbbfd8cfd9a8','8ae458ab2d3283ff012d329f303e0004','70c1b309-7c53-45fa-a4a8-ef6c44c2c96b'),('f445bf45-7180-454a-93b6-63c325420e60','8ae458ab2d3283ff012d329f303e0004','db104994-16ad-411f-a77e-6abacd47e679'),('f45bfc62-9d5f-4375-8cd3-fad4f1cf8e83','8ae458ab2ce12264012ce123bd830007','5769af02-b1cc-48be-b7dd-798537c0b77d'),('f7f88375-1646-4e99-9036-bc4c8c208644','8ae458ab2d09da99012d09dc8a680007','767ab419-2a7e-44d8-b326-0c9a7f29330b'),('fa082202-79bf-4db0-a329-991aec3f1b20','8ae458ab2ce627aa012ce6286c350001','0c622135-31ac-4bef-ab29-837aa35d3550'),('facc99b1-59c9-4c59-81c1-251a58723f3e','8ae458ab2d09da99012d09dc70b00003','5518e041-58f4-43b5-91d7-40576439ac14'),('ff419d97-c561-4f11-a9ea-7da683bdabda','8ae458ab2ce627aa012ce6286c350001','d5cd6507-a520-4476-ad63-202808b721ec'),('ff927b1f-d769-418e-b29f-07697c7f6939','8ae458ab2d09da99012d09dc8a680007','71f774f7-068a-405e-a8a5-608cb930569a');
/*!40000 ALTER TABLE `qds_term` ENABLE KEYS */;
UNLOCK TABLES;

--
-- Table structure for table `quality_data_set`
--

DROP TABLE IF EXISTS `quality_data_set`;
/*!40101 SET @saved_cs_client     = @@character_set_client */;
/*!40101 SET character_set_client = utf8 */;
CREATE TABLE `quality_data_set` (
  `QUALITY_DATA_SET_ID` varchar(32) NOT NULL,
  `DATA_TYPE_ID` varchar(32) NOT NULL,
  `LIST_OBJECT_ID` varchar(32) NOT NULL,
  `MEASURE_ID` varchar(32) NOT NULL,
  `VERSION` varchar(32) NOT NULL,
  `OID` varchar(255) NOT NULL,
  PRIMARY KEY (`QUALITY_DATA_SET_ID`),
  KEY `QDS_DATA_TYPE_FK` (`DATA_TYPE_ID`),
  KEY `QDS_CODE_LIST_FK` (`LIST_OBJECT_ID`),
  KEY `QDS_MEASURE_ID_FK` (`MEASURE_ID`),
  CONSTRAINT `QDS_CODE_LIST_FK` FOREIGN KEY (`LIST_OBJECT_ID`) REFERENCES `list_object` (`LIST_OBJECT_ID`) ON DELETE CASCADE ON UPDATE CASCADE,
  CONSTRAINT `QDS_DATA_TYPE_FK` FOREIGN KEY (`DATA_TYPE_ID`) REFERENCES `data_type` (`DATA_TYPE_ID`) ON DELETE CASCADE ON UPDATE CASCADE,
  CONSTRAINT `QDS_MEASURE_ID_FK` FOREIGN KEY (`MEASURE_ID`) REFERENCES `measure` (`ID`) ON DELETE CASCADE ON UPDATE CASCADE
) ENGINE=InnoDB DEFAULT CHARSET=latin1;
/*!40101 SET character_set_client = @saved_cs_client */;

--
-- Dumping data for table `quality_data_set`
--

LOCK TABLES `quality_data_set` WRITE;
/*!40000 ALTER TABLE `quality_data_set` DISABLE KEYS */;
INSERT INTO `quality_data_set` VALUES ('8ae44ffa2d804ba7012d804cf6490002','91','8ae458ab2ceb6182012ceb88c1aa0004','8ae44ffa2d804ba7012d804cf6390001','1.0','17'),('8ae44ffa2d804ba7012d804cf6490003','1','8ae458ab2ceb6182012ceb8cb28b000a','8ae44ffa2d804ba7012d804cf6390001','1.0','18'),('8ae44ffa2d804ba7012d804cf6490004','16','8ae458ab2d5c723c012d5c831cd20017','8ae44ffa2d804ba7012d804cf6390001','1','24'),('8ae44ffa2d804ba7012d804cf6490005','17','8ae458ab2d5c723c012d5c831cd20017','8ae44ffa2d804ba7012d804cf6390001','1','25'),('8ae44ffa2d804ba7012d804cf6490006','18','8ae458ab2d5c723c012d5c831cd20017','8ae44ffa2d804ba7012d804cf6390001','1','26'),('8ae44ffa2d9fc0ec012d9fc2a0f00003','1','8ae458ab2ceb6182012ceb8cb28b000a','8ae44ffa2d9fc0ec012d9fc1fb390001','1','27'),('8ae44ffa2d9fc0ec012d9fc2acd70005','2','8ae458ab2d668c4f012d66936c770006','8ae44ffa2d9fc0ec012d9fc1fb390001','1','28'),('8ae44ffa2dbe4624012dbe46303d0022','1','8ae44ffa2dbe4000012dbe400b720001','8ae44ffa2d7c276c012d7c29d902003c','1.0','1'),('8ae44ffa2dbe4687012dbe46934d0022','1','8ae44ffa2dbe4000012dbe400b720001','8ae44ffa2d7c276c012d7c29d902003c','1.0','1'),('8ae44ffa2dbe471d012dbe473c40002c','1','8ae44ffa2dbe4000012dbe400b720001','8ae44ffa2d7c276c012d7c29d902003c','1.0','1'),('8ae458ab2d3283ff012d329f303e0004','91','8ae458ab2ceb6182012ceb88c1aa0004','8ae458ab2ceb6182012ceb8c4b060008','1.0','17'),('8ae458ab2d3283ff012d32a468850008','1','8ae458ab2ceb6182012ceb8cb28b000a','8ae458ab2ceb6182012ceb8c4b060008','1.0','18'),('8ae458ab2d575549012d5756766a0002','91','8ae458ab2ceb6182012ceb88c1aa0004','8ae458ab2d575549012d5756765a0001','1.0','17'),('8ae458ab2d575549012d5756766a0003','1','8ae458ab2ceb6182012ceb8cb28b000a','8ae458ab2d575549012d5756765a0001','1.0','18'),('8ae458ab2d5757cb012d575948cc0002','91','8ae458ab2ceb6182012ceb88c1aa0004','8ae458ab2d5757cb012d575948cc0001','1.0','17'),('8ae458ab2d5757cb012d575948cc0003','1','8ae458ab2ceb6182012ceb8cb28b000a','8ae458ab2d5757cb012d575948cc0001','1.0','18'),('8ae458ab2d670c40012d670e466a0002','1','8ae458ab2ceb6182012ceb8cb28b000a','8ae458ab2d668c4f012d6692dbed0002','1','22'),('8ae458ab2d670c40012d671153b30020','1','8ae458ab2d670c40012d67108a75001e','8ae458ab2d668c4f012d6692dbed0002','1','23'),('8ae458ab2d7aaad9012d7ac02b86002a','16','8ae458ab2d5c723c012d5c831cd20017','8ae458ab2ceb6182012ceb8c4b060008','1','24'),('8ae458ab2d7aaad9012d7ac03867002c','17','8ae458ab2d5c723c012d5c831cd20017','8ae458ab2ceb6182012ceb8c4b060008','1','25'),('8ae458ab2d7aaad9012d7ac048d2002e','18','8ae458ab2d5c723c012d5c831cd20017','8ae458ab2ceb6182012ceb8c4b060008','1','26');
/*!40000 ALTER TABLE `quality_data_set` ENABLE KEYS */;
UNLOCK TABLES;

--
-- Table structure for table `quality_data_set_oid_gen`
--

DROP TABLE IF EXISTS `quality_data_set_oid_gen`;
/*!40101 SET @saved_cs_client     = @@character_set_client */;
/*!40101 SET character_set_client = utf8 */;
CREATE TABLE `quality_data_set_oid_gen` (
  `OID_GEN_ID` bigint(20) NOT NULL AUTO_INCREMENT,
  PRIMARY KEY (`OID_GEN_ID`)
) ENGINE=InnoDB AUTO_INCREMENT=29 DEFAULT CHARSET=latin1;
/*!40101 SET character_set_client = @saved_cs_client */;

--
-- Dumping data for table `quality_data_set_oid_gen`
--

LOCK TABLES `quality_data_set_oid_gen` WRITE;
/*!40000 ALTER TABLE `quality_data_set_oid_gen` DISABLE KEYS */;
INSERT INTO `quality_data_set_oid_gen` VALUES (1),(2),(3),(4),(5),(6),(7),(8),(9),(10),(11),(12),(13),(14),(15),(16),(17),(18),(19),(20),(21),(22),(23),(24),(25),(26),(27),(28);
/*!40000 ALTER TABLE `quality_data_set_oid_gen` ENABLE KEYS */;
UNLOCK TABLES;

--
-- Table structure for table `security_role`
--

DROP TABLE IF EXISTS `security_role`;
/*!40101 SET @saved_cs_client     = @@character_set_client */;
/*!40101 SET character_set_client = utf8 */;
CREATE TABLE `security_role` (
  `SECURITY_ROLE_ID` varchar(32) NOT NULL,
  `DESCRIPTION` varchar(50) NOT NULL,
  PRIMARY KEY (`SECURITY_ROLE_ID`)
) ENGINE=InnoDB DEFAULT CHARSET=latin1;
/*!40101 SET character_set_client = @saved_cs_client */;

--
-- Dumping data for table `security_role`
--

LOCK TABLES `security_role` WRITE;
/*!40000 ALTER TABLE `security_role` DISABLE KEYS */;
INSERT INTO `security_role` VALUES ('1','Administrator'),('2','Super user'),('3','User');
/*!40000 ALTER TABLE `security_role` ENABLE KEYS */;
UNLOCK TABLES;

--
-- Table structure for table `share_level`
--

DROP TABLE IF EXISTS `share_level`;
/*!40101 SET @saved_cs_client     = @@character_set_client */;
/*!40101 SET character_set_client = utf8 */;
CREATE TABLE `share_level` (
  `SHARE_LEVEL_ID` varchar(32) NOT NULL,
  `DESCRIPTION` varchar(50) DEFAULT NULL,
  PRIMARY KEY (`SHARE_LEVEL_ID`)
) ENGINE=InnoDB DEFAULT CHARSET=latin1;
/*!40101 SET character_set_client = @saved_cs_client */;

--
-- Dumping data for table `share_level`
--

LOCK TABLES `share_level` WRITE;
/*!40000 ALTER TABLE `share_level` DISABLE KEYS */;
INSERT INTO `share_level` VALUES ('1','View Only'),('2','Modify');
/*!40000 ALTER TABLE `share_level` ENABLE KEYS */;
UNLOCK TABLES;

--
-- Table structure for table `static_element`
--

DROP TABLE IF EXISTS `static_element`;
/*!40101 SET @saved_cs_client     = @@character_set_client */;
/*!40101 SET character_set_client = utf8 */;
CREATE TABLE `static_element` (
  `STATIC_ELEMENT_ID` varchar(64) NOT NULL,
  `UNIT` varchar(45) NOT NULL,
  `QUANTITY` varchar(100) NOT NULL,
  PRIMARY KEY (`STATIC_ELEMENT_ID`)
) ENGINE=InnoDB DEFAULT CHARSET=latin1;
/*!40101 SET character_set_client = @saved_cs_client */;

--
-- Dumping data for table `static_element`
--

LOCK TABLES `static_element` WRITE;
/*!40000 ALTER TABLE `static_element` DISABLE KEYS */;
/*!40000 ALTER TABLE `static_element` ENABLE KEYS */;
UNLOCK TABLES;

--
-- Table structure for table `status`
--

DROP TABLE IF EXISTS `status`;
/*!40101 SET @saved_cs_client     = @@character_set_client */;
/*!40101 SET character_set_client = utf8 */;
CREATE TABLE `status` (
  `STATUS_ID` varchar(32) NOT NULL,
  `DESCRIPTION` varchar(50) NOT NULL,
  PRIMARY KEY (`STATUS_ID`)
) ENGINE=InnoDB DEFAULT CHARSET=latin1;
/*!40101 SET character_set_client = @saved_cs_client */;

--
-- Dumping data for table `status`
--

LOCK TABLES `status` WRITE;
/*!40000 ALTER TABLE `status` DISABLE KEYS */;
INSERT INTO `status` VALUES ('1','Active'),('2','Revoked');
/*!40000 ALTER TABLE `status` ENABLE KEYS */;
UNLOCK TABLES;

--
-- Table structure for table `steward_org`
--

DROP TABLE IF EXISTS `steward_org`;
/*!40101 SET @saved_cs_client     = @@character_set_client */;
/*!40101 SET character_set_client = utf8 */;
CREATE TABLE `steward_org` (
  `ID` varchar(32) NOT NULL,
  `ORG_NAME` varchar(200) NOT NULL,
  `ORG_OID` varchar(100) DEFAULT NULL,
  PRIMARY KEY (`ID`)
) ENGINE=InnoDB DEFAULT CHARSET=latin1;
/*!40101 SET character_set_client = @saved_cs_client */;

--
-- Dumping data for table `steward_org`
--

LOCK TABLES `steward_org` WRITE;
/*!40000 ALTER TABLE `steward_org` DISABLE KEYS */;
INSERT INTO `steward_org` VALUES ('1','3M Health Information Systems',''),('10','American Academy of Family Physicians',''),('11','American Academy of Orthopaedic Surgeons',''),('12','American College of Rheumatology',''),('13','American College of Surgeons',''),('14','American Medical Association - Physician Consortium for Performance Improvement',''),('15','American Nurses Association',''),('16','American Podiatric Medical Association',''),('17','American Speech-Language-Hearing Association',''),('18','Asian Liver Center at Stanford University',''),('19','Booz Allen Hamilton',''),('2','ACC/AHA Task Force on Performance Measures',''),('20','California Maternal Quality Care Collaborative',''),('21','California Nursing Outcome Coalition',''),('22','Center for Medicare & Medicaid Services',''),('23','Center for Quality Assessment and Improvement in Mental Health',''),('24','Centers for Disease Control and Prevention',''),('25','Child Health Corporation of America',''),('26','Children\'s Hospital of Philadelphia',''),('27','Christiana Care Health System',''),('28','City of New York Department of Health and Mental Hygiene',''),('29','Cleveland Clinic',''),('3','ActiveHealth Management',''),('30','CREcare',''),('31','Focus on Therapeutic Outcomes, Inc',''),('32','General Electric - Healthcare',''),('33','Harborview Medical Center',''),('34','Health Benchmarks, Inc',''),('35','HealthPartners',''),('36','Henry Ford Hospital',''),('37','Hospital Corporation of America',''),('38','Ingenix',''),('39','Institute for Clinical and Evaluative Sciences',''),('4','Agency for Healthcare Research and Quality',''),('40','Institute for Clinical Systems Improvement',''),('41','Institute for Healthcare Improvement',''),('42','Intermountain Healthcare',''),('43','Intersocietal Accreditation Comission',''),('44','IPRO',''),('45','James Whitcomb Riley Hospital for Children',''),('46','Joint Commission Resources, Inc.',''),('47','Kidney Care Quality Alliance',''),('48','Leapfrog Group',''),('49','Lifescan, A Johnson & Johnson Company',''),('5','Ambulatory Surgical Centers Quality Collaboration',''),('50','Louisiana State University',''),('51','Massachusetts General Hospital/Partners Health Care System',''),('52','MN Community Measurement',''),('53','National Association of Children\'s Hospitals and Related Institutions',''),('54','National Cancer Institute',''),('55','National Committee for Quality Assurance',''),('56','National Hospice and Palliative Care Organization',''),('57','National Initiative for Children\'s Healthcare Quality',''),('58','National Perinatal Information Center',''),('59','New York State Department of Health',''),('6','American Academy of Dermatology',''),('60','Office of Statewide Health Planning and Development',''),('61','Oregon Health & Science University',''),('62','Ortho-McNeil-Janssen Pharmaceuticals, Inc.',''),('63','PacifiCare',''),('64','Premier, Inc',''),('65','PRETest Consult, LLC',''),('66','Providence St. Vincent Medical Center',''),('67','Providence Health and Services',''),('68','RAND',''),('69','Resolution Health, Inc.',''),('7','American Academy of Pediatrics',''),('70','Society for Vascular Surgery',''),('71','Society of Thoracic Surgeons',''),('72','The Joint Commission',''),('73','United Health Group',''),('74','University of Colorado Health Sciences Center',''),('75','University of Minnesota Rural Health Research Center',''),('76','Vermont Oxford Network',''),('77','VHA, Inc.',''),('78','Wisconsin Collaborative for Healthcare Quality',''),('79','Wisconsin Department of Health and Family Services',''),('8','American College of Cardiology',''),('9','American College of Emergency Physicians','');
/*!40000 ALTER TABLE `steward_org` ENABLE KEYS */;
UNLOCK TABLES;

--
-- Table structure for table `term`
--

DROP TABLE IF EXISTS `term`;
/*!40101 SET @saved_cs_client     = @@character_set_client */;
/*!40101 SET character_set_client = utf8 */;
CREATE TABLE `term` (
  `TERM_ID` varchar(64) NOT NULL,
  `ORDER` varchar(45) NOT NULL,
  `OPERATOR_ID` varchar(64) NOT NULL,
  `NEXT_TERM_ID` varchar(64) NOT NULL,
  `STATIC_ELEMENT_ID` varchar(64) NOT NULL,
  `QDS_ELEMENT_ID` varchar(64) NOT NULL,
  PRIMARY KEY (`TERM_ID`),
  KEY `OPERATOR_ID_FK` (`OPERATOR_ID`),
  KEY `NEXT_TERM_ID_FK` (`NEXT_TERM_ID`),
  KEY `STATIC_ELEMENT_ID_FK` (`STATIC_ELEMENT_ID`),
  KEY `QDS_ELEMENT_ID_FK` (`QDS_ELEMENT_ID`),
  CONSTRAINT `NEXT_TERM_ID_FK` FOREIGN KEY (`NEXT_TERM_ID`) REFERENCES `term` (`TERM_ID`) ON DELETE CASCADE ON UPDATE CASCADE,
  CONSTRAINT `OPERATOR_ID_FK` FOREIGN KEY (`OPERATOR_ID`) REFERENCES `operator` (`OPERATOR_ID`) ON DELETE CASCADE ON UPDATE CASCADE,
  CONSTRAINT `QDS_ELEMENT_ID_FK` FOREIGN KEY (`QDS_ELEMENT_ID`) REFERENCES `qds_element` (`QDS_ELEMENT_ID`) ON DELETE CASCADE ON UPDATE CASCADE,
  CONSTRAINT `STATIC_ELEMENT_ID_FK` FOREIGN KEY (`STATIC_ELEMENT_ID`) REFERENCES `static_element` (`STATIC_ELEMENT_ID`) ON DELETE CASCADE ON UPDATE CASCADE
) ENGINE=InnoDB DEFAULT CHARSET=latin1;
/*!40101 SET character_set_client = @saved_cs_client */;

--
-- Dumping data for table `term`
--

LOCK TABLES `term` WRITE;
/*!40000 ALTER TABLE `term` DISABLE KEYS */;
/*!40000 ALTER TABLE `term` ENABLE KEYS */;
UNLOCK TABLES;

--
-- Table structure for table `user`
--

DROP TABLE IF EXISTS `user`;
/*!40101 SET @saved_cs_client     = @@character_set_client */;
/*!40101 SET character_set_client = utf8 */;
CREATE TABLE `user` (
  `USER_ID` varchar(40) NOT NULL,
  `FIRST_NAME` varchar(100) NOT NULL,
  `MIDDLE_INITIAL` varchar(45) DEFAULT NULL,
  `LAST_NAME` varchar(100) NOT NULL,
  `EMAIL_ADDRESS` varchar(254) NOT NULL,
  `PHONE_NO` varchar(45) NOT NULL,
  `TITLE` varchar(45) DEFAULT NULL,
  `TERMINATION_DATE` date DEFAULT NULL,
  `ACTIVATION_DATE` date NOT NULL,
  `SIGN_IN_DATE` timestamp NULL DEFAULT NULL,
  `SIGN_OUT_DATE` timestamp NULL DEFAULT NULL,
  `LOCKED_OUT_DATE` timestamp NULL DEFAULT NULL,
  `STATUS_ID` varchar(32) NOT NULL,
  `AUDIT_ID` varchar(32) NOT NULL,
  `SECURITY_ROLE_ID` varchar(32) NOT NULL,
  `ORGANIZATION_NAME` varchar(80) NOT NULL,
  `ORG_OID` varchar(50) NOT NULL,
  `ROOT_OID` varchar(50) NOT NULL,
  PRIMARY KEY (`USER_ID`),
  KEY `USER_SECURITY_ROLE_FK` (`SECURITY_ROLE_ID`),
  KEY `USER_AUDIT_FK` (`AUDIT_ID`),
  KEY `USER_STATUS_FK` (`STATUS_ID`),
  CONSTRAINT `USER_AUDIT_FK` FOREIGN KEY (`AUDIT_ID`) REFERENCES `audit_log` (`AUDIT_LOG_ID`) ON DELETE CASCADE ON UPDATE CASCADE,
  CONSTRAINT `USER_SECURITY_ROLE_FK` FOREIGN KEY (`SECURITY_ROLE_ID`) REFERENCES `security_role` (`SECURITY_ROLE_ID`) ON DELETE CASCADE ON UPDATE CASCADE,
  CONSTRAINT `USER_STATUS_FK` FOREIGN KEY (`STATUS_ID`) REFERENCES `status` (`STATUS_ID`) ON DELETE CASCADE ON UPDATE CASCADE
) ENGINE=InnoDB DEFAULT CHARSET=latin1;
/*!40101 SET character_set_client = @saved_cs_client */;

--
-- Dumping data for table `user`
--

LOCK TABLES `user` WRITE;
/*!40000 ALTER TABLE `user` DISABLE KEYS */;
INSERT INTO `user` VALUES ('8ae44ffa2dbde052012dbde05d370001','First',NULL,'Time','firsttimeuser','123-123-1234',NULL,NULL,'2011-01-25',NULL,NULL,NULL,'1','8ae44ffa2dbde052012dbde05d470002','1','Organization','1','root oid'),('8ae44ffa2dbe1c28012dbe1c331f0001','First',NULL,'Time','logintest','123-123-1234',NULL,NULL,'2011-01-25','2011-01-25 17:46:37',NULL,NULL,'1','8ae44ffa2dbe1c28012dbe1c331f0002','1','Organization','1','root oid'),('8ae44ffa2dbe1c28012dbe1c339c0004','First',NULL,'Time','logintest_initial','123-123-1234',NULL,NULL,'2011-01-25','2011-01-25 17:46:36',NULL,NULL,'1','8ae44ffa2dbe1c28012dbe1c339c0005','1','Organization','1','root oid'),('8ae44ffa2dbe1c28012dbe1c33cb0007','First',NULL,'Time','logintest_temp','123-123-1234',NULL,NULL,'2011-01-25','2011-01-25 17:46:36',NULL,NULL,'1','8ae44ffa2dbe1c28012dbe1c33cb0008','1','Organization','1','root oid'),('8ae44ffa2dbe1c28012dbe1c33ea000a','First',NULL,'Time','logintest_locked','123-123-1234',NULL,NULL,'2011-01-25','2011-01-25 17:24:58',NULL,'2011-01-25 17:46:36','1','8ae44ffa2dbe1c28012dbe1c33ea000b','1','Organization','1','root oid'),('8ae458ab2ceb6182012ceb88bf0a0001','Tim','','Bierbaum','tbierbau@ifmc.org','123-123-1234','',NULL,'2010-12-15','2011-01-24 21:13:42','2011-01-10 18:09:57',NULL,'1','8ae458ab2ceb6182012ceb88bf1a0002','2','1','1','1'),('8ae458ab2d52b79c012d52b82ef90001','test','','test','tim@tim.com','123-123-1231','Update a User',NULL,'2011-01-04','2011-01-12 14:46:57','2011-01-10 15:13:45',NULL,'1','8ae458ab2d52b79c012d52b82ef90002','3','1','1','1'),('8ae458ab2d61536e012d615973c80030','ed','','abobo','edabobojr@yahoo.com','123-123-1234','',NULL,'2011-01-07','2011-01-07 16:49:35','2011-01-07 16:57:25',NULL,'1','8ae458ab2d61536e012d615973c80031','3','1','1','1'),('Admin','Admin',NULL,'user','Admin','515-453-8083',NULL,NULL,'2010-10-28','2011-01-14 14:20:50','2011-01-08 17:22:05',NULL,'1','1','1','IFMC','2.16.840.1.113883.3.67','2.16.840.1.113883.3.67.1.101.1');
/*!40000 ALTER TABLE `user` ENABLE KEYS */;
UNLOCK TABLES;

--
-- Table structure for table `user_password`
--

DROP TABLE IF EXISTS `user_password`;
/*!40101 SET @saved_cs_client     = @@character_set_client */;
/*!40101 SET character_set_client = utf8 */;
CREATE TABLE `user_password` (
  `USER_PASSWORD_ID` varchar(32) NOT NULL,
  `USER_ID` varchar(40) NOT NULL,
  `PWD_LOCK_COUNTER` int(11) DEFAULT NULL,
  `FORGOT_PWD_LOCK_COUNTER` int(11) DEFAULT NULL,
  `PASSWORD` varchar(100) NOT NULL,
  `SALT` varchar(100) NOT NULL,
  `INITIAL_PWD` tinyint(1) DEFAULT '0',
  `CREATE_DATE` date NOT NULL,
  `FIRST_FAILED_ATTEMPT_TIME` timestamp NULL DEFAULT NULL,
  `TEMP_PWD` tinyint(1) DEFAULT '0',
  PRIMARY KEY (`USER_PASSWORD_ID`),
  UNIQUE KEY `USER_ID_UNIQUE` (`USER_ID`),
  KEY `PASSWORD_USER_FK` (`USER_ID`),
  CONSTRAINT `PASSWORD_USER_FK` FOREIGN KEY (`USER_ID`) REFERENCES `user` (`USER_ID`) ON DELETE CASCADE ON UPDATE CASCADE
) ENGINE=InnoDB DEFAULT CHARSET=latin1;
/*!40101 SET character_set_client = @saved_cs_client */;

--
-- Dumping data for table `user_password`
--

LOCK TABLES `user_password` WRITE;
/*!40000 ALTER TABLE `user_password` DISABLE KEYS */;
INSERT INTO `user_password` VALUES ('1','Admin',0,0,'e47b456be30459c185ddcebb92491767','bbebea51-797b-4734-b71f-646e14843bda',0,'2011-01-25','2011-01-25 16:20:56',0),('8ae44ffa2dbde052012dbde05d560003','8ae44ffa2dbde052012dbde05d370001',1,0,'acb431b81776085cd7769cd41ca36faa','6b36fffd-9043-44fe-9a99-f542ff42b44a',1,'2011-01-25','2011-01-25 16:20:57',0),('8ae44ffa2dbe1c28012dbe1c332f0003','8ae44ffa2dbe1c28012dbe1c331f0001',1,0,'d0f35688f5fcd84d69cb8124ff8bc7fa','dc7ead6c-c283-4c6f-86e0-69a4e935ab53',1,'2011-01-25','2011-01-25 17:46:36',0),('8ae44ffa2dbe1c28012dbe1c339c0006','8ae44ffa2dbe1c28012dbe1c339c0004',0,0,'f52481468597d607ca89fa4193eafd','ed0b555d-88d6-4234-9420-82b4d886a6d2',1,'2011-01-25','2011-01-25 16:57:55',0),('8ae44ffa2dbe1c28012dbe1c33cb0009','8ae44ffa2dbe1c28012dbe1c33cb0007',0,0,'532878d77daf1c8dba567185adb35cce','0f5f6862-3fe2-4f4b-bfe6-c32bec0dee7c',1,'2011-01-25','2011-01-25 16:57:56',1),('8ae44ffa2dbe1c28012dbe1c33ea000c','8ae44ffa2dbe1c28012dbe1c33ea000a',3,0,'277edad3d7aaf246341c85787f55fa0','df778fbc-67b5-4aab-a5b9-431cfa933efe',1,'2011-01-25','2011-01-25 16:57:56',0),('8ae458ab2ceb6182012ceb88bf1a0003','8ae458ab2ceb6182012ceb88bf0a0001',1,0,'a650e9f8246ef1653454e75933ac32c6','063dcf7d-b3ab-46c8-b90b-e75038f796f2',0,'2011-01-14','2011-01-14 14:23:22',0),('8ae458ab2d52b79c012d52b82ef90003','8ae458ab2d52b79c012d52b82ef90001',1,0,'expired','671629f3-ca97-4664-9a2f-2bd45e2b6d0a',0,'2011-01-07','2011-01-14 16:55:36',1),('8ae458ab2d61536e012d615973c80032','8ae458ab2d61536e012d615973c80030',0,0,'expired','51e41b16-7d4d-4aab-a661-b96e5aa1f7f6',0,'2011-01-07','2011-01-07 16:46:13',1);
/*!40000 ALTER TABLE `user_password` ENABLE KEYS */;
UNLOCK TABLES;

--
-- Table structure for table `user_security_questions`
--

DROP TABLE IF EXISTS `user_security_questions`;
/*!40101 SET @saved_cs_client     = @@character_set_client */;
/*!40101 SET character_set_client = utf8 */;
CREATE TABLE `user_security_questions` (
  `USER_ID` varchar(40) NOT NULL,
  `ROW_ID` int(11) NOT NULL,
  `QUESTION` varchar(100) NOT NULL,
  `ANSWER` varchar(100) NOT NULL,
  PRIMARY KEY (`USER_ID`,`ROW_ID`),
  KEY `SECURITY_QUES_USER_FK` (`USER_ID`),
  CONSTRAINT `SECURITY_QUES_USER_FK` FOREIGN KEY (`USER_ID`) REFERENCES `user` (`USER_ID`) ON DELETE CASCADE ON UPDATE CASCADE
) ENGINE=InnoDB DEFAULT CHARSET=latin1;
/*!40101 SET character_set_client = @saved_cs_client */;

--
-- Dumping data for table `user_security_questions`
--

LOCK TABLES `user_security_questions` WRITE;
/*!40000 ALTER TABLE `user_security_questions` DISABLE KEYS */;
INSERT INTO `user_security_questions` VALUES ('8ae458ab2ceb6182012ceb88bf0a0001',0,'What is your father\'s middle name?','name'),('8ae458ab2ceb6182012ceb88bf0a0001',1,'What was the name of your first pet?','pet'),('8ae458ab2ceb6182012ceb88bf0a0001',2,'What was the name of your first school?','school'),('8ae458ab2d52b79c012d52b82ef90001',0,'What is your father\'s middle name?','name'),('8ae458ab2d52b79c012d52b82ef90001',1,'What was the name of your first pet?','pet'),('8ae458ab2d52b79c012d52b82ef90001',2,'What was the name of your first school?','school'),('8ae458ab2d61536e012d615973c80030',0,'What is your father\'s middle name?','name'),('8ae458ab2d61536e012d615973c80030',1,'What was the name of your first pet?','pet'),('8ae458ab2d61536e012d615973c80030',2,'What was the name of your first school?','school');
/*!40000 ALTER TABLE `user_security_questions` ENABLE KEYS */;
UNLOCK TABLES;
/*!40103 SET TIME_ZONE=@OLD_TIME_ZONE */;

/*!40101 SET SQL_MODE=@OLD_SQL_MODE */;
/*!40014 SET FOREIGN_KEY_CHECKS=@OLD_FOREIGN_KEY_CHECKS */;
/*!40014 SET UNIQUE_CHECKS=@OLD_UNIQUE_CHECKS */;
/*!40101 SET CHARACTER_SET_CLIENT=@OLD_CHARACTER_SET_CLIENT */;
/*!40101 SET CHARACTER_SET_RESULTS=@OLD_CHARACTER_SET_RESULTS */;
/*!40101 SET COLLATION_CONNECTION=@OLD_COLLATION_CONNECTION */;
/*!40111 SET SQL_NOTES=@OLD_SQL_NOTES */;

-- Dump completed on 2011-02-09 13:24:04
