USE MAT_APP;
INSERT INTO `AUDIT_LOG` VALUES 
 ('8a4d92812d818fa5012d95c91be70089','2011-01-17 15:02:21','Admin',NULL,NULL,NULL,NULL,NULL,NULL,NULL);
INSERT INTO `USER` (`USER_ID`,`FIRST_NAME`,`MIDDLE_INITIAL`,`LAST_NAME`,`EMAIL_ADDRESS`,`PHONE_NO`,`TITLE`,`TERMINATION_DATE`,`ACTIVATION_DATE`,`SIGN_IN_DATE`,`SIGN_OUT_DATE`,`LOCKED_OUT_DATE`,`STATUS_ID`,`AUDIT_ID`,`SECURITY_ROLE_ID`,`ORGANIZATION_NAME`,`ORG_OID`,`ROOT_OID`) VALUES 
 ('8a4d92812d818fa5012d95c91be70088','MAT','','Admin','matadmin@qualityforum.org','202-559-9496','',NULL,'2011-01-17',NULL,NULL,NULL,'1','8a4d92812d818fa5012d95c91be70089','1','NQF','2.16.840.1.113883.3.560.4.16','2.16.840.1.113883.3.560');
INSERT INTO `user_password` VALUES 
 ('8a4d92812d818fa5012d95c91be8008a','8a4d92812d818fa5012d95c91be70088',0,0,'e1e2e1d775a80bdf3b66d118cc77b8b1','0bfd601f-6e57-48d2-84c1-4b8a90f92382',1,'2011-01-17',NULL,0);

 
INSERT INTO `AUDIT_LOG` (`AUDIT_LOG_ID`,`CREATE_DATE`,`CREATE_USER`,`UPDATE_DATE`,`UPDATE_USER`,`ACTIVITY_TYPE`,`MEASURE_ID`,`LIST_OBJECT_ID`,`CLAUSE_ID`,`QDS_ID`) VALUES 
 ('8a4d92812d818fa5012d95b32204001d','2011-01-17 14:38:20','Admin',NULL,NULL,NULL,NULL,NULL,NULL,NULL); 
INSERT INTO `USER` (`USER_ID`,`FIRST_NAME`,`MIDDLE_INITIAL`,`LAST_NAME`,`EMAIL_ADDRESS`,`PHONE_NO`,`TITLE`,`TERMINATION_DATE`,`ACTIVATION_DATE`,`SIGN_IN_DATE`,`SIGN_OUT_DATE`,`LOCKED_OUT_DATE`,`STATUS_ID`,`AUDIT_ID`,`SECURITY_ROLE_ID`,`ORGANIZATION_NAME`,`ORG_OID`,`ROOT_OID`) VALUES 
 ('8a4d92812d818fa5012d95b32204001c','Connie','','Bach','cbach@qualityforum.org','202-559-9475','',NULL,'2011-01-17',NULL,NULL,NULL,'1','8a4d92812d818fa5012d95b32204001d','3','NQF','2.16.840.1.113883.3.560.4.4','2.16.840.1.113883.3.560');
INSERT INTO `USER_PASSWORD` (`USER_PASSWORD_ID`,`USER_ID`,`PWD_LOCK_COUNTER`,`FORGOT_PWD_LOCK_COUNTER`,`PASSWORD`,`SALT`,`INITIAL_PWD`,`CREATE_DATE`,`FIRST_FAILED_ATTEMPT_TIME`,`TEMP_PWD`) VALUES 
 ('8a4d92812d818fa5012d95b32205001e','8a4d92812d818fa5012d95b32204001c',0,0,'415b3caf1fd6ed100e354ccbe7d67182','406f64ab-8774-4458-b177-63a5448c4836',1,'2011-01-17',NULL,0);
 
INSERT INTO `AUDIT_LOG` (`AUDIT_LOG_ID`,`CREATE_DATE`,`CREATE_USER`,`UPDATE_DATE`,`UPDATE_USER`,`ACTIVITY_TYPE`,`MEASURE_ID`,`LIST_OBJECT_ID`,`CLAUSE_ID`,`QDS_ID`) VALUES 
 ('8a4d92812d818fa5012d95bd33aa0065','2011-01-17 14:49:20','Admin',NULL,NULL,NULL,NULL,NULL,NULL,NULL);
INSERT INTO `USER` (`USER_ID`,`FIRST_NAME`,`MIDDLE_INITIAL`,`LAST_NAME`,`EMAIL_ADDRESS`,`PHONE_NO`,`TITLE`,`TERMINATION_DATE`,`ACTIVATION_DATE`,`SIGN_IN_DATE`,`SIGN_OUT_DATE`,`LOCKED_OUT_DATE`,`STATUS_ID`,`AUDIT_ID`,`SECURITY_ROLE_ID`,`ORGANIZATION_NAME`,`ORG_OID`,`ROOT_OID`) VALUES 
 ('8a4d92812d818fa5012d95bd33aa0064','Heidi','','Bossley','hbossley@qualityforum.org','202-599-9532','',NULL,'2011-01-17',NULL,NULL,NULL,'1','8a4d92812d818fa5012d95bd33aa0065','3','NQF','2.16.840.1.113883.3.560.4.12','2.16.840.1.113883.3.560'); 
INSERT INTO `USER_PASSWORD` (`USER_PASSWORD_ID`,`USER_ID`,`PWD_LOCK_COUNTER`,`FORGOT_PWD_LOCK_COUNTER`,`PASSWORD`,`SALT`,`INITIAL_PWD`,`CREATE_DATE`,`FIRST_FAILED_ATTEMPT_TIME`,`TEMP_PWD`) VALUES 
 ('8a4d92812d818fa5012d95bd33aa0066','8a4d92812d818fa5012d95bd33aa0064',0,0,'ee042c36d1f7045362af579050de9dd7','a5938d1d-72f2-4fdc-9eca-7f2631130ee1',1,'2011-01-17',NULL,0);
 

INSERT INTO `AUDIT_LOG` (`AUDIT_LOG_ID`,`CREATE_DATE`,`CREATE_USER`,`UPDATE_DATE`,`UPDATE_USER`,`ACTIVITY_TYPE`,`MEASURE_ID`,`LIST_OBJECT_ID`,`CLAUSE_ID`,`QDS_ID`) VALUES 
 ('8a4d92812d818fa5012d95b56732002f','2011-01-17 14:40:49','Admin',NULL,NULL,NULL,NULL,NULL,NULL,NULL);
INSERT INTO `USER` (`USER_ID`,`FIRST_NAME`,`MIDDLE_INITIAL`,`LAST_NAME`,`EMAIL_ADDRESS`,`PHONE_NO`,`TITLE`,`TERMINATION_DATE`,`ACTIVATION_DATE`,`SIGN_IN_DATE`,`SIGN_OUT_DATE`,`LOCKED_OUT_DATE`,`STATUS_ID`,`AUDIT_ID`,`SECURITY_ROLE_ID`,`ORGANIZATION_NAME`,`ORG_OID`,`ROOT_OID`) VALUES 
 ('8a4d92812d818fa5012d95b56732002e','Floyd','','Eisenberg','feisenberg@qualityforum.org','202-559-9417','',NULL,'2011-01-17',NULL,NULL,NULL,'1','8a4d92812d818fa5012d95b56732002f','2','NQF','2.16.840.1.113883.3.560.4.6','2.16.840.1.113883.3.560');
INSERT INTO `USER_PASSWORD` (`USER_PASSWORD_ID`,`USER_ID`,`PWD_LOCK_COUNTER`,`FORGOT_PWD_LOCK_COUNTER`,`PASSWORD`,`SALT`,`INITIAL_PWD`,`CREATE_DATE`,`FIRST_FAILED_ATTEMPT_TIME`,`TEMP_PWD`) VALUES 
 ('8a4d92812d818fa5012d95b567320030','8a4d92812d818fa5012d95b56732002e',2,0,'expired','939a66f3-6477-4807-9d9c-c15973b317a1',1,'2011-02-09','2011-04-06 10:47:33',1);

INSERT INTO `AUDIT_LOG` (`AUDIT_LOG_ID`,`CREATE_DATE`,`CREATE_USER`,`UPDATE_DATE`,`UPDATE_USER`,`ACTIVITY_TYPE`,`MEASURE_ID`,`LIST_OBJECT_ID`,`CLAUSE_ID`,`QDS_ID`) VALUES 
 ('8a4d92812f3b457c012f53fc000c0370','2011-04-14 07:28:34','Admin',NULL,NULL,NULL,NULL,NULL,NULL,NULL);
INSERT INTO `USER` (`USER_ID`,`FIRST_NAME`,`MIDDLE_INITIAL`,`LAST_NAME`,`EMAIL_ADDRESS`,`PHONE_NO`,`TITLE`,`TERMINATION_DATE`,`ACTIVATION_DATE`,`SIGN_IN_DATE`,`SIGN_OUT_DATE`,`LOCKED_OUT_DATE`,`STATUS_ID`,`AUDIT_ID`,`SECURITY_ROLE_ID`,`ORGANIZATION_NAME`,`ORG_OID`,`ROOT_OID`) VALUES 
 ('8a4d92812f3b457c012f53fc000c036f','Ahmed','','Haque','ahaque@qualityforum.org','202-559-9421','Senior Project Manager',NULL,'2011-04-14','2011-04-14 09:55:13',NULL,NULL,'1','8a4d92812f3b457c012f53fc000c0370','2','NQF','2.16.840.11.113883.3.560.4.17','2.16.840.1.113883.3.560');
INSERT INTO `USER_PASSWORD` (`USER_PASSWORD_ID`,`USER_ID`,`PWD_LOCK_COUNTER`,`FORGOT_PWD_LOCK_COUNTER`,`PASSWORD`,`SALT`,`INITIAL_PWD`,`CREATE_DATE`,`FIRST_FAILED_ATTEMPT_TIME`,`TEMP_PWD`) VALUES 
 ('8a4d92812f3b457c012f53fc000c0371','8a4d92812f3b457c012f53fc000c036f',0,0,'1dc32a1515846e8ac4b6f09f6e7b3ff0','858b7a81-3d29-425d-ac29-b8ccfb479a57',0,'2011-04-14',NULL,0);
INSERT INTO `USER_SECURITY_QUESTIONS` (`USER_ID`,`ROW_ID`,`QUESTION`,`ANSWER`) VALUES 
 ('8a4d92812f3b457c012f53fc000c036f',0,'What was the name of your first pet?','kumon'),
 ('8a4d92812f3b457c012f53fc000c036f',1,'What was the name of your first school?','glen hill'),
 ('8a4d92812f3b457c012f53fc000c036f',2,'In what city were you born?','chicago');
 
INSERT INTO `AUDIT_LOG` (`AUDIT_LOG_ID`,`CREATE_DATE`,`CREATE_USER`,`UPDATE_DATE`,`UPDATE_USER`,`ACTIVITY_TYPE`,`MEASURE_ID`,`LIST_OBJECT_ID`,`CLAUSE_ID`,`QDS_ID`) VALUES 
('8a4d92812d818fa5012d95b72d3d0038','2011-01-17 14:42:45','Admin',NULL,NULL,NULL,NULL,NULL,NULL,NULL);
INSERT INTO `USER` (`USER_ID`,`FIRST_NAME`,`MIDDLE_INITIAL`,`LAST_NAME`,`EMAIL_ADDRESS`,`PHONE_NO`,`TITLE`,`TERMINATION_DATE`,`ACTIVATION_DATE`,`SIGN_IN_DATE`,`SIGN_OUT_DATE`,`LOCKED_OUT_DATE`,`STATUS_ID`,`AUDIT_ID`,`SECURITY_ROLE_ID`,`ORGANIZATION_NAME`,`ORG_OID`,`ROOT_OID`) VALUES 
('8a4d92812d818fa5012d95b72d3d0037','Janette','','Heung','jheung@qualityforum.org','202-559-9499','',NULL,'2011-01-17','2011-02-23 10:23:53',NULL,NULL,'1','8a4d92812d818fa5012d95b72d3d0038','2','NQF','2.16.840.1.113883.3.560.4.7','2.16.840.1.113883.3.560');
INSERT INTO `USER_PASSWORD` (`USER_PASSWORD_ID`,`USER_ID`,`PWD_LOCK_COUNTER`,`FORGOT_PWD_LOCK_COUNTER`,`PASSWORD`,`SALT`,`INITIAL_PWD`,`CREATE_DATE`,`FIRST_FAILED_ATTEMPT_TIME`,`TEMP_PWD`) VALUES 
('8a4d92812d818fa5012d95b72d3d0039','8a4d92812d818fa5012d95b72d3d0037',1,0,'8e1ca6eaf0a33062ab647f5f7295c2ec','c8686316-5cab-4ae7-a87b-f7049075352c',0,'2011-02-22','2011-03-04 13:22:04',0);
INSERT INTO `USER_SECURITY_QUESTIONS` (`USER_ID`,`ROW_ID`,`QUESTION`,`ANSWER`) VALUES 
('8a4d92812d818fa5012d95b72d3d0037',0,'What was the name of your first pet?','ABC'),
 ('8a4d92812d818fa5012d95b72d3d0037',1,'What was the name of your first school?','DEF'),
 ('8a4d92812d818fa5012d95b72d3d0037',2,'In what city were you born?','GHI');


INSERT INTO `AUDIT_LOG` (`AUDIT_LOG_ID`,`CREATE_DATE`,`CREATE_USER`,`UPDATE_DATE`,`UPDATE_USER`,`ACTIVITY_TYPE`,`MEASURE_ID`,`LIST_OBJECT_ID`,`CLAUSE_ID`,`QDS_ID`) VALUES 
 ('8a4d92812e21ec44012e4e1b8fd60376','2011-02-22 10:02:32','Admin',NULL,NULL,NULL,NULL,NULL,NULL,NULL);
INSERT INTO `USER` (`USER_ID`,`FIRST_NAME`,`MIDDLE_INITIAL`,`LAST_NAME`,`EMAIL_ADDRESS`,`PHONE_NO`,`TITLE`,`TERMINATION_DATE`,`ACTIVATION_DATE`,`SIGN_IN_DATE`,`SIGN_OUT_DATE`,`LOCKED_OUT_DATE`,`STATUS_ID`,`AUDIT_ID`,`SECURITY_ROLE_ID`,`ORGANIZATION_NAME`,`ORG_OID`,`ROOT_OID`) VALUES 
 ('8a4d92812e21ec44012e4e1b8fd60375','Janette','','Heung','jheung@gmail.com ','202-559-9499','',NULL,'2011-02-22',NULL,NULL,NULL,'1','8a4d92812e21ec44012e4e1b8fd60376','1','NQF','2.16.840.1.113883.3.560.4.7','2.16.840.1.113883.3.560');
INSERT INTO `USER_PASSWORD` (`USER_PASSWORD_ID`,`USER_ID`,`PWD_LOCK_COUNTER`,`FORGOT_PWD_LOCK_COUNTER`,`PASSWORD`,`SALT`,`INITIAL_PWD`,`CREATE_DATE`,`FIRST_FAILED_ATTEMPT_TIME`,`TEMP_PWD`) VALUES 
 ('8a4d92812e21ec44012e4e1b8fd60377','8a4d92812e21ec44012e4e1b8fd60375',0,0,'b3e26e21f2a7030e3cbdb9477eabf0a3','3af11754-859c-4f91-98b2-2ca1d7b3620d',1,'2011-02-22',NULL,0);

INSERT INTO `AUDIT_LOG` (`AUDIT_LOG_ID`,`CREATE_DATE`,`CREATE_USER`,`UPDATE_DATE`,`UPDATE_USER`,`ACTIVITY_TYPE`,`MEASURE_ID`,`LIST_OBJECT_ID`,`CLAUSE_ID`,`QDS_ID`) VALUES 
 ('8a4d92812d818fa5012d95b8028a0041','2011-01-17 14:43:40','Admin',NULL,NULL,NULL,NULL,NULL,NULL,NULL);
INSERT INTO `USER` (`USER_ID`,`FIRST_NAME`,`MIDDLE_INITIAL`,`LAST_NAME`,`EMAIL_ADDRESS`,`PHONE_NO`,`TITLE`,`TERMINATION_DATE`,`ACTIVATION_DATE`,`SIGN_IN_DATE`,`SIGN_OUT_DATE`,`LOCKED_OUT_DATE`,`STATUS_ID`,`AUDIT_ID`,`SECURITY_ROLE_ID`,`ORGANIZATION_NAME`,`ORG_OID`,`ROOT_OID`) VALUES 
 ('8a4d92812d818fa5012d95b8028a0040','Nicole','','Kemper','nkemper@qualityforum.org','202-559-9421','',NULL,'2011-01-17',NULL,NULL,NULL,'1','8a4d92812d818fa5012d95b8028a0041','3','NQF','2.16.840.1.113883.3.560.4.8','2.16.840.1.113883.3.560');
INSERT INTO `USER_PASSWORD` (`USER_PASSWORD_ID`,`USER_ID`,`PWD_LOCK_COUNTER`,`FORGOT_PWD_LOCK_COUNTER`,`PASSWORD`,`SALT`,`INITIAL_PWD`,`CREATE_DATE`,`FIRST_FAILED_ATTEMPT_TIME`,`TEMP_PWD`) VALUES 
 ('8a4d92812d818fa5012d95b8028a0042','8a4d92812d818fa5012d95b8028a0040',0,0,'31e9df417cddbcad4006562b0e109976','8a2dd303-ff2b-42f2-bb8f-2123a2e6a8a5',1,'2011-01-17',NULL,0);

INSERT INTO `AUDIT_LOG` (`AUDIT_LOG_ID`,`CREATE_DATE`,`CREATE_USER`,`UPDATE_DATE`,`UPDATE_USER`,`ACTIVITY_TYPE`,`MEASURE_ID`,`LIST_OBJECT_ID`,`CLAUSE_ID`,`QDS_ID`) VALUES 
 ('8a4d92812d818fa5012d95be4892006e','2011-01-17 14:50:31','Admin',NULL,NULL,NULL,NULL,NULL,NULL,NULL);
INSERT INTO `USER` (`USER_ID`,`FIRST_NAME`,`MIDDLE_INITIAL`,`LAST_NAME`,`EMAIL_ADDRESS`,`PHONE_NO`,`TITLE`,`TERMINATION_DATE`,`ACTIVATION_DATE`,`SIGN_IN_DATE`,`SIGN_OUT_DATE`,`LOCKED_OUT_DATE`,`STATUS_ID`,`AUDIT_ID`,`SECURITY_ROLE_ID`,`ORGANIZATION_NAME`,`ORG_OID`,`ROOT_OID`) VALUES 
 ('8a4d92812d818fa5012d95be4892006d','Lindsay','','Lang','llang@qualityforum.org','202-559-9472','',NULL,'2011-01-17',NULL,NULL,NULL,'1','8a4d92812d818fa5012d95be4892006e','3','NQF','2.16.840.1.113883.3.560.4.13','2.16.840.1.113883.3.560');
INSERT INTO `USER_PASSWORD` (`USER_PASSWORD_ID`,`USER_ID`,`PWD_LOCK_COUNTER`,`FORGOT_PWD_LOCK_COUNTER`,`PASSWORD`,`SALT`,`INITIAL_PWD`,`CREATE_DATE`,`FIRST_FAILED_ATTEMPT_TIME`,`TEMP_PWD`) VALUES 
 ('8a4d92812d818fa5012d95be4893006f','8a4d92812d818fa5012d95be4892006d',0,0,'bae11a83862daaeaf49b634fbe2de3b6','dd4ee9e8-e2f1-480f-8495-354c9a374524',1,'2011-01-17',NULL,0);

INSERT INTO `AUDIT_LOG` (`AUDIT_LOG_ID`,`CREATE_DATE`,`CREATE_USER`,`UPDATE_DATE`,`UPDATE_USER`,`ACTIVITY_TYPE`,`MEASURE_ID`,`LIST_OBJECT_ID`,`CLAUSE_ID`,`QDS_ID`) VALUES 
 ('8a4d92812d818fa5012d95b25a840014','2011-01-17 14:37:29','Admin',NULL,NULL,NULL,NULL,NULL,NULL,NULL);
INSERT INTO `USER` (`USER_ID`,`FIRST_NAME`,`MIDDLE_INITIAL`,`LAST_NAME`,`EMAIL_ADDRESS`,`PHONE_NO`,`TITLE`,`TERMINATION_DATE`,`ACTIVATION_DATE`,`SIGN_IN_DATE`,`SIGN_OUT_DATE`,`LOCKED_OUT_DATE`,`STATUS_ID`,`AUDIT_ID`,`SECURITY_ROLE_ID`,`ORGANIZATION_NAME`,`ORG_OID`,`ROOT_OID`) VALUES 
 ('8a4d92812d818fa5012d95b25a830013','Christina','','Mandzuk','cmandzuk@qualityforum.org','202-559-9514','Research Analyst',NULL,'2011-01-17','2011-03-04 13:04:10',NULL,NULL,'1','8a4d92812d818fa5012d95b25a840014','2','NQF','2.16.840.1.113883.3.560.4.3','2.16.840.1.113883.3.560');
INSERT INTO `USER_PASSWORD` (`USER_PASSWORD_ID`,`USER_ID`,`PWD_LOCK_COUNTER`,`FORGOT_PWD_LOCK_COUNTER`,`PASSWORD`,`SALT`,`INITIAL_PWD`,`CREATE_DATE`,`FIRST_FAILED_ATTEMPT_TIME`,`TEMP_PWD`) VALUES 
 ('8a4d92812d818fa5012d95b25a890015','8a4d92812d818fa5012d95b25a830013',0,0,'expired','48663511-56ad-46f8-b9e5-e243662c7d56',0,'2011-04-29','2011-04-29 07:30:04',1);
INSERT INTO `USER_SECURITY_QUESTIONS` (`USER_ID`,`ROW_ID`,`QUESTION`,`ANSWER`) VALUES 
 ('8a4d92812d818fa5012d95b25a830013',0,'What was the name of your first pet?','Kitty'),
 ('8a4d92812d818fa5012d95b25a830013',1,'In what city were you born?','Parma'),
 ('8a4d92812d818fa5012d95b25a830013',2,'What was the name of your first school?','Arlington');

INSERT INTO `AUDIT_LOG` (`AUDIT_LOG_ID`,`CREATE_DATE`,`CREATE_USER`,`UPDATE_DATE`,`UPDATE_USER`,`ACTIVITY_TYPE`,`MEASURE_ID`,`LIST_OBJECT_ID`,`CLAUSE_ID`,`QDS_ID`) VALUES 
 ('8a4d92812d818fa5012d95ca1a700092','2011-01-17 15:03:26','Admin',NULL,NULL,NULL,NULL,NULL,NULL,NULL);
INSERT INTO `USER` (`USER_ID`,`FIRST_NAME`,`MIDDLE_INITIAL`,`LAST_NAME`,`EMAIL_ADDRESS`,`PHONE_NO`,`TITLE`,`TERMINATION_DATE`,`ACTIVATION_DATE`,`SIGN_IN_DATE`,`SIGN_OUT_DATE`,`LOCKED_OUT_DATE`,`STATUS_ID`,`AUDIT_ID`,`SECURITY_ROLE_ID`,`ORGANIZATION_NAME`,`ORG_OID`,`ROOT_OID`) VALUES 
 ('8a4d92812d818fa5012d95ca1a700091','Gmail','','Mattest','mattest2011@gmail.com','302-234-0883','Update a User',NULL,'2011-01-17',NULL,NULL,NULL,'1','8a4d92812d818fa5012d95ca1a700092','3','NQF','2.16.840.1.113883.3.560.4.17','2.16.840.1.113883.3.560');
INSERT INTO `USER_PASSWORD` (`USER_PASSWORD_ID`,`USER_ID`,`PWD_LOCK_COUNTER`,`FORGOT_PWD_LOCK_COUNTER`,`PASSWORD`,`SALT`,`INITIAL_PWD`,`CREATE_DATE`,`FIRST_FAILED_ATTEMPT_TIME`,`TEMP_PWD`) VALUES 
 ('8a4d92812d818fa5012d95ca1a700093','8a4d92812d818fa5012d95ca1a700091',0,0,'expired','62d177fc-316e-4c46-9b58-e13db8e27b1d',1,'2011-01-18',NULL,1);

INSERT INTO `AUDIT_LOG` (`AUDIT_LOG_ID`,`CREATE_DATE`,`CREATE_USER`,`UPDATE_DATE`,`UPDATE_USER`,`ACTIVITY_TYPE`,`MEASURE_ID`,`LIST_OBJECT_ID`,`CLAUSE_ID`,`QDS_ID`) VALUES 
 ('8a4d92812e5de33c012e771ca3bd0038','2011-03-02 09:08:09','Admin',NULL,NULL,NULL,NULL,NULL,NULL,NULL);
INSERT INTO `USER` (`USER_ID`,`FIRST_NAME`,`MIDDLE_INITIAL`,`LAST_NAME`,`EMAIL_ADDRESS`,`PHONE_NO`,`TITLE`,`TERMINATION_DATE`,`ACTIVATION_DATE`,`SIGN_IN_DATE`,`SIGN_OUT_DATE`,`LOCKED_OUT_DATE`,`STATUS_ID`,`AUDIT_ID`,`SECURITY_ROLE_ID`,`ORGANIZATION_NAME`,`ORG_OID`,`ROOT_OID`) VALUES 
 ('8a4d92812e5de33c012e771ca3bd0037','Chris','','Millet','cmillet@qualityforum.org','202-559-9420','',NULL,'2011-03-02','2011-05-06 11:50:34',NULL,NULL,'1','8a4d92812e5de33c012e771ca3bd0038','2','NQF','2.16.840.1.113883.3.560.4.18','2.16.840.1.113883.3.560');
INSERT INTO `USER_PASSWORD` (`USER_PASSWORD_ID`,`USER_ID`,`PWD_LOCK_COUNTER`,`FORGOT_PWD_LOCK_COUNTER`,`PASSWORD`,`SALT`,`INITIAL_PWD`,`CREATE_DATE`,`FIRST_FAILED_ATTEMPT_TIME`,`TEMP_PWD`) VALUES 
 ('8a4d92812e5de33c012e771ca3e70039','8a4d92812e5de33c012e771ca3bd0037',0,0,'6b593a1d70053949985a4bf64a79a84c','4732f6eb-ad5b-4f09-9473-d240d88cffd4',0,'2011-04-14','2011-04-14 09:45:55',0);
INSERT INTO `USER_SECURITY_QUESTIONS` (`USER_ID`,`ROW_ID`,`QUESTION`,`ANSWER`) VALUES 
 ('8a4d92812e5de33c012e771ca3bd0037',0,'What is the name of the company of your first job?','FBRNY'),
 ('8a4d92812e5de33c012e771ca3bd0037',1,'What was the make of your first car?','Hyundai'),
 ('8a4d92812e5de33c012e771ca3bd0037',2,'In what city were you born?','Brooklyn');

INSERT INTO `AUDIT_LOG` (`AUDIT_LOG_ID`,`CREATE_DATE`,`CREATE_USER`,`UPDATE_DATE`,`UPDATE_USER`,`ACTIVITY_TYPE`,`MEASURE_ID`,`LIST_OBJECT_ID`,`CLAUSE_ID`,`QDS_ID`) VALUES 
 ('8a4d92812e5de33c012e771edb460041','2011-03-02 09:10:34','Admin',NULL,NULL,NULL,NULL,NULL,NULL,NULL);
INSERT INTO `USER` (`USER_ID`,`FIRST_NAME`,`MIDDLE_INITIAL`,`LAST_NAME`,`EMAIL_ADDRESS`,`PHONE_NO`,`TITLE`,`TERMINATION_DATE`,`ACTIVATION_DATE`,`SIGN_IN_DATE`,`SIGN_OUT_DATE`,`LOCKED_OUT_DATE`,`STATUS_ID`,`AUDIT_ID`,`SECURITY_ROLE_ID`,`ORGANIZATION_NAME`,`ORG_OID`,`ROOT_OID`) VALUES 
 ('8a4d92812e5de33c012e771edb460040','Chris','','Millet','cmillet@alumni.cmu.edu','202-559-9420','',NULL,'2011-03-02','2011-04-29 07:44:12',NULL,NULL,'1','8a4d92812e5de33c012e771edb460041','1','NQF','2.16.840.1.113883.3.560.4.18','2.16.840.1.113883.3.560');
INSERT INTO `USER_PASSWORD` (`USER_PASSWORD_ID`,`USER_ID`,`PWD_LOCK_COUNTER`,`FORGOT_PWD_LOCK_COUNTER`,`PASSWORD`,`SALT`,`INITIAL_PWD`,`CREATE_DATE`,`FIRST_FAILED_ATTEMPT_TIME`,`TEMP_PWD`) VALUES 
 ('8a4d92812e5de33c012e771edb470042','8a4d92812e5de33c012e771edb460040',1,0,'66f55a616c722761fa0b36e940792114','bf835e11-a06d-482b-901e-6ecef8e2135f',0,'2011-03-04','2011-03-28 08:16:10',0);
INSERT INTO `USER_SECURITY_QUESTIONS` (`USER_ID`,`ROW_ID`,`QUESTION`,`ANSWER`) VALUES 
 ('8a4d92812e5de33c012e771edb460040',0,'What is the name of the company of your first job?','FRBNY'),
 ('8a4d92812e5de33c012e771edb460040',1,'What was the make of your first car?','Hyundai'),
 ('8a4d92812e5de33c012e771edb460040',2,'In what city were you born?','Brooklyn');

INSERT INTO `AUDIT_LOG` (`AUDIT_LOG_ID`,`CREATE_DATE`,`CREATE_USER`,`UPDATE_DATE`,`UPDATE_USER`,`ACTIVITY_TYPE`,`MEASURE_ID`,`LIST_OBJECT_ID`,`CLAUSE_ID`,`QDS_ID`) VALUES 
 ('8a4d92812d818fa5012d95bb15110053','2011-01-17 14:47:01','Admin',NULL,NULL,NULL,NULL,NULL,NULL,NULL);
INSERT INTO `USER` (`USER_ID`,`FIRST_NAME`,`MIDDLE_INITIAL`,`LAST_NAME`,`EMAIL_ADDRESS`,`PHONE_NO`,`TITLE`,`TERMINATION_DATE`,`ACTIVATION_DATE`,`SIGN_IN_DATE`,`SIGN_OUT_DATE`,`LOCKED_OUT_DATE`,`STATUS_ID`,`AUDIT_ID`,`SECURITY_ROLE_ID`,`ORGANIZATION_NAME`,`ORG_OID`,`ROOT_OID`) VALUES 
 ('8a4d92812d818fa5012d95bb15110052','Tom','','Murray','tmurray@qualityforum.org','202-559-9420','',NULL,'2011-01-17',NULL,NULL,NULL,'1','8a4d92812d818fa5012d95bb15110053','3','NQF','2.16.840.1.113883.3.560.4.10','2.16.840.1.113883.3.560');
INSERT INTO `USER_PASSWORD` (`USER_PASSWORD_ID`,`USER_ID`,`PWD_LOCK_COUNTER`,`FORGOT_PWD_LOCK_COUNTER`,`PASSWORD`,`SALT`,`INITIAL_PWD`,`CREATE_DATE`,`FIRST_FAILED_ATTEMPT_TIME`,`TEMP_PWD`) VALUES 
 ('8a4d92812d818fa5012d95bb15110054','8a4d92812d818fa5012d95bb15110052',0,0,'bd745c8d60f254ad3779781c3b3ebf71','b0b82942-8407-4653-b54d-f40feb9b3bdc',1,'2011-01-17',NULL,0);


INSERT INTO `AUDIT_LOG` (`AUDIT_LOG_ID`,`CREATE_DATE`,`CREATE_USER`,`UPDATE_DATE`,`UPDATE_USER`,`ACTIVITY_TYPE`,`MEASURE_ID`,`LIST_OBJECT_ID`,`CLAUSE_ID`,`QDS_ID`) VALUES 
 ('8a4d92812d818fa5012d95ba78b3004a','2011-01-17 14:46:21','Admin',NULL,NULL,NULL,NULL,NULL,NULL,NULL);
INSERT INTO `USER` (`USER_ID`,`FIRST_NAME`,`MIDDLE_INITIAL`,`LAST_NAME`,`EMAIL_ADDRESS`,`PHONE_NO`,`TITLE`,`TERMINATION_DATE`,`ACTIVATION_DATE`,`SIGN_IN_DATE`,`SIGN_OUT_DATE`,`LOCKED_OUT_DATE`,`STATUS_ID`,`AUDIT_ID`,`SECURITY_ROLE_ID`,`ORGANIZATION_NAME`,`ORG_OID`,`ROOT_OID`) VALUES 
 ('8a4d92812d818fa5012d95ba78b30049','Sheera','','Rosenfeld','srosenfeld@qualityforum.org','202-559-9522','',NULL,'2011-01-17',NULL,NULL,NULL,'1','8a4d92812d818fa5012d95ba78b3004a','3','NQF','2.16.840.1.113883.3.560.4.9','2.16.840.1.113883.3.560');
INSERT INTO `USER_PASSWORD` (`USER_PASSWORD_ID`,`USER_ID`,`PWD_LOCK_COUNTER`,`FORGOT_PWD_LOCK_COUNTER`,`PASSWORD`,`SALT`,`INITIAL_PWD`,`CREATE_DATE`,`FIRST_FAILED_ATTEMPT_TIME`,`TEMP_PWD`) VALUES 
 ('8a4d92812d818fa5012d95ba78b4004b','8a4d92812d818fa5012d95ba78b30049',0,0,'65780f8b218e5537ac9be987d6d32acf','020f21a8-df56-45a0-9936-02ab4b4b5c6d',1,'2011-01-17',NULL,0);

INSERT INTO `AUDIT_LOG` (`AUDIT_LOG_ID`,`CREATE_DATE`,`CREATE_USER`,`UPDATE_DATE`,`UPDATE_USER`,`ACTIVITY_TYPE`,`MEASURE_ID`,`LIST_OBJECT_ID`,`CLAUSE_ID`,`QDS_ID`) VALUES 
 ('8a4d92812d818fa5012d95bc0e72005c','2011-01-17 14:48:05','Admin',NULL,NULL,NULL,NULL,NULL,NULL,NULL);
INSERT INTO `USER` (`USER_ID`,`FIRST_NAME`,`MIDDLE_INITIAL`,`LAST_NAME`,`EMAIL_ADDRESS`,`PHONE_NO`,`TITLE`,`TERMINATION_DATE`,`ACTIVATION_DATE`,`SIGN_IN_DATE`,`SIGN_OUT_DATE`,`LOCKED_OUT_DATE`,`STATUS_ID`,`AUDIT_ID`,`SECURITY_ROLE_ID`,`ORGANIZATION_NAME`,`ORG_OID`,`ROOT_OID`) VALUES 
 ('8a4d92812d818fa5012d95bc0e71005b','Mary','','Shaffran','mshaffran@qualityforum.org','202-559-9438','',NULL,'2011-01-17',NULL,NULL,NULL,'1','8a4d92812d818fa5012d95bc0e72005c','3','NQF','2.16.840.1.113883.3.560.4.11','2.16.840.1.113883.3.560');
INSERT INTO `USER_PASSWORD` (`USER_PASSWORD_ID`,`USER_ID`,`PWD_LOCK_COUNTER`,`FORGOT_PWD_LOCK_COUNTER`,`PASSWORD`,`SALT`,`INITIAL_PWD`,`CREATE_DATE`,`FIRST_FAILED_ATTEMPT_TIME`,`TEMP_PWD`) VALUES 
 ('8a4d92812d818fa5012d95bc0e72005d','8a4d92812d818fa5012d95bc0e71005b',0,0,'393241d0d166124b9a572da98b4a99a7','c0a970f3-c2d6-44f5-8d3d-c3ebd0b84d1c',1,'2011-01-17',NULL,0);

INSERT INTO `AUDIT_LOG` (`AUDIT_LOG_ID`,`CREATE_DATE`,`CREATE_USER`,`UPDATE_DATE`,`UPDATE_USER`,`ACTIVITY_TYPE`,`MEASURE_ID`,`LIST_OBJECT_ID`,`CLAUSE_ID`,`QDS_ID`) VALUES 
 ('8a4d92812d818fa5012d95c855230080','2011-01-17 15:01:30','Admin',NULL,NULL,NULL,NULL,NULL,NULL,NULL);
INSERT INTO `USER` (`USER_ID`,`FIRST_NAME`,`MIDDLE_INITIAL`,`LAST_NAME`,`EMAIL_ADDRESS`,`PHONE_NO`,`TITLE`,`TERMINATION_DATE`,`ACTIVATION_DATE`,`SIGN_IN_DATE`,`SIGN_OUT_DATE`,`LOCKED_OUT_DATE`,`STATUS_ID`,`AUDIT_ID`,`SECURITY_ROLE_ID`,`ORGANIZATION_NAME`,`ORG_OID`,`ROOT_OID`) VALUES 
 ('8a4d92812d818fa5012d95c85523007f','MAT','','User','matuser@qualityforum.org','202-559-9496','',NULL,'2011-01-17',NULL,NULL,NULL,'1','8a4d92812d818fa5012d95c855230080','2','NQF','2.16.840.1.113883.3.560.4.15','2.16.840.1.113883.3.560');
INSERT INTO `USER_PASSWORD` (`USER_PASSWORD_ID`,`USER_ID`,`PWD_LOCK_COUNTER`,`FORGOT_PWD_LOCK_COUNTER`,`PASSWORD`,`SALT`,`INITIAL_PWD`,`CREATE_DATE`,`FIRST_FAILED_ATTEMPT_TIME`,`TEMP_PWD`) VALUES 
 ('8a4d92812d818fa5012d95c855230081','8a4d92812d818fa5012d95c85523007f',0,0,'c30b876ab80f653416cd5aac69cb6599','fd37ea1d-2936-42e2-94a1-8c4cc85e4f7d',1,'2011-01-17',NULL,0);


INSERT INTO `AUDIT_LOG` (`AUDIT_LOG_ID`,`CREATE_DATE`,`CREATE_USER`,`UPDATE_DATE`,`UPDATE_USER`,`ACTIVITY_TYPE`,`MEASURE_ID`,`LIST_OBJECT_ID`,`CLAUSE_ID`,`QDS_ID`) VALUES 
 ('8a4d92812d818fa5012d95c357030077','2011-01-17 14:56:03','Admin',NULL,NULL,NULL,NULL,NULL,NULL,NULL);
INSERT INTO `USER` (`USER_ID`,`FIRST_NAME`,`MIDDLE_INITIAL`,`LAST_NAME`,`EMAIL_ADDRESS`,`PHONE_NO`,`TITLE`,`TERMINATION_DATE`,`ACTIVATION_DATE`,`SIGN_IN_DATE`,`SIGN_OUT_DATE`,`LOCKED_OUT_DATE`,`STATUS_ID`,`AUDIT_ID`,`SECURITY_ROLE_ID`,`ORGANIZATION_NAME`,`ORG_OID`,`ROOT_OID`) VALUES 
 ('8a4d92812d818fa5012d95c357030076','Ashlie','','Wibon','awibon@qualityforum.org','202-559-9478','',NULL,'2011-01-17',NULL,NULL,NULL,'1','8a4d92812d818fa5012d95c357030077','3','NQF','2.16.840.1.113883.3.560.4.14','2.16.840.1.113883.3.560');
INSERT INTO `USER_PASSWORD` (`USER_PASSWORD_ID`,`USER_ID`,`PWD_LOCK_COUNTER`,`FORGOT_PWD_LOCK_COUNTER`,`PASSWORD`,`SALT`,`INITIAL_PWD`,`CREATE_DATE`,`FIRST_FAILED_ATTEMPT_TIME`,`TEMP_PWD`) VALUES 
 ('8a4d92812d818fa5012d95c357040078','8a4d92812d818fa5012d95c357030076',0,0,'112deeef69e9f19fc6c67ec2b807dad2','ae6dbacb-a4cc-42da-96bf-d38652bb9065',1,'2011-01-17',NULL,0);
