INSERT INTO `audit_log` VALUES  
('1', '2010-10-28 15:08:27', 'Admin', NULL, NULL, NULL, NULL, NULL, NULL, NULL),
('8a4d8c81309da15201309e461072004b', '2011-06-17 19:00:45', 'Admin', NULL, NULL, NULL, NULL, NULL, NULL, NULL),
('8a4d8c8130e5ad020130e64a71850002', '2011-06-17 19:00:45', 'Admin', NULL, NULL, NULL, NULL, NULL, NULL, NULL),
('8a4d8f812f0722b8012f073de7da0002', '2011-03-30 09:49:48', 'Admin', NULL, NULL, NULL, NULL, NULL, NULL, NULL),
('8a4d8f812f0722b8012f07415037000b', '2011-03-30 09:53:31', 'Admin', NULL, NULL, NULL, NULL, NULL, NULL, NULL),
('8a4d8f812f0722b8012f07422f980014', '2011-03-30 09:54:28', 'Admin', NULL, NULL, NULL, NULL, NULL, NULL, NULL),
('8a4d8f812f0722b8012f0742dd56001d', '2011-03-30 09:55:13', 'Admin', NULL, NULL, NULL, NULL, NULL, NULL, NULL),
('8a4d8f812f0722b8012f074574a50026', '2011-03-30 09:58:03', 'Admin', NULL, NULL, NULL, NULL, NULL, NULL, NULL),
('8a4d8f812f0722b8012f084ad7e90036', '2011-03-30 14:43:33', 'Admin', NULL, NULL, NULL, NULL, NULL, NULL, NULL),
('8a4d8f812f4ef0e7012f4fd6ea120015', '2011-04-13 12:09:35', 'Admin', NULL, NULL, NULL, NULL, NULL, NULL, NULL),
('8a4d8f812f9273c6012f932580180101', '2011-04-26 13:49:59', 'Admin', NULL, NULL, NULL, NULL, NULL, NULL, NULL),
('8a4d8f812f932a46012f937710a700b2', '2011-04-26 15:19:04', 'Admin', NULL, NULL, NULL, NULL, NULL, NULL, NULL),
('8a4d8f812f932a46012f937c698200c4', '2011-04-26 15:24:54', 'Admin', NULL, NULL, NULL, NULL, NULL, NULL, NULL),
('8a4d8f813123dd1701312422f9800014', '2011-07-13 10:34:57', 'Admin', NULL, NULL, NULL, NULL, NULL, NULL, NULL),
('8a4d8f813166c18301316701d1db00ff', '2011-06-17 19:00:45', 'Admin', NULL, NULL, NULL, NULL, NULL, NULL, NULL),
('8a4d8f813244e2490132496565fa0290', '2011-09-08 09:16:14', '8a4d8f812f9273c6012f932580180100', NULL, NULL, NULL, NULL, NULL, NULL, NULL),
('8a4d8f81324f24e201324f6915d50070', '2011-09-09 13:17:59', '8a4d8f813244e2490132496565f9028f', NULL, NULL, NULL, NULL, NULL, NULL, NULL),
('8a4d8f81326394ee01326827a22300fb', '2011-09-14 08:37:00', '8a4d8f812f0722b8012f07415036000a', NULL, NULL, NULL, NULL, NULL, NULL, NULL),
('8a4d8f81326394ee01326ea4a6d2025d', '2011-09-15 14:51:16', '8a4d8f812f0722b8012f07415036000a', NULL, NULL, NULL, NULL, NULL, NULL, NULL),
('8a4d8f8132828c7b01328379f9770199', '2011-09-19 15:56:41', '8a4d8f812f0722b8012f07415036000a', NULL, NULL, NULL, NULL, NULL, NULL, NULL),
('8a4d8f8132828c7b013283e7ce770273', '2011-09-19 17:56:39', '8a4d8f812f0722b8012f07415036000a', NULL, NULL, NULL, NULL, NULL, NULL, NULL),
('8a4d8f813284f6c3013287246d2c0013', '2011-09-20 09:01:43', '8a4d8f812f0722b8012f07415036000a', NULL, NULL, NULL, NULL, NULL, NULL, NULL),
('8a4d8f813284f6c301328725eeff0016', '2011-09-20 09:03:22', '8a4d8f812f0722b8012f07415036000a', NULL, NULL, NULL, NULL, NULL, NULL, NULL),
('8a4d8f813284f6c301328787f45300bd', '2011-09-20 10:50:26', '8a4d8f812f0722b8012f07415036000a', NULL, NULL, NULL, NULL, NULL, NULL, NULL),
('8a4d8f813284f6c30132878a55a200c2', '2011-09-20 10:53:02', '8a4d8f812f0722b8012f07415036000a', NULL, NULL, NULL, NULL, NULL, NULL, NULL),
('8a4d8f813284f6c30132878adc2b00c7', '2011-09-20 10:53:37', '8a4d8f812f0722b8012f07415036000a', NULL, NULL, NULL, NULL, NULL, NULL, NULL),
('8a4d8f81328d5b7a01328d6b763c0002', '2011-09-21 14:17:02', '8a4d8f813244e2490132496565f9028f', NULL, NULL, NULL, NULL, NULL, NULL, NULL),
('8a4d8f8132927dbb01329289f86b000a', '2011-09-22 14:08:28', '8a4d8f813244e2490132496565f9028f', NULL, NULL, NULL, NULL, NULL, NULL, NULL),
('8a4d8f8132bac0bc0132bba5120a0375', '2011-09-30 13:42:30', 'Admin', NULL, NULL, NULL, NULL, NULL, NULL, NULL),
('8a4d8f8132d18c070132d47ad3970044', '2011-10-05 09:26:51', '8a4d8f812f0722b8012f07415036000a', NULL, NULL, NULL, NULL, NULL, NULL, NULL),
('8a4d8f8132f88b860132f9de0c9200a7', '2011-10-12 15:41:11', '8a4d8f813244e2490132496565f9028f', NULL, NULL, NULL, NULL, NULL, NULL, NULL),
('8a4d8f813335fe0e01334167b6db00b5', '2011-10-26 13:04:35', '8a4d8f813244e2490132496565f9028f', NULL, NULL, NULL, NULL, NULL, NULL, NULL),
('8a4d8f81335aa4690133611b3efb08b5', '2011-11-01 16:48:55', '8a4d8f813244e2490132496565f9028f', NULL, NULL, NULL, NULL, NULL, NULL, NULL),
('8a4d8f81335aa4690133611fed3208b8', '2011-11-01 16:54:02', '8a4d8f813244e2490132496565f9028f', NULL, NULL, NULL, NULL, NULL, NULL, NULL),
('8a4d8f81335aa4690133612fbb570905', '2011-11-01 17:11:17', '8a4d8f813244e2490132496565f9028f', NULL, NULL, NULL, NULL, NULL, NULL, NULL),
('8a4d8f81335aa469013364edb7790a76', '2011-11-02 10:37:40', '8a4d8f813244e2490132496565f9028f', NULL, NULL, NULL, NULL, NULL, NULL, NULL),
('8a4d8f81335aa469013364ef46340a79', '2011-11-02 10:39:22', '8a4d8f813244e2490132496565f9028f', NULL, NULL, NULL, NULL, NULL, NULL, NULL),
('8a4d92812d818fa5012d95b25a840014', '2011-01-17 14:37:29', 'Admin', NULL, NULL, NULL, NULL, NULL, NULL, NULL),
('8a4d92812d818fa5012d95b32204001d', '2011-01-17 14:38:20', 'Admin', NULL, NULL, NULL, NULL, NULL, NULL, NULL),
('8a4d92812d818fa5012d95b56732002f', '2011-01-17 14:40:49', 'Admin', NULL, NULL, NULL, NULL, NULL, NULL, NULL),
('8a4d92812d818fa5012d95b72d3d0038', '2011-01-17 14:42:45', 'Admin', NULL, NULL, NULL, NULL, NULL, NULL, NULL),
('8a4d92812d818fa5012d95b8028a0041', '2011-01-17 14:43:40', 'Admin', NULL, NULL, NULL, NULL, NULL, NULL, NULL),
('8a4d92812d818fa5012d95ba78b3004a', '2011-01-17 14:46:21', 'Admin', NULL, NULL, NULL, NULL, NULL, NULL, NULL),
('8a4d92812d818fa5012d95bb15110053', '2011-01-17 14:47:01', 'Admin', NULL, NULL, NULL, NULL, NULL, NULL, NULL),
('8a4d92812d818fa5012d95bc0e72005c', '2011-01-17 14:48:05', 'Admin', NULL, NULL, NULL, NULL, NULL, NULL, NULL),
('8a4d92812d818fa5012d95bd33aa0065', '2011-01-17 14:49:20', 'Admin', NULL, NULL, NULL, NULL, NULL, NULL, NULL),
('8a4d92812d818fa5012d95be4892006e', '2011-01-17 14:50:31', 'Admin', NULL, NULL, NULL, NULL, NULL, NULL, NULL),
('8a4d92812d818fa5012d95c357030077', '2011-01-17 14:56:03', 'Admin', NULL, NULL, NULL, NULL, NULL, NULL, NULL),
('8a4d92812d818fa5012d95c855230080', '2011-01-17 15:01:30', 'Admin', NULL, NULL, NULL, NULL, NULL, NULL, NULL),
('8a4d92812d818fa5012d95c91be70089', '2011-01-17 15:02:21', 'Admin', NULL, NULL, NULL, NULL, NULL, NULL, NULL),
('8a4d92812d818fa5012d95ca1a700092', '2011-01-17 15:03:26', 'Admin', NULL, NULL, NULL, NULL, NULL, NULL, NULL),
('8a4d92812e21ec44012e4e1b8fd60376', '2011-02-22 10:02:32', 'Admin', NULL, NULL, NULL, NULL, NULL, NULL, NULL),
('8a4d92812e5de33c012e771ca3bd0038', '2011-03-02 09:08:09', 'Admin', NULL, NULL, NULL, NULL, NULL, NULL, NULL),
('8a4d92812e5de33c012e771edb460041', '2011-03-02 09:10:34', 'Admin', NULL, NULL, NULL, NULL, NULL, NULL, NULL),
('8a4d92812f3b457c012f53fc000c0370', '2011-04-14 07:28:34', 'Admin', NULL, NULL, NULL, NULL, NULL, NULL, NULL),
('8ae452962e3a223a012e3a2547880002', '2011-02-18 19:00:45', 'Admin', NULL, NULL, NULL, NULL, NULL, NULL, NULL),
('8ae452962e3a223a012e3a2547888882', '2011-02-18 19:00:45', 'Admin', NULL, NULL, NULL, NULL, NULL, NULL, NULL);




INSERT INTO `user` VALUES 
('8a4d8c81309da15201309e461072004a','Chad','','Brewbaker','cbrewbak@telligen.org','123-456-7890','',NULL,'2011-06-17','2011-10-13 14:50:41',NULL,NULL,'1','8a4d8c81309da15201309e461072004b','2','IFMC','3.4.3.4','3.4.3.4.444'),
('8a4d8c8130e5ad020130e64a71800001','Tod','','Hilton','thilton@telligen.org','123-456-7890','',NULL,'2011-07-01','2011-08-02 17:51:57',NULL,NULL,'1','8a4d8c8130e5ad020130e64a71850002','2','IFMC','6.5.8.4.9.3','6.5.8.4.9.3.0'),
('8a4d8f812f0722b8012f073de7d60001','Stan','','Rankins','Srankins@telligen.org','515-453-8014','',NULL,'2011-03-30','2011-11-01 15:50:50',NULL,NULL,'1','8a4d8f812f0722b8012f073de7da0002','2','IFMC','2.16.840.1.113883.3.67.1.101','2.16.840.1.113883.3.67.1.101.3'),
('8a4d8f812f0722b8012f07415036000a','Lindsey','','Wisham','LindseyWisham@gmail.com','515-453-8083','',NULL,'2011-03-30','2011-10-14 19:15:59',NULL,NULL,'1','8a4d8f812f0722b8012f07415037000b','1','IFMC','2.16.840.1.113883.3.67.1.101','2.16.840.1.113883.3.67.1.101.1'),
('8a4d8f812f0722b8012f07422f980013','Lindsey','','Wisham','LWisham@telligen.org','515-453-8083','',NULL,'2011-03-30','2011-11-01 14:57:06',NULL,NULL,'1','8a4d8f812f0722b8012f07422f980014','2','IFMC','2.16.840.1.113883.3.67.1.101','2.16.840.1.113883.3.67.1.101.5'),
('8a4d8f812f0722b8012f0742dd56001c','Julie','','Ellingson','jellingson@telligen.org','515-223-2962','','2011-09-16','2011-03-30','2011-11-02 15:50:57',NULL,NULL,'1','8a4d8f812f0722b8012f0742dd56001d','2','IFMC','2.16.840.1.113883.3.67.1.101','2.16.840.1.113883.3.67.1.101.4'),
('8a4d8f812f0722b8012f074574a50025','Grace Top Level User ','','Condon','GCondon@telligen.org','515-362-8356','Top Level User',NULL,'2011-03-30','2011-11-02 18:46:58',NULL,NULL,'1','8a4d8f812f0722b8012f074574a50026','2','IFMC','2.16.840.1.113883.3.67.1.101','2.16.840.1.113883.3.67.1.101.2'),
('8a4d8f812f0722b8012f084ad7e90035','Andrew','','Schmidt','aschmidt@telligen.org','515-555-5555','',NULL,'2011-03-30','2011-11-01 16:43:45',NULL,NULL,'1','8a4d8f812f0722b8012f084ad7e90036','2','IFMC','1.2.3.4.5','1.2.3.4.5.6'),
('8a4d8f812f4ef0e7012f4fd6ea120014','Vasant','','Marathe','VMarathe@telligen.org','515-362-8339','',NULL,'2011-04-13','2011-04-18 15:51:56',NULL,NULL,'1','8a4d8f812f4ef0e7012f4fd6ea120015','2','IFMC','1.2.2','1.2.3.4'),
('8a4d8f812f9273c6012f932580180100','GraceTopLevelAdmin','','Condon','gcondon@ifmc.sdps.org','515-362-8356','Top Level Administrator',NULL,'2011-04-26','2011-10-19 20:07:09',NULL,NULL,'1','8a4d8f812f9273c6012f932580180101','1','IFMC','1.2.3.4.5','1.2.3.4.5.6'),
('8a4d8f812f932a46012f937710a700b1','Liz','','Layman','llayman@telligen.org','515-419-6875','',NULL,'2011-04-26','2011-09-29 13:38:18',NULL,NULL,'1','8a4d8f812f932a46012f937710a700b2','2','IFMC','1.2.3.4.5','1.2.3.4.5.6'),
('8a4d8f812f932a46012f937c698200c3','GraceUser','','Condon','bgcondon@msn.com','515-362-8356','User',NULL,'2011-04-26','2011-10-06 21:33:39',NULL,NULL,'1','8a4d8f812f932a46012f937c698200c4','3','IFMC','1.2.3.4.5','1.2.3.4.5.6'),
('8a4d8f813123dd1701312422f9800013','Liz','','SDPS Regular User','llayman@ifmc.sdps.org','555-555-1234','',NULL,'2011-07-13','2011-07-15 03:04:44',NULL,NULL,'1','8a4d8f813123dd1701312422f9800014','3','IFMC','132','123'),
('8a4d8f813166c18301316701d1db00fe','MakeshTopLevelUser','','Pitchaipillai','mpitchai@telligen.org','555-555-3211','MAT Developer',NULL,'2011-07-26','2011-09-30 22:40:19',NULL,NULL,'1','8a4d8f813166c18301316701d1db00ff','2','DevelopersRUs','654321.1','654321.1.1'),
('8a4d8f813244e2490132496565f9028f','GraceTopLevelAdmin2','','Condon','bhcondon@hotmail.com','555-555-1234','Administrator',NULL,'2011-09-08','2011-11-02 15:24:42',NULL,NULL,'1','8a4d8f813244e2490132496565fa0290','1','TestersRUs','111222333','111222333.1'),
('8a4d8f81324f24e201324f6915d5006f','GraceTopLevelUser2','A','Condon','gracecondon@msn.com','555-123-4567','Second TLU',NULL,'2011-09-09','2011-10-07 19:55:31',NULL,NULL,'1','8a4d8f81324f24e201324f6915d50070','2','TestersRUs','1236541','1236541.2'),
('8a4d8f81326394ee01326827a22200fa','Stasia','','Robben','stasiarobben@hotmail.com','515-555-5555','',NULL,'2011-09-14','2011-11-01 14:25:57',NULL,NULL,'1','8a4d8f81326394ee01326827a22300fb','3','Telligen','1.2.3.4.5','1.2.3.4.5.6'),
('8a4d8f81326394ee01326ea4a6c9025c','Roberta','','Brightman','rbrightm@telligen.org','515-440-8652','Sr. Manager, Support',NULL,'2011-09-15','2011-09-19 20:54:51',NULL,NULL,'1','8a4d8f81326394ee01326ea4a6d2025d','2','Telligen','1.2.34.5','1.2.34.5.6'),
('8a4d8f8132828c7b01328379f9770198','Stan','','Rankins','jsrankins@gmail.com','515-555-5555','',NULL,'2011-09-19','2011-09-20 15:09:03',NULL,NULL,'1','8a4d8f8132828c7b01328379f9770199','3','Telligen','1.2.3.4.5','1.2.3.4.5.6'),
('8a4d8f8132828c7b013283e7ce770272','Marlene','','Mitchell','mmitchell@telligen.org','515-453-8198','Support Technician II',NULL,'2011-09-19','2011-09-20 18:07:37',NULL,NULL,'1','8a4d8f8132828c7b013283e7ce770273','2','Telligen','1.2.3.4','1.2.3.4.5'),
('8a4d8f813284f6c3013287246d2b0012','John ','','Urban','jurban@telligen.org','515-440-8650','Support Team Lead',NULL,'2011-09-20','2011-09-20 18:05:12',NULL,NULL,'1','8a4d8f813284f6c3013287246d2c0013','1','Telligen','1.2.4.5','1.2.3.4.5.6'),
('8a4d8f813284f6c301328725eeff0015','John','','Urban','jurban@ifmc.sdps.org','800-673-0655','MAT Help Desk Team Lead',NULL,'2011-09-20','2011-09-20 14:39:27',NULL,NULL,'1','8a4d8f813284f6c301328725eeff0016','2','Telligen','1.2.3.4.5','1.2.3.4.5.6'),
('8a4d8f813284f6c301328787f45300bc','Marlene','','Mitchell','marlemitch65@gmail.com','515-555-5555','',NULL,'2011-09-20','2011-09-21 13:56:12',NULL,NULL,'1','8a4d8f813284f6c301328787f45300bd','1','Telligen','1.2.3.4.5','1.2.3.4.5.6'),
('8a4d8f813284f6c30132878a55a200c1','Maria','','Hermann','mherman@telligen.org','515-555-5555','Technician III, Support Center',NULL,'2011-09-20',NULL,NULL,NULL,'1','8a4d8f813284f6c30132878a55a200c2','2','Telligen','1.2.3.4.5','1.2.3.4.5'),
('8a4d8f813284f6c30132878adc2b00c6','Maria','','Hermann','hermann.maria@gmail.com','515-555-5555','Technician III, Support Center',NULL,'2011-09-20',NULL,NULL,NULL,'1','8a4d8f813284f6c30132878adc2b00c7','1','Telligen','1.2.3.4.5','1.2.3.4.5.6'),
('8a4d8f81328d5b7a01328d6b71290001','GraceUser2','','Condon','nkodaval@telligen.org','555-555-1234','Nagesh\'s email address',NULL,'2011-09-21','2011-10-06 21:36:12',NULL,NULL,'1','8a4d8f81328d5b7a01328d6b763c0002','3','TestersRUs','12345.6.7','12345.6.7.1'),
('8a4d8f8132927dbb01329289f86b0009','Becky','','Stuva','rstuva@telligen.org','515-362-8335','Administrator',NULL,'2011-09-22','2011-09-26 16:19:05',NULL,NULL,'1','8a4d8f8132927dbb01329289f86b000a','2','Telligen','123456.7','123456.7.1'),
('8a4d8f8132bac0bc0132bba512080374','vasugi','','andavar','vandavar@telligen.org','515-440-8572','',NULL,'2011-09-30','2011-10-31 22:05:32',NULL,NULL,'1','8a4d8f8132bac0bc0132bba5120a0375','3','telligen','12233434545','1234'),
('8a4d8f8132d18c070132d47ad3970043','Anastasia','','Robben','arobben@telligen.org','515-440-8235','',NULL,'2011-10-05','2011-11-02 15:26:48',NULL,NULL,'1','8a4d8f8132d18c070132d47ad3970044','3','Telligen','1.2..4.5','1.2.3.4.5.6'),
('8a4d8f8132f88b860132f9de0c9200a6','Matt','','HumphreyTLU','MHumphrey@telligen.org','515-440-8507','TLU',NULL,'2011-10-12','2011-10-14 18:54:58',NULL,NULL,'1','8a4d8f8132f88b860132f9de0c9200a7','2','Telligen','1.2.3.4.5','1.2.3.4.5.6'),
('8a4d8f813335fe0e01334167b6db00b4','VijayTLU','','Desari','vdasari@telligen.org','515-223-2123','Top Level User',NULL,'2011-10-26',NULL,NULL,NULL,'1','8a4d8f813335fe0e01334167b6db00b5','3','Telligen','123456789','123456789.1'),
('8a4d8f81335aa4690133611b3ef808b4','MaryRegularUser','','Lamb','gcondon@telligen.org','555-555-1234','Regular',NULL,'2011-11-01','2011-11-02 19:37:21',NULL,NULL,'1','8a4d8f81335aa4690133611b3efb08b5','3','Telligen','123.123.123.1','123.123123.1.0'),
('8a4d8f81335aa4690133611fed3208b7','Matthew TLU','','Zach','mzach@telligen.org','555-555-1234','TLU',NULL,'2011-11-01','2011-11-02 13:54:07',NULL,NULL,'1','8a4d8f81335aa4690133611fed3208b8','2','Telligen','456.456.456','456.456.456.1'),
('8a4d8f81335aa4690133612fbb570904','JohnTLU','','Orosco','jorosco@telligen.org','555-555-1234','',NULL,'2011-11-01','2011-11-02 19:36:53',NULL,NULL,'1','8a4d8f81335aa4690133612fbb570905','2','Telligen','789.789','789.789'),
('8a4d8f81335aa469013364edb7790a75','Tia Regular User 1','','Miranda','tmiranda@telligen.org','555-555-1234','Regular User',NULL,'2011-11-02','2011-11-02 17:57:53',NULL,NULL,'1','8a4d8f81335aa469013364edb7790a76','3','TestersRUs','1234.1234.1234.1','1234.1234.1234'),
('8a4d8f81335aa469013364ef46340a78','Sue Regular User 2','','Gallagher','sgallagh@telligen.org','555-555-1234','Regular User 2',NULL,'2011-11-02','2011-11-02 19:49:53',NULL,NULL,'1','8a4d8f81335aa469013364ef46340a79','3','TestersRUs2','321.321.321','321.321.321.111'),
('8a4d92812d818fa5012d95b25a830013','Christina','','Mandzuk','cmandzuk@qualityforum.org','202-559-9514','Research Analyst',NULL,'2011-01-17','2011-03-04 19:04:10',NULL,NULL,'1','8a4d92812d818fa5012d95b25a840014','2','NQF','2.16.840.1.113883.3.560.4.3','2.16.840.1.113883.3.560'),
('8a4d92812d818fa5012d95b32204001c','Connie','','Bach','cbach@qualityforum.org','202-559-9475','',NULL,'2011-01-17',NULL,NULL,NULL,'1','8a4d92812d818fa5012d95b32204001d','3','NQF','2.16.840.1.113883.3.560.4.4','2.16.840.1.113883.3.560'),
('8a4d92812d818fa5012d95b56732002e','Floyd','','Eisenberg','feisenberg@qualityforum.org','202-559-9417','',NULL,'2011-01-17',NULL,NULL,NULL,'1','8a4d92812d818fa5012d95b56732002f','2','NQF','2.16.840.1.113883.3.560.4.6','2.16.840.1.113883.3.560'),
('8a4d92812d818fa5012d95b72d3d0037','Janette','','Heung','jheung@qualityforum.org','202-559-9499','',NULL,'2011-01-17','2011-02-23 16:23:53',NULL,NULL,'1','8a4d92812d818fa5012d95b72d3d0038','2','NQF','2.16.840.1.113883.3.560.4.7','2.16.840.1.113883.3.560'),
('8a4d92812d818fa5012d95b8028a0040','Nicole','','Kemper','nkemper@qualityforum.org','202-559-9421','',NULL,'2011-01-17',NULL,NULL,NULL,'1','8a4d92812d818fa5012d95b8028a0041','3','NQF','2.16.840.1.113883.3.560.4.8','2.16.840.1.113883.3.560'),
('8a4d92812d818fa5012d95ba78b30049','Sheera','','Rosenfeld','srosenfeld@qualityforum.org','202-559-9522','',NULL,'2011-01-17',NULL,NULL,NULL,'1','8a4d92812d818fa5012d95ba78b3004a','3','NQF','2.16.840.1.113883.3.560.4.9','2.16.840.1.113883.3.560'),
('8a4d92812d818fa5012d95bb15110052','Tom','','Murray','tmurray@qualityforum.org','202-559-9420','',NULL,'2011-01-17',NULL,NULL,NULL,'1','8a4d92812d818fa5012d95bb15110053','3','NQF','2.16.840.1.113883.3.560.4.10','2.16.840.1.113883.3.560'),
('8a4d92812d818fa5012d95bc0e71005b','Mary','','Shaffran','mshaffran@qualityforum.org','202-559-9438','',NULL,'2011-01-17',NULL,NULL,NULL,'1','8a4d92812d818fa5012d95bc0e72005c','3','NQF','2.16.840.1.113883.3.560.4.11','2.16.840.1.113883.3.560'),
('8a4d92812d818fa5012d95bd33aa0064','Heidi','','Bossley','hbossley@qualityforum.org','202-599-9532','',NULL,'2011-01-17',NULL,NULL,NULL,'1','8a4d92812d818fa5012d95bd33aa0065','3','NQF','2.16.840.1.113883.3.560.4.12','2.16.840.1.113883.3.560'),
('8a4d92812d818fa5012d95be4892006d','Lindsay','','Lang','llang@qualityforum.org','202-559-9472','',NULL,'2011-01-17',NULL,NULL,NULL,'1','8a4d92812d818fa5012d95be4892006e','3','NQF','2.16.840.1.113883.3.560.4.13','2.16.840.1.113883.3.560'),
('8a4d92812d818fa5012d95c357030076','Ashlie','','Wibon','awibon@qualityforum.org','202-559-9478','',NULL,'2011-01-17',NULL,NULL,NULL,'1','8a4d92812d818fa5012d95c357030077','3','NQF','2.16.840.1.113883.3.560.4.14','2.16.840.1.113883.3.560'),
('8a4d92812d818fa5012d95c85523007f','MAT','','User','matuser@qualityforum.org','202-559-9496','',NULL,'2011-01-17',NULL,NULL,NULL,'1','8a4d92812d818fa5012d95c855230080','2','NQF','2.16.840.1.113883.3.560.4.15','2.16.840.1.113883.3.560'),
('8a4d92812d818fa5012d95c91be70088','MAT','','Admin','matadmin@qualityforum.org','202-559-9496','',NULL,'2011-01-17',NULL,NULL,NULL,'1','8a4d92812d818fa5012d95c91be70089','1','NQF','2.16.840.1.113883.3.560.4.16','2.16.840.1.113883.3.560'),
('8a4d92812d818fa5012d95ca1a700091','Gmail','','Mattest','mattest2011@gmail.com','302-234-0883','Update a User',NULL,'2011-01-17',NULL,NULL,NULL,'1','8a4d92812d818fa5012d95ca1a700092','3','NQF','2.16.840.1.113883.3.560.4.17','2.16.840.1.113883.3.560'),
('8a4d92812e21ec44012e4e1b8fd60375','Janette','','Heung','jheung@gmail.com ','202-559-9499','',NULL,'2011-02-22',NULL,NULL,NULL,'1','8a4d92812e21ec44012e4e1b8fd60376','1','NQF','2.16.840.1.113883.3.560.4.7','2.16.840.1.113883.3.560'),
('8a4d92812e5de33c012e771ca3bd0037','Chris','','Millet','cmillet@qualityforum.org','202-559-9420','',NULL,'2011-03-02','2011-05-06 16:50:34',NULL,NULL,'1','8a4d92812e5de33c012e771ca3bd0038','2','NQF','2.16.840.1.113883.3.560.4.18','2.16.840.1.113883.3.560'),
('8a4d92812e5de33c012e771edb460040','Chris','','Millet','cmillet@alumni.cmu.edu','202-559-9420','',NULL,'2011-03-02','2011-04-29 12:44:12',NULL,NULL,'1','8a4d92812e5de33c012e771edb460041','1','NQF','2.16.840.1.113883.3.560.4.18','2.16.840.1.113883.3.560'),
('8a4d92812f3b457c012f53fc000c036f','Ahmed','','Haque','ahaque@qualityforum.org','202-559-9421','Senior Project Manager',NULL,'2011-04-14','2011-04-14 14:55:13',NULL,NULL,'1','8a4d92812f3b457c012f53fc000c0370','2','NQF','2.16.840.11.113883.3.560.4.17','2.16.840.1.113883.3.560'),
('8ae452962e3a223a012e3a2547880001','Vasugi','','Andavar','vandavar@telligen.org','123-456-7890','',NULL,'2011-02-18','2011-11-01 21:04:19',NULL,NULL,'1','8ae452962e3a223a012e3a2547880002','2','IFMC','1234567890','1234567890'),
('8ae452962e3a223a012e3a2547888881','Andrew','','Schmidt','notarealemail@telligen.org','123-456-7890','',NULL,'2011-02-18','2011-04-28 00:20:12',NULL,NULL,'1','8ae452962e3a223a012e3a2547888882','3','IFMC','12.34.56.78.90','12.34.56.78.90'),
('Admin','Admin',NULL,'user','Admin','515-453-8083',NULL,NULL,'2010-10-28','2011-10-03 17:41:04',NULL,NULL,'1','1','1','IFMC','2.16.840.1.113883.3.67','2.16.840.1.113883.3.67.1.101.1');



INSERT INTO `user_password` VALUES 
('1','Admin',0,0,'e47b456be30459c185ddcebb92491767','bbebea51-797b-4734-b71f-646e14843bda',0,'2011-09-13',NULL,0),
('8a4d8c81309da15201309e461073004c','8a4d8c81309da15201309e461072004a',1,0,'2e55d6ebe3aac321b299c7ab90bb7d7f','7b1a51f9-fb46-4ee9-9bf2-ea477629e67a',0,'2011-06-17','2011-09-20 03:21:11',0),
('8a4d8c8130e5ad020130e64a71950003','8a4d8c8130e5ad020130e64a71800001',0,0,'feaff933d4df1627ab01be86039d6fa','97f8d063-2569-4209-a265-b6f0fe24da0a',0,'2011-07-01',NULL,0),
('8a4d8f812f0722b8012f073de7eb0003','8a4d8f812f0722b8012f073de7d60001',2,0,'6b3f0971aa0fc575839b00307767c700','f14ea19d-24fe-4bd7-af51-c252242640e6',0,'2011-04-18','2011-11-01 15:50:27',0),
('8a4d8f812f0722b8012f0741503c000c','8a4d8f812f0722b8012f07415036000a',1,0,'f806bfdbcb99161f554e4aecf02e2a5e','6e07eb6e-b895-4f6f-ab9c-4778e9ed9fa0',0,'2011-03-30','2011-10-14 19:15:53',0),
('8a4d8f812f0722b8012f07422f990015','8a4d8f812f0722b8012f07422f980013',1,0,'80a67ad1cd44c3860f1efc16c7988719','bf34f10a-de36-4d39-8c6d-ff25a39719c4',0,'2011-03-30','2011-09-22 18:20:57',0),
('8a4d8f812f0722b8012f0742dd56001e','8a4d8f812f0722b8012f0742dd56001c',1,0,'170c3f0b556857d9984de9317421c944','0c02038d-bbb0-45b9-9310-938347d6b7d2',0,'2011-09-16','2011-09-24 21:04:44',0),
('8a4d8f812f0722b8012f074574a50027','8a4d8f812f0722b8012f074574a50025',1,0,'26d086159815941595b6ccaa8cf91e9a','822db6a7-2e69-4e28-9d22-4032d0378190',0,'2011-04-18','2011-10-25 16:24:36',0),
('8a4d8f812f0722b8012f084ad7e90037','8a4d8f812f0722b8012f084ad7e90035',1,0,'db25268f38fe2347155e3da32d2268ee','ca4cc130-1d4c-4fb0-aff7-3cc63b2e9450',0,'2011-03-30','2011-10-19 17:14:40',0),
('8a4d8f812f4ef0e7012f4fd6ea130016','8a4d8f812f4ef0e7012f4fd6ea120014',0,0,'d9afefd891ab39b795d05d0984aeff19','49f5fe3d-44eb-4d04-9e4d-a68c2dd178ae',0,'2011-04-13','2011-04-13 17:31:32',0),
('8a4d8f812f9273c6012f932580190102','8a4d8f812f9273c6012f932580180100',0,0,'f4d01c95573b8fbbe0c2e8ce92c7e6d','2bbaa40f-bf5f-41ed-8195-c1396bdc506b',0,'2011-04-26',NULL,0),
('8a4d8f812f932a46012f937710a800b3','8a4d8f812f932a46012f937710a700b1',0,0,'54b6d73aee8ff03542d1bc3aabb0af4e','0473459c-079d-403c-821d-4866369c0309',0,'2011-09-28','2011-09-28 18:21:22',0),
('8a4d8f812f932a46012f937c698200c5','8a4d8f812f932a46012f937c698200c3',0,0,'bb8d3d0fb66e7415531e28fd6e361cc4','82459443-e7b3-4e3c-8436-205cca7d14b5',0,'2011-04-26','2011-04-26 20:31:24',0),
('8a4d8f813123dd1701312422f9800015','8a4d8f813123dd1701312422f9800013',0,0,'c7a6c238c43d4e8573c11ba0d3d5fed6','31b64b6f-e65e-43fa-9399-d4880714fef6',0,'2011-07-13',NULL,0),
('8a4d8f813166c18301316701d2420010','8a4d8f813166c18301316701d1db00fe',0,0,'c7581ab711c97d1abf09aaec8f7c7276','526ee8da-5ab8-40ae-8a20-c626e77f39ee',0,'2011-08-02',NULL,0),
('8a4d8f813244e2490132496565fb0291','8a4d8f813244e2490132496565f9028f',2,0,'510c2e17987ca2e22a4e1da4a17af8f3','4861aee2-fb24-434d-9caf-c3229a58af67',0,'2011-09-09','2011-11-01 21:43:40',0),
('8a4d8f81324f24e201324f6915d60071','8a4d8f81324f24e201324f6915d5006f',1,0,'8e828bb7291f77660b8b52d5d9a54c3','ba5e58d2-292c-4ddd-8dd3-a10c481c1565',0,'2011-09-09','2011-09-17 13:52:06',0),
('8a4d8f81326394ee01326827a22400fc','8a4d8f81326394ee01326827a22200fa',1,0,'68fb236655481947f5edcf985751404e','79425b8a-70f4-4d59-90fa-dd35cf424c89',0,'2011-09-30','2011-11-01 14:23:55',0),
('8a4d8f81326394ee01326ea4a725025e','8a4d8f81326394ee01326ea4a6c9025c',0,0,'fb1fe95268340a2fb107299a4999ff17','363b0ad8-6449-48a5-9881-623f8f4860f8',0,'2011-09-19',NULL,0),
('8a4d8f8132828c7b01328379f97f019a','8a4d8f8132828c7b01328379f9770198',0,0,'583520946660e3bddc495cef05a97e86','7c2b8f6a-0e62-45da-aab9-57f561dd581d',0,'2011-09-19',NULL,0),
('8a4d8f8132828c7b013283e7ce770274','8a4d8f8132828c7b013283e7ce770272',0,0,'661edb92b3e8964c7c1e7d5f8589f876','45dd298f-055f-4d78-9446-157050a405f2',0,'2011-09-20',NULL,0),
('8a4d8f813284f6c3013287246dbd0014','8a4d8f813284f6c3013287246d2b0012',0,0,'a195334fe95214e41458db4b8cf8055c','75794ce6-d593-468c-94fe-c697d9543969',0,'2011-09-20',NULL,0),
('8a4d8f813284f6c301328725ef000017','8a4d8f813284f6c301328725eeff0015',0,0,'78b606645e742a4ac85a4aa43e68e05e','087c6cd8-0c3f-4f33-ae5b-b30f2d3c8587',0,'2011-09-20','2011-09-20 14:12:27',0),
('8a4d8f813284f6c301328787f46a00be','8a4d8f813284f6c301328787f45300bc',0,0,'9d045e36e3cad30597a43b7478391d65','e82ff07c-f1f9-4869-bbae-8c0f36bdf6b2',0,'2011-09-20',NULL,0),
('8a4d8f813284f6c30132878a55a300c3','8a4d8f813284f6c30132878a55a200c1',0,0,'dac9c7c952b715a5049f841f251298ec','5adcee28-9ae2-4dd6-9417-3dcf325f92a2',1,'2011-09-20',NULL,0),
('8a4d8f813284f6c30132878adc2b00c8','8a4d8f813284f6c30132878adc2b00c6',0,0,'96becfe5748adde0b1a294fcf9c7a7c6','c67eb7f4-0b60-4db9-8c89-e2b58ca0dbd9',1,'2011-09-20',NULL,0),
('8a4d8f81328d5b7a01328d6b78d70003','8a4d8f81328d5b7a01328d6b71290001',1,0,'c00f8c0cdb88a3449f5a66281c292eaa','e346c9c6-860c-4919-8007-e7f30d0b3dd1',0,'2011-09-21','2011-10-03 19:06:18',0),
('8a4d8f8132927dbb01329289f87a000b','8a4d8f8132927dbb01329289f86b0009',0,0,'2ef5c92a6512922371a6c4ff1fb0d8e1','37318728-e3cd-4183-bf2c-c7b6efc33539',0,'2011-09-23',NULL,0),
('8a4d8f8132bac0bc0132bba5121b0376','8a4d8f8132bac0bc0132bba512080374',0,0,'e88c7b05f2f887b1a8f85fafeed3d55','ad678087-1969-4e0c-94e8-00ad4f04669e',0,'2011-09-30','2011-09-30 18:44:28',0),
('8a4d8f8132d18c070132d47ad3980045','8a4d8f8132d18c070132d47ad3970043',1,0,'837778f71a8b11c9bef5ea3d9a10233d','f660cf4e-2eeb-4f5f-a1eb-0acb5c67e86d',0,'2011-10-06','2011-11-01 13:40:29',0),
('8a4d8f8132f88b860132f9de0c9400a8','8a4d8f8132f88b860132f9de0c9200a6',0,0,'773ecff28abf24a0940e7d7da08297f','a231a4a8-ef88-4690-918b-6a17a0fd0b6a',0,'2011-10-14',NULL,0),
('8a4d8f813335fe0e01334167b6dc00b6','8a4d8f813335fe0e01334167b6db00b4',0,0,'expired','1a0f22dc-fd0d-4230-be05-3de5a2242a43',1,'2011-10-26',NULL,1),
('8a4d8f81335aa4690133611b3eff08b6','8a4d8f81335aa4690133611b3ef808b4',0,0,'b98c7c44b90bde2fbd45b581552e6c25','15e8b8ad-4eef-4e38-9091-f1221fee199c',0,'2011-11-01','2011-11-01 23:23:16',0),
('8a4d8f81335aa4690133611fed3308b9','8a4d8f81335aa4690133611fed3208b7',0,0,'85b342f80265b4a64e65f59f95c56eec','40214ef2-31f1-48c9-926c-7cf649a0b3d3',0,'2011-11-02','2011-11-01 22:15:13',0),
('8a4d8f81335aa4690133612fbb580906','8a4d8f81335aa4690133612fbb570904',0,0,'d6596e6d73d15f63c336219fe734a099','382944f9-36d3-4761-a07f-43f97caa8b1a',0,'2011-11-01',NULL,0),
('8a4d8f81335aa469013364edb7790a77','8a4d8f81335aa469013364edb7790a75',0,0,'bbf84fe0b816fc84f628dea78ee7763d','1f1a8fab-c58f-4266-b3fc-2cca6ad477b1',0,'2011-11-02',NULL,0),
('8a4d8f81335aa469013364ef46340a7a','8a4d8f81335aa469013364ef46340a78',0,0,'d0402bbfba5a0fe1d10a4be9f508e8d9','fa219d34-70cc-41a8-b4ff-5b6f93f4bc81',0,'2011-11-02',NULL,0),
('8a4d92812d818fa5012d95b25a890015','8a4d92812d818fa5012d95b25a830013',0,0,'expired','48663511-56ad-46f8-b9e5-e243662c7d56',0,'2011-04-29','2011-04-29 12:30:04',1),
('8a4d92812d818fa5012d95b32205001e','8a4d92812d818fa5012d95b32204001c',0,0,'415b3caf1fd6ed100e354ccbe7d67182','406f64ab-8774-4458-b177-63a5448c4836',1,'2011-01-17',NULL,0),
('8a4d92812d818fa5012d95b567320030','8a4d92812d818fa5012d95b56732002e',2,0,'expired','939a66f3-6477-4807-9d9c-c15973b317a1',1,'2011-02-09','2011-04-06 15:47:33',1),
('8a4d92812d818fa5012d95b72d3d0039','8a4d92812d818fa5012d95b72d3d0037',1,0,'8e1ca6eaf0a33062ab647f5f7295c2ec','c8686316-5cab-4ae7-a87b-f7049075352c',0,'2011-02-22','2011-03-04 19:22:04',0),
('8a4d92812d818fa5012d95b8028a0042','8a4d92812d818fa5012d95b8028a0040',0,0,'31e9df417cddbcad4006562b0e109976','8a2dd303-ff2b-42f2-bb8f-2123a2e6a8a5',1,'2011-01-17',NULL,0),
('8a4d92812d818fa5012d95ba78b4004b','8a4d92812d818fa5012d95ba78b30049',0,0,'65780f8b218e5537ac9be987d6d32acf','020f21a8-df56-45a0-9936-02ab4b4b5c6d',1,'2011-01-17',NULL,0),
('8a4d92812d818fa5012d95bb15110054','8a4d92812d818fa5012d95bb15110052',0,0,'bd745c8d60f254ad3779781c3b3ebf71','b0b82942-8407-4653-b54d-f40feb9b3bdc',1,'2011-01-17',NULL,0),
('8a4d92812d818fa5012d95bc0e72005d','8a4d92812d818fa5012d95bc0e71005b',0,0,'393241d0d166124b9a572da98b4a99a7','c0a970f3-c2d6-44f5-8d3d-c3ebd0b84d1c',1,'2011-01-17',NULL,0),
('8a4d92812d818fa5012d95bd33aa0066','8a4d92812d818fa5012d95bd33aa0064',0,0,'ee042c36d1f7045362af579050de9dd7','a5938d1d-72f2-4fdc-9eca-7f2631130ee1',1,'2011-01-17',NULL,0),
('8a4d92812d818fa5012d95be4893006f','8a4d92812d818fa5012d95be4892006d',0,0,'bae11a83862daaeaf49b634fbe2de3b6','dd4ee9e8-e2f1-480f-8495-354c9a374524',1,'2011-01-17',NULL,0),
('8a4d92812d818fa5012d95c357040078','8a4d92812d818fa5012d95c357030076',0,0,'112deeef69e9f19fc6c67ec2b807dad2','ae6dbacb-a4cc-42da-96bf-d38652bb9065',1,'2011-01-17',NULL,0),
('8a4d92812d818fa5012d95c855230081','8a4d92812d818fa5012d95c85523007f',0,0,'c30b876ab80f653416cd5aac69cb6599','fd37ea1d-2936-42e2-94a1-8c4cc85e4f7d',1,'2011-01-17',NULL,0),
('8a4d92812d818fa5012d95ca1a700093','8a4d92812d818fa5012d95ca1a700091',0,0,'expired','62d177fc-316e-4c46-9b58-e13db8e27b1d',1,'2011-01-18',NULL,1),
('8a4d92812e21ec44012e4e1b8fd60377','8a4d92812e21ec44012e4e1b8fd60375',0,0,'b3e26e21f2a7030e3cbdb9477eabf0a3','3af11754-859c-4f91-98b2-2ca1d7b3620d',1,'2011-02-22',NULL,0),
('8a4d92812e5de33c012e771ca3e70039','8a4d92812e5de33c012e771ca3bd0037',0,0,'6b593a1d70053949985a4bf64a79a84c','4732f6eb-ad5b-4f09-9473-d240d88cffd4',0,'2011-04-14','2011-04-14 14:45:55',0),
('8a4d92812e5de33c012e771edb470042','8a4d92812e5de33c012e771edb460040',1,0,'66f55a616c722761fa0b36e940792114','bf835e11-a06d-482b-901e-6ecef8e2135f',0,'2011-03-04','2011-03-28 13:16:10',0),
('8a4d92812f3b457c012f53fc000c0371','8a4d92812f3b457c012f53fc000c036f',0,0,'1dc32a1515846e8ac4b6f09f6e7b3ff0','858b7a81-3d29-425d-ac29-b8ccfb479a57',0,'2011-04-14',NULL,0),
('8ae452962e3a223a012e3a2547980003','8ae452962e3a223a012e3a2547880001',1,0,'315482296b67381c671959c47f5ac727','7975792b-2d8b-44a3-9f7c-aa5df2d98c5d',0,'2011-04-14','2011-09-20 03:24:30',0),
('8ae452962e3a223a012e3a2547988883','8ae452962e3a223a012e3a2547888881',1,0,'db25268f38fe2347155e3da32d2268ee','ca4cc130-1d4c-4fb0-aff7-3cc63b2e9450',0,'2011-04-14','2011-04-27 23:30:53',0);




INSERT INTO `user_security_questions` VALUES 
('8a4d8c81309da15201309e461072004a',0,'What is your father\'s middle name?','adf'),
('8a4d8c81309da15201309e461072004a',1,'What was the name of your first pet?','adfdd'),
('8a4d8c81309da15201309e461072004a',2,'What was the name of your first school?','adf'),
('8a4d8c8130e5ad020130e64a71800001',0,'In what city were you born?','IFMC'),
('8a4d8c8130e5ad020130e64a71800001',1,'What is your father\'s middle name?','IFMC'),
('8a4d8c8130e5ad020130e64a71800001',2,'What is the name of the company of your first job?','IFMC'),
('8a4d8f812f0722b8012f073de7d60001',0,'What is your father\'s middle name?','Stanley'),
('8a4d8f812f0722b8012f073de7d60001',1,'What was the name of your first pet?','Tiger'),
('8a4d8f812f0722b8012f073de7d60001',2,'In what city were you born?','Kokomo'),
('8a4d8f812f0722b8012f07415036000a',0,'What was the name of your first school?','John Glenn'),
('8a4d8f812f0722b8012f07415036000a',1,'What is the name of the company of your first job?','Omnium'),
('8a4d8f812f0722b8012f07415036000a',2,'What was the make of your first car?','Jeep'),
('8a4d8f812f0722b8012f07422f980013',0,'What was the name of your first school?','John Glenn'),
('8a4d8f812f0722b8012f07422f980013',1,'What is the name of the company of your first job?','Omnium'),
('8a4d8f812f0722b8012f07422f980013',2,'What was the make of your first car?','Jeep'),
('8a4d8f812f0722b8012f0742dd56001c',0,'What is your father\'s middle name?','William'),
('8a4d8f812f0722b8012f0742dd56001c',1,'What was the name of your first pet?','Toby'),
('8a4d8f812f0722b8012f0742dd56001c',2,'In what city were you born?','Des Moines'),
('8a4d8f812f0722b8012f074574a50025',0,'What was the name of your first pet?','pet'),
('8a4d8f812f0722b8012f074574a50025',1,'What is your father\'s middle name?','name'),
('8a4d8f812f0722b8012f074574a50025',2,'In what city were you born?','born'),
('8a4d8f812f0722b8012f084ad7e90035',0,'What is your father\'s middle name?','blah1'),
('8a4d8f812f0722b8012f084ad7e90035',1,'What was the name of your first pet?','blah2'),
('8a4d8f812f0722b8012f084ad7e90035',2,'What was the name of your first school?','blah3'),
('8a4d8f812f4ef0e7012f4fd6ea120014',0,'What is your father\'s middle name?','test1'),
('8a4d8f812f4ef0e7012f4fd6ea120014',1,'What was the name of your first pet?','test2'),
('8a4d8f812f4ef0e7012f4fd6ea120014',2,'What was the name of your first school?','test4'),
('8a4d8f812f9273c6012f932580180100',0,'What is your father\'s middle name?','name'),
('8a4d8f812f9273c6012f932580180100',1,'What was the name of your first pet?','pet'),
('8a4d8f812f9273c6012f932580180100',2,'What was the name of your first school?','school'),
('8a4d8f812f932a46012f937710a700b1',0,'What is your father\'s middle name?','Merle'),
('8a4d8f812f932a46012f937710a700b1',1,'What was the name of your first pet?','Patches'),
('8a4d8f812f932a46012f937710a700b1',2,'In what city were you born?','Beaufort'),
('8a4d8f812f932a46012f937c698200c3',0,'What is your father\'s middle name?','name'),
('8a4d8f812f932a46012f937c698200c3',1,'What was the name of your first pet?','pet'),
('8a4d8f812f932a46012f937c698200c3',2,'What was the name of your first school?','school'),
('8a4d8f813123dd1701312422f9800013',0,'What is your father\'s middle name?','Merle'),
('8a4d8f813123dd1701312422f9800013',1,'What was the name of your first pet?','Patches'),
('8a4d8f813123dd1701312422f9800013',2,'In what city were you born?','Beaufort'),
('8a4d8f813166c18301316701d1db00fe',0,'What was the name of your first pet?','aaaa'),
('8a4d8f813166c18301316701d1db00fe',1,'What was the name of your first school?','bbbb'),
('8a4d8f813166c18301316701d1db00fe',2,'What is the name of the company of your first job?','cccc'),
('8a4d8f813244e2490132496565f9028f',0,'What is your father\'s middle name?','name'),
('8a4d8f813244e2490132496565f9028f',1,'What was the name of your first pet?','pet'),
('8a4d8f813244e2490132496565f9028f',2,'What was the name of your first school?','school'),
('8a4d8f81324f24e201324f6915d5006f',0,'What is your father\'s middle name?','name'),
('8a4d8f81324f24e201324f6915d5006f',1,'What was the name of your first pet?','pet'),
('8a4d8f81324f24e201324f6915d5006f',2,'What was the name of your first school?','school'),
('8a4d8f81326394ee01326827a22200fa',0,'What was the name of your first school?','Mease'),
('8a4d8f81326394ee01326827a22200fa',1,'In what city were you born?','Naples'),
('8a4d8f81326394ee01326827a22200fa',2,'What was the make of your first car?','Chevy'),
('8a4d8f81326394ee01326ea4a6c9025c',0,'What is your father\'s middle name?','Jean'),
('8a4d8f81326394ee01326ea4a6c9025c',1,'In what city were you born?','Orange City'),
('8a4d8f81326394ee01326ea4a6c9025c',2,'What was the name of your first school?','Floyd Valley'),
('8a4d8f8132828c7b01328379f9770198',0,'What is your father\'s middle name?','Stanley'),
('8a4d8f8132828c7b01328379f9770198',1,'What was the name of your first school?','Roosevelt'),
('8a4d8f8132828c7b01328379f9770198',2,'What was the name of your first pet?','Tiger'),
('8a4d8f8132828c7b013283e7ce770272',0,'What is your father\'s middle name?','Carl'),
('8a4d8f8132828c7b013283e7ce770272',1,'In what city were you born?','Centerville'),
('8a4d8f8132828c7b013283e7ce770272',2,'What was the make of your first car?','Ford LTD II'),
('8a4d8f813284f6c3013287246d2b0012',0,'What is your father\'s middle name?','Joseph'),
('8a4d8f813284f6c3013287246d2b0012',1,'In what city were you born?','Detroit'),
('8a4d8f813284f6c3013287246d2b0012',2,'What was the make of your first car?','Camaro'),
('8a4d8f813284f6c301328725eeff0015',0,'What is your father\'s middle name?','Joseph'),
('8a4d8f813284f6c301328725eeff0015',1,'In what city were you born?','Detroit'),
('8a4d8f813284f6c301328725eeff0015',2,'What was the make of your first car?','Camaro'),
('8a4d8f813284f6c301328787f45300bc',0,'What is your father\'s middle name?','Carl'),
('8a4d8f813284f6c301328787f45300bc',1,'In what city were you born?','Centerville'),
('8a4d8f813284f6c301328787f45300bc',2,'What was the make of your first car?','Ford LTD II'),
('8a4d8f81328d5b7a01328d6b71290001',0,'In what city were you born?','born'),
('8a4d8f81328d5b7a01328d6b71290001',1,'What was the make of your first car?','car'),
('8a4d8f81328d5b7a01328d6b71290001',2,'What is the name of the company of your first job?','job'),
('8a4d8f8132927dbb01329289f86b0009',0,'What is your father\'s middle name?','Bruce'),
('8a4d8f8132927dbb01329289f86b0009',1,'In what city were you born?','Fontanelle'),
('8a4d8f8132927dbb01329289f86b0009',2,'What is the name of the company of your first job?','Creston Hospital'),
('8a4d8f8132bac0bc0132bba512080374',0,'In what city were you born?','vellore'),
('8a4d8f8132bac0bc0132bba512080374',1,'What was the make of your first car?','honda'),
('8a4d8f8132bac0bc0132bba512080374',2,'What is the name of the company of your first job?','ifmc'),
('8a4d8f8132d18c070132d47ad3970043',0,'What was the name of your first school?','Mease'),
('8a4d8f8132d18c070132d47ad3970043',1,'In what city were you born?','Naples'),
('8a4d8f8132d18c070132d47ad3970043',2,'What was the make of your first car?','Malibu'),
('8a4d8f8132f88b860132f9de0c9200a6',0,'What is your father\'s middle name?','Craig'),
('8a4d8f8132f88b860132f9de0c9200a6',1,'What was the name of your first pet?','Jessica'),
('8a4d8f8132f88b860132f9de0c9200a6',2,'In what city were you born?','Burlington'),
('8a4d8f81335aa4690133611b3ef808b4',0,'What is your father\'s middle name?','name'),
('8a4d8f81335aa4690133611b3ef808b4',1,'What was the name of your first pet?','pet'),
('8a4d8f81335aa4690133611b3ef808b4',2,'What was the name of your first school?','school'),
('8a4d8f81335aa4690133611fed3208b7',0,'What is your father\'s middle name?','name'),
('8a4d8f81335aa4690133611fed3208b7',1,'What was the name of your first pet?','pet'),
('8a4d8f81335aa4690133611fed3208b7',2,'What is the name of the company of your first job?','job'),
('8a4d8f81335aa4690133612fbb570904',0,'What is your father\'s middle name?','name'),
('8a4d8f81335aa4690133612fbb570904',1,'What was the name of your first pet?','pet'),
('8a4d8f81335aa4690133612fbb570904',2,'What was the name of your first school?','school'),
('8a4d8f81335aa469013364edb7790a75',0,'In what city were you born?','born'),
('8a4d8f81335aa469013364edb7790a75',1,'What was the make of your first car?','car'),
('8a4d8f81335aa469013364edb7790a75',2,'What is the name of the company of your first job?','job'),
('8a4d8f81335aa469013364ef46340a78',0,'What is your father\'s middle name?','name'),
('8a4d8f81335aa469013364ef46340a78',1,'What was the name of your first pet?','pet'),
('8a4d8f81335aa469013364ef46340a78',2,'What was the name of your first school?','school'),
('8a4d92812d818fa5012d95b25a830013',0,'What was the name of your first pet?','Kitty'),
('8a4d92812d818fa5012d95b25a830013',1,'In what city were you born?','Parma'),
('8a4d92812d818fa5012d95b25a830013',2,'What was the name of your first school?','Arlington'),
('8a4d92812d818fa5012d95b72d3d0037',0,'What was the name of your first pet?','ABC'),
('8a4d92812d818fa5012d95b72d3d0037',1,'What was the name of your first school?','DEF'),
('8a4d92812d818fa5012d95b72d3d0037',2,'In what city were you born?','GHI'),
('8a4d92812e5de33c012e771ca3bd0037',0,'What is the name of the company of your first job?','FBRNY'),
('8a4d92812e5de33c012e771ca3bd0037',1,'What was the make of your first car?','Hyundai'),
('8a4d92812e5de33c012e771ca3bd0037',2,'In what city were you born?','Brooklyn'),
('8a4d92812e5de33c012e771edb460040',0,'What is the name of the company of your first job?','FRBNY'),
('8a4d92812e5de33c012e771edb460040',1,'What was the make of your first car?','Hyundai'),
('8a4d92812e5de33c012e771edb460040',2,'In what city were you born?','Brooklyn'),
('8a4d92812f3b457c012f53fc000c036f',0,'What was the name of your first pet?','kumon'),
('8a4d92812f3b457c012f53fc000c036f',1,'What was the name of your first school?','glen hill'),
('8a4d92812f3b457c012f53fc000c036f',2,'In what city were you born?','chicago'),
('8ae452962e3a223a012e3a2547880001',0,'What is your father\'s middle name?','blah1'),
('8ae452962e3a223a012e3a2547880001',1,'What was the name of your first pet?','blah2'),
('8ae452962e3a223a012e3a2547880001',2,'What was the name of your first school?','blah3'),
('8ae452962e3a223a012e3a2547888881',0,'What is your father\'s middle name?','blah1'),
('8ae452962e3a223a012e3a2547888881',1,'What was the name of your first pet?','blah2'),
('8ae452962e3a223a012e3a2547888881',2,'What was the name of your first school?','blah3'),
('8a4d8f813335fe0e01334167b6db00b4',0,'What was the name of your first pet?','testp'),
('8a4d8f813335fe0e01334167b6db00b4',1,'What was the name of your first school?','tests'),
('8a4d8f813335fe0e01334167b6db00b4',2,'What was the make of your first car?','testc'),
('Admin',0,'What is your father\'s middle name?','blah1'),
('Admin',1,'What was the name of your first pet?','blah2'),
('Admin',2,'What was the name of your first school?','blah3');