USE MAT_APP;
INSERT INTO `AUDIT_LOG` (`AUDIT_LOG_ID`,`CREATE_DATE`,`CREATE_USER`,`UPDATE_DATE`,`UPDATE_USER`,`ACTIVITY_TYPE`,`MEASURE_ID`,`LIST_OBJECT_ID`,`CLAUSE_ID`,`QDS_ID`) VALUES 
('8a4d8f812f0722b8012f073de7da0002','2011-03-30 09:49:48','Admin',NULL,NULL,NULL,NULL,NULL,NULL,NULL),
('8a4d8f812f0722b8012f07415037000b','2011-03-30 09:53:31','Admin',NULL,NULL,NULL,NULL,NULL,NULL,NULL),
('8a4d8f812f0722b8012f07422f980014','2011-03-30 09:54:28','Admin',NULL,NULL,NULL,NULL,NULL,NULL,NULL),
('8a4d8f812f0722b8012f0742dd56001d','2011-03-30 09:55:13','Admin',NULL,NULL,NULL,NULL,NULL,NULL,NULL),
('8a4d8f812f0722b8012f074574a50026','2011-03-30 09:58:03','Admin',NULL,NULL,NULL,NULL,NULL,NULL,NULL),
('8a4d8f812f4ef0e7012f4fd6ea120015','2011-04-13 12:09:35','Admin',NULL,NULL,NULL,NULL,NULL,NULL,NULL);
INSERT INTO `USER` (`USER_ID`,`FIRST_NAME`,`MIDDLE_INITIAL`,`LAST_NAME`,`EMAIL_ADDRESS`,`PHONE_NO`,`TITLE`,`TERMINATION_DATE`,`ACTIVATION_DATE`,`SIGN_IN_DATE`,`SIGN_OUT_DATE`,`LOCKED_OUT_DATE`,`STATUS_ID`,`AUDIT_ID`,`SECURITY_ROLE_ID`,`ORGANIZATION_NAME`,`ORG_OID`,`ROOT_OID`) VALUES 
 ('8a4d8f812f0722b8012f073de7d60001','Stan','','Rankins','Srankins@ifmc.org','515-453-8014','',NULL,'2011-03-30','2011-04-26 15:42:52',NULL,NULL,'1','8a4d8f812f0722b8012f073de7da0002','2','IFMC','2.16.840.1.113883.3.67.1.101','2.16.840.1.113883.3.67.1.101.3'),
 ('8a4d8f812f0722b8012f07415036000a','Lindsey','','Wisham','LindseyWisham@gmail.com','515-453-8083','',NULL,'2011-03-30','2011-04-26 14:57:05',NULL,NULL,'1','8a4d8f812f0722b8012f07415037000b','1','IFMC','2.16.840.1.113883.3.67.1.101','2.16.840.1.113883.3.67.1.101.1'),
 ('8a4d8f812f0722b8012f07422f980013','Lindsey','','Wisham','LWisham@ifmc.org','515-453-8083','',NULL,'2011-03-30','2011-04-25 14:29:32',NULL,NULL,'1','8a4d8f812f0722b8012f07422f980014','2','IFMC','2.16.840.1.113883.3.67.1.101','2.16.840.1.113883.3.67.1.101.5'),
 ('8a4d8f812f0722b8012f0742dd56001c','Julie','','Bennett','JBennett@ifmc.org','515-223-2962','',NULL,'2011-03-30','2011-04-22 10:12:08',NULL,NULL,'1','8a4d8f812f0722b8012f0742dd56001d','2','IFMC','2.16.840.1.113883.3.67.1.101','2.16.840.1.113883.3.67.1.101.4'),
 ('8a4d8f812f0722b8012f074574a50025','Grace Top Level User ','','Condon','GCondon@ifmc.org','515-362-8356','Top Level User',NULL,'2011-03-30','2011-04-27 11:00:33',NULL,NULL,'1','8a4d8f812f0722b8012f074574a50026','2','IFMC','2.16.840.1.113883.3.67.1.101','2.16.840.1.113883.3.67.1.101.2'),
 ('8a4d8f812f4ef0e7012f4fd6ea120014','Vasant','','Marathe','VMarathe@ifmc.org','515-362-8339','',NULL,'2011-04-13','2011-04-18 10:51:56',NULL,NULL,'1','8a4d8f812f4ef0e7012f4fd6ea120015','2','IFMC','1.2.2','1.2.3.4');
INSERT INTO `AUDIT_LOG` (`AUDIT_LOG_ID`,`CREATE_DATE`,`CREATE_USER`,`UPDATE_DATE`,`UPDATE_USER`,`ACTIVITY_TYPE`,`MEASURE_ID`,`LIST_OBJECT_ID`,`CLAUSE_ID`,`QDS_ID`) VALUES

('8a4d8f812f9273c6012f932580180101','2011-04-26 13:49:59','8a4d8f812f0722b8012f07415036000a',NULL,NULL,NULL,NULL,NULL,NULL,NULL);

INSERT INTO `USER` (`USER_ID`,`FIRST_NAME`,`MIDDLE_INITIAL`,`LAST_NAME`,`EMAIL_ADDRESS`,`PHONE_NO`,`TITLE`,`TERMINATION_DATE`,`ACTIVATION_DATE`,`SIGN_IN_DATE`,`SIGN_OUT_DATE`,`LOCKED_OUT_DATE`,`STATUS_ID`,`AUDIT_ID`,`SECURITY_ROLE_ID`,`ORGANIZATION_NAME`,`ORG_OID`,`ROOT_OID`) VALUES

('8a4d8f812f9273c6012f932580180100','GraceTopLevelAdmin','','Condon','gcondon@ifmc.sdps.org','515-362-8356','Top Level Administrator',NULL,'2011-04-26','2011-04-27 09:56:54',NULL,NULL,'1','8a4d8f812f9273c6012f932580180101','1','IFMC','1.2.3.4.5','1.2.3.4.5.6');

INSERT INTO `AUDIT_LOG` (`AUDIT_LOG_ID`,`CREATE_DATE`,`CREATE_USER`,`UPDATE_DATE`,`UPDATE_USER`,`ACTIVITY_TYPE`,`MEASURE_ID`,`LIST_OBJECT_ID`,`CLAUSE_ID`,`QDS_ID`) VALUES
('8a4d8f812f932a46012f937710a700b2','2011-04-26 15:19:04','8a4d8f812f9273c6012f932580180100',NULL,NULL,NULL,NULL,NULL,NULL,NULL),
('8a4d8f812f932a46012f9379856e00bb','2011-04-26 15:21:45','8a4d8f812f9273c6012f932580180100',NULL,NULL,NULL,NULL,NULL,NULL,NULL),
('8a4d8f812f932a46012f937c698200c4','2011-04-26 15:24:54','8a4d8f812f9273c6012f932580180100',NULL,NULL,NULL,NULL,NULL,NULL,NULL);

INSERT INTO `USER` (`USER_ID`,`FIRST_NAME`,`MIDDLE_INITIAL`,`LAST_NAME`,`EMAIL_ADDRESS`,`PHONE_NO`,`TITLE`,`TERMINATION_DATE`,`ACTIVATION_DATE`,`SIGN_IN_DATE`,`SIGN_OUT_DATE`,`LOCKED_OUT_DATE`,`STATUS_ID`,`AUDIT_ID`,`SECURITY_ROLE_ID`,`ORGANIZATION_NAME`,`ORG_OID`,`ROOT_OID`) VALUES
 ('8a4d8f812f932a46012f937710a700b1','Liz','','Layman','llayman@ifmc.org','515-419-6875','',NULL,'2011-04-26',NULL,NULL,NULL,'1','8a4d8f812f932a46012f937710a700b2','2','IFMC','1.2.3.4.5','1.2.3.4.5.6'),
 ('8a4d8f812f932a46012f9379856e00ba','Anastasia ','','Robben','arobben@ifmc.org','515-440-8235','',NULL,'2011-04-26',NULL,NULL,NULL,'1','8a4d8f812f932a46012f9379856e00bb','2','IFMC','1.2.3.4.5','1.2.3.4.5.6'),
 ('8a4d8f812f932a46012f937c698200c3','GraceUser','','Condon','bgcondon@msn.com','515-362-8356','User',NULL,'2011-04-26','2011-04-26 15:32:06',NULL,NULL,'1','8a4d8f812f932a46012f937c698200c4','3','IFMC','1.2.3.4.5','1.2.3.4.5.6');

INSERT INTO `USER_PASSWORD` (`USER_PASSWORD_ID`,`USER_ID`,`PWD_LOCK_COUNTER`,`FORGOT_PWD_LOCK_COUNTER`,`PASSWORD`,`SALT`,`INITIAL_PWD`,`CREATE_DATE`,`FIRST_FAILED_ATTEMPT_TIME`,`TEMP_PWD`) VALUES 
 ('8a4d8f812f0722b8012f073de7eb0003','8a4d8f812f0722b8012f073de7d60001',1,0,'6b3f0971aa0fc575839b00307767c700','f14ea19d-24fe-4bd7-af51-c252242640e6',0,'2011-04-18','2011-04-22 14:33:09',0),
 ('8a4d8f812f0722b8012f0741503c000c','8a4d8f812f0722b8012f07415036000a',1,0,'f806bfdbcb99161f554e4aecf02e2a5e','6e07eb6e-b895-4f6f-ab9c-4778e9ed9fa0',0,'2011-03-30','2011-04-19 09:21:57',0),
 ('8a4d8f812f0722b8012f07422f990015','8a4d8f812f0722b8012f07422f980013',1,0,'80a67ad1cd44c3860f1efc16c7988719','bf34f10a-de36-4d39-8c6d-ff25a39719c4',0,'2011-03-30','2011-04-19 09:33:51',0),
 ('8a4d8f812f0722b8012f0742dd56001e','8a4d8f812f0722b8012f0742dd56001c',1,0,'82c98f57b24142d83fe3e50ff46a47b2','9c589340-8c98-4538-a581-f30b862c8443',0,'2011-03-30','2011-04-19 11:45:52',0),
 ('8a4d8f812f0722b8012f074574a50027','8a4d8f812f0722b8012f074574a50025',1,0,'26d086159815941595b6ccaa8cf91e9a','822db6a7-2e69-4e28-9d22-4032d0378190',0,'2011-04-18','2011-04-26 13:32:44',0),
 
 ('8a4d8f812f4ef0e7012f4fd6ea130016','8a4d8f812f4ef0e7012f4fd6ea120014',0,0,'d9afefd891ab39b795d05d0984aeff19','49f5fe3d-44eb-4d04-9e4d-a68c2dd178ae',0,'2011-04-13','2011-04-13 12:31:32',0),
 ('8a4d8f812f9273c6012f932580190102','8a4d8f812f9273c6012f932580180100',0,0,'f4d01c95573b8fbbe0c2e8ce92c7e6d','2bbaa40f-bf5f-41ed-8195-c1396bdc506b',0,'2011-04-26',NULL,0),
 ('8a4d8f812f932a46012f937710a800b3','8a4d8f812f932a46012f937710a700b1',0,0,'416466f31f540ae63ba08952749bd86a','64ab1878-6485-4de1-8d59-526eb2e40792',1,'2011-04-26',NULL,0),
 ('8a4d8f812f932a46012f9379856e00bc','8a4d8f812f932a46012f9379856e00ba',0,0,'35b6f24d2571b9537dd57a4b5f39442e','7464fc6e-5196-4027-84eb-72f82d43bde8',1,'2011-04-26',NULL,0),
 ('8a4d8f812f932a46012f937c698200c5','8a4d8f812f932a46012f937c698200c3',0,0,'bb8d3d0fb66e7415531e28fd6e361cc4','82459443-e7b3-4e3c-8436-205cca7d14b5',0,'2011-04-26','2011-04-26 15:31:24',0);

INSERT INTO `USER_SECURITY_QUESTIONS` (`USER_ID`,`ROW_ID`,`QUESTION`,`ANSWER`) VALUES 
 ('8a4d8f812f0722b8012f073de7d60001',0,'What is your father\'s middle name?','Stanley'),
 ('8a4d8f812f0722b8012f073de7d60001',1,'What was the name of your first pet?','Tiger'),
 ('8a4d8f812f0722b8012f073de7d60001',2,'In what city were you born?','Kokomo'),
 ('8a4d8f812f0722b8012f07415036000a',0,'What was the name of your first school?','John Glenn'),
 ('8a4d8f812f0722b8012f07415036000a',1,'What is the name of the company of your first job?','Omnium'),
 ('8a4d8f812f0722b8012f07415036000a',2,'What was the make of your first car?','Jeep'),
 ('8a4d8f812f0722b8012f07422f980013',0,'What was the name of your first school?','John Glenn'),
 ('8a4d8f812f0722b8012f07422f980013',1,'What is the name of the company of your first job?','Omnium'),
 ('8a4d8f812f0722b8012f07422f980013',2,'What was the make of your first car?','Jeep'),
 ('8a4d8f812f0722b8012f0742dd56001c',0,'What is your father\'s middle name?','William'),
 ('8a4d8f812f0722b8012f0742dd56001c',1,'What was the name of your first pet?','Toby'),
 ('8a4d8f812f0722b8012f0742dd56001c',2,'In what city were you born?','Des Moines'),
 ('8a4d8f812f0722b8012f074574a50025',0,'What was the name of your first pet?','pet'),
 ('8a4d8f812f0722b8012f074574a50025',1,'What is your father\'s middle name?','name'),
 ('8a4d8f812f0722b8012f074574a50025',2,'In what city were you born?','born'),

 ('8a4d8f812f4ef0e7012f4fd6ea120014',0,'What is your father\'s middle name?','test1'),
 ('8a4d8f812f4ef0e7012f4fd6ea120014',1,'What was the name of your first pet?','test2'),
 ('8a4d8f812f4ef0e7012f4fd6ea120014',2,'What was the name of your first school?','test4'),
 ('8a4d8f812f9273c6012f932580180100',0,'What is your father\'s middle name?','name'),
 ('8a4d8f812f9273c6012f932580180100',1,'What was the name of your first pet?','pet'),
 ('8a4d8f812f9273c6012f932580180100',2,'What was the name of your first school?','school'),
 ('8a4d8f812f932a46012f937c698200c3',0,'What is your father\'s middle name?','name'),
 ('8a4d8f812f932a46012f937c698200c3',1,'What was the name of your first pet?','pet'),
 ('8a4d8f812f932a46012f937c698200c3',2,'What was the name of your first school?','school');

 INSERT INTO `LIST_OBJECT` (`LIST_OBJECT_ID`,`VERSION`,`NAME`,`STEWARD`,`OID`,`RATIONALE`,`COMMENT`,`OBJECT_STATUS_ID`,`OBJECT_OWNER`,`CATEGORY_ID`,`CODE_SYS_VERSION`,`CODE_SYSTEM_ID`,`MEASURE_ID`) VALUES 
 ('8a4d8f812f0722b8012f073dea320004','1','Measurement Period','80','1.01','N/A',NULL,'2','8a4d8f812f0722b8012f073de7d60001','22','1','60',NULL),
 ('8a4d8f812f0722b8012f073dea600006','1','Measurement Start Date','80','1.02','N/A',NULL,'2','8a4d8f812f0722b8012f073de7d60001','22','1','60',NULL),
 ('8a4d8f812f0722b8012f073dec3e0008','1','Measurement End Date','80','1.03','N/A',NULL,'2','8a4d8f812f0722b8012f073de7d60001','22','1','60',NULL),
 ('8a4d8f812f0722b8012f074151cf000d','1','Measurement Period','80','1.04','N/A',NULL,'2','8a4d8f812f0722b8012f07415036000a','22','1','60',NULL),
 ('8a4d8f812f0722b8012f074151e7000f','1','Measurement Start Date','80','1.05','N/A',NULL,'2','8a4d8f812f0722b8012f07415036000a','22','1','60',NULL),
 ('8a4d8f812f0722b8012f074152040011','1','Measurement End Date','80','1.06','N/A',NULL,'2','8a4d8f812f0722b8012f07415036000a','22','1','60',NULL),
 ('8a4d8f812f0722b8012f074231120016','1','Measurement Period','80','1.07','N/A',NULL,'2','8a4d8f812f0722b8012f07422f980013','22','1','60',NULL),
 ('8a4d8f812f0722b8012f074231580018','1','Measurement Start Date','80','1.08','N/A',NULL,'2','8a4d8f812f0722b8012f07422f980013','22','1','60',NULL),
 ('8a4d8f812f0722b8012f07423178001a','1','Measurement End Date','80','1.09','N/A',NULL,'2','8a4d8f812f0722b8012f07422f980013','22','1','60',NULL),
 ('8a4d8f812f0722b8012f0742ded4001f','1','Measurement Period','80','1.10','N/A',NULL,'2','8a4d8f812f0722b8012f0742dd56001c','22','1','60',NULL),
 ('8a4d8f812f0722b8012f0742defa0021','1','Measurement Start Date','80','1.11','N/A',NULL,'2','8a4d8f812f0722b8012f0742dd56001c','22','1','60',NULL),
 ('8a4d8f812f0722b8012f0742df490023','1','Measurement End Date','80','1.12','N/A',NULL,'2','8a4d8f812f0722b8012f0742dd56001c','22','1','60',NULL),
 ('8a4d8f812f0722b8012f074576070028','1','Measurement Period','80','1.13','N/A',NULL,'2','8a4d8f812f0722b8012f074574a50025','22','1','60',NULL),
 ('8a4d8f812f0722b8012f07457627002a','1','Measurement Start Date','80','1.14','N/A',NULL,'2','8a4d8f812f0722b8012f074574a50025','22','1','60',NULL),
 ('8a4d8f812f0722b8012f0745765d002c','1','Measurement End Date','80','1.15','N/A',NULL,'2','8a4d8f812f0722b8012f074574a50025','22','1','60',NULL),
 ('8a4d8f812f4ef0e7012f4fd6ecca0017','1','Measurement Period','80','1.16','N/A',NULL,'2','8a4d8f812f4ef0e7012f4fd6ea120014','22','1','60',NULL),
 ('8a4d8f812f4ef0e7012f4fd6ed900019','1','Measurement Start Date','80','1.17','N/A',NULL,'2','8a4d8f812f4ef0e7012f4fd6ea120014','22','1','60',NULL),
 ('8a4d8f812f4ef0e7012f4fd6ee12001b','1','Measurement End Date','80','1.18','N/A',NULL,'2','8a4d8f812f4ef0e7012f4fd6ea120014','22','1','60',NULL),
 ('8a4d8f812f9273c6012f932582a40103','1','Measurement Period','80','1.19','N/A',NULL,'2','8a4d8f812f9273c6012f932580180100','22','1','60',NULL),
 ('8a4d8f812f9273c6012f932582b60105','1','Measurement Start Date','80','1.20','N/A',NULL,'2','8a4d8f812f9273c6012f932580180100','22','1','60',NULL),
 ('8a4d8f812f9273c6012f932582c60107','1','Measurement End Date','80','1.21','N/A',NULL,'2','8a4d8f812f9273c6012f932580180100','22','1','60',NULL),
 ('8a4d8f812f932a46012f9377126300b4','1','Measurement Period','80','1.22','N/A',NULL,'2','8a4d8f812f932a46012f937710a700b1','22','1','60',NULL),
 ('8a4d8f812f932a46012f9377127e00b6','1','Measurement Start Date','80','1.23','N/A',NULL,'2','8a4d8f812f932a46012f937710a700b1','22','1','60',NULL),
 ('8a4d8f812f932a46012f9377129200b8','1','Measurement End Date','80','1.24','N/A',NULL,'2','8a4d8f812f932a46012f937710a700b1','22','1','60',NULL),
 ('8a4d8f812f932a46012f937986b800bd','1','Measurement Period','80','1.25','N/A',NULL,'2','8a4d8f812f932a46012f9379856e00ba','22','1','60',NULL),
 ('8a4d8f812f932a46012f937986cc00bf','1','Measurement Start Date','80','1.26','N/A',NULL,'2','8a4d8f812f932a46012f9379856e00ba','22','1','60',NULL),
 ('8a4d8f812f932a46012f937986f000c1','1','Measurement End Date','80','1.27','N/A',NULL,'2','8a4d8f812f932a46012f9379856e00ba','22','1','60',NULL),
 ('8a4d8f812f932a46012f937c6ad700c6','1','Measurement Period','80','1.28','N/A',NULL,'2','8a4d8f812f932a46012f937c698200c3','22','1','60',NULL),
 ('8a4d8f812f932a46012f937c6aff00c8','1','Measurement Start Date','80','1.29','N/A',NULL,'2','8a4d8f812f932a46012f937c698200c3','22','1','60',NULL),
 ('8a4d8f812f932a46012f937c6b1100ca','1','Measurement End Date','80','1.30','N/A',NULL,'2','8a4d8f812f932a46012f937c698200c3','22','1','60',NULL);

INSERT INTO `AUDIT_LOG` (`AUDIT_LOG_ID`,`CREATE_DATE`,`CREATE_USER`,`UPDATE_DATE`,`UPDATE_USER`,`ACTIVITY_TYPE`,`MEASURE_ID`,`LIST_OBJECT_ID`,`CLAUSE_ID`,`QDM_ID`) VALUES 
 ('8a4d8f812f0722b8012f073dea3c0005','2011-03-30 09:49:48','Admin',NULL,NULL,'Insert',NULL,'8a4d8f812f0722b8012f073dea320004',NULL,NULL),
 ('8a4d8f812f0722b8012f073dea630007','2011-03-30 09:49:48','Admin',NULL,NULL,'Insert',NULL,'8a4d8f812f0722b8012f073dea600006',NULL,NULL),
 ('8a4d8f812f0722b8012f073dec450009','2011-03-30 09:49:49','Admin',NULL,NULL,'Insert',NULL,'8a4d8f812f0722b8012f073dec3e0008',NULL,NULL),
 ('8a4d8f812f0722b8012f074151d2000e','2011-03-30 09:53:31','Admin',NULL,NULL,'Insert',NULL,'8a4d8f812f0722b8012f074151cf000d',NULL,NULL),
 ('8a4d8f812f0722b8012f074151ea0010','2011-03-30 09:53:32','Admin',NULL,NULL,'Insert',NULL,'8a4d8f812f0722b8012f074151e7000f',NULL,NULL),
 ('8a4d8f812f0722b8012f074152080012','2011-03-30 09:53:32','Admin',NULL,NULL,'Insert',NULL,'8a4d8f812f0722b8012f074152040011',NULL,NULL),
 ('8a4d8f812f0722b8012f0742311a0017','2011-03-30 09:54:29','Admin',NULL,NULL,'Insert',NULL,'8a4d8f812f0722b8012f074231120016',NULL,NULL),
 ('8a4d8f812f0722b8012f0742315c0019','2011-03-30 09:54:29','Admin',NULL,NULL,'Insert',NULL,'8a4d8f812f0722b8012f074231580018',NULL,NULL),
 ('8a4d8f812f0722b8012f0742317c001b','2011-03-30 09:54:29','Admin',NULL,NULL,'Insert',NULL,'8a4d8f812f0722b8012f07423178001a',NULL,NULL),
 ('8a4d8f812f0722b8012f0742ded80020','2011-03-30 09:55:13','Admin',NULL,NULL,'Insert',NULL,'8a4d8f812f0722b8012f0742ded4001f',NULL,NULL),
 ('8a4d8f812f0722b8012f0742defe0022','2011-03-30 09:55:13','Admin',NULL,NULL,'Insert',NULL,'8a4d8f812f0722b8012f0742defa0021',NULL,NULL),
 ('8a4d8f812f0722b8012f0742df4e0024','2011-03-30 09:55:13','Admin',NULL,NULL,'Insert',NULL,'8a4d8f812f0722b8012f0742df490023',NULL,NULL),
 ('8a4d8f812f0722b8012f0745760b0029','2011-03-30 09:58:03','Admin',NULL,NULL,'Insert',NULL,'8a4d8f812f0722b8012f074576070028',NULL,NULL),
 ('8a4d8f812f0722b8012f0745762b002b','2011-03-30 09:58:03','Admin',NULL,NULL,'Insert',NULL,'8a4d8f812f0722b8012f07457627002a',NULL,NULL),
 ('8a4d8f812f0722b8012f07457663002d','2011-03-30 09:58:03','Admin',NULL,NULL,'Insert',NULL,'8a4d8f812f0722b8012f0745765d002c',NULL,NULL),
 ('8a4d8f812f9273c6012f932582a80104','2011-04-26 13:49:59','8a4d8f812f0722b8012f07415036000a',NULL,NULL,'Insert',NULL,'8a4d8f812f9273c6012f932582a40103',NULL,NULL),
 ('8a4d8f812f9273c6012f932582b80106','2011-04-26 13:49:59','8a4d8f812f0722b8012f07415036000a',NULL,NULL,'Insert',NULL,'8a4d8f812f9273c6012f932582b60105',NULL,NULL),
 ('8a4d8f812f9273c6012f932582c80108','2011-04-26 13:49:59','8a4d8f812f0722b8012f07415036000a',NULL,NULL,'Insert',NULL,'8a4d8f812f9273c6012f932582c60107',NULL,NULL),
 ('8a4d8f812f932a46012f9377126a00b5','2011-04-26 15:19:04','8a4d8f812f9273c6012f932580180100',NULL,NULL,'Insert',NULL,'8a4d8f812f932a46012f9377126300b4',NULL,NULL),
 ('8a4d8f812f932a46012f9377128000b7','2011-04-26 15:19:04','8a4d8f812f9273c6012f932580180100',NULL,NULL,'Insert',NULL,'8a4d8f812f932a46012f9377127e00b6',NULL,NULL),
 ('8a4d8f812f932a46012f9377129400b9','2011-04-26 15:19:04','8a4d8f812f9273c6012f932580180100',NULL,NULL,'Insert',NULL,'8a4d8f812f932a46012f9377129200b8',NULL,NULL),
 ('8a4d8f812f932a46012f937986bb00be','2011-04-26 15:21:45','8a4d8f812f9273c6012f932580180100',NULL,NULL,'Insert',NULL,'8a4d8f812f932a46012f937986b800bd',NULL,NULL),
 ('8a4d8f812f932a46012f937986ce00c0','2011-04-26 15:21:45','8a4d8f812f9273c6012f932580180100',NULL,NULL,'Insert',NULL,'8a4d8f812f932a46012f937986cc00bf',NULL,NULL),
 ('8a4d8f812f932a46012f937986f200c2','2011-04-26 15:21:45','8a4d8f812f9273c6012f932580180100',NULL,NULL,'Insert',NULL,'8a4d8f812f932a46012f937986f000c1',NULL,NULL),
 ('8a4d8f812f932a46012f937c6ae900c7','2011-04-26 15:24:55','8a4d8f812f9273c6012f932580180100',NULL,NULL,'Insert',NULL,'8a4d8f812f932a46012f937c6ad700c6',NULL,NULL),
 ('8a4d8f812f932a46012f937c6b0000c9','2011-04-26 15:24:55','8a4d8f812f9273c6012f932580180100',NULL,NULL,'Insert',NULL,'8a4d8f812f932a46012f937c6aff00c8',NULL,NULL),
 ('8a4d8f812f932a46012f937c6b1200cb','2011-04-26 15:24:55','8a4d8f812f9273c6012f932580180100',NULL,NULL,'Insert',NULL,'8a4d8f812f932a46012f937c6b1100ca',NULL,NULL);
 